html_filename,image1,image2,product_title,short_description,price,label,description2,image3,image4,Product,Model,Category,Storage_Capacity,Connector-type,Readspeed,Write Speed,Interface,Transfer Rate,Flash memory,Dimensions,Power_Consumption,Brand,Color,Capacity,Warranty,Show_countdown,Product Type,Product Material,Dimension,Output Interface,Transmission Rate,Supported System,Series,Total Capacity,Max Read Speed,Max Write Speed,Weight,Material,Operating Temperature,Supporting Platforms,Connector Type,Hard Disk Form Factor,
adata-hv620-usb-3-0-stylish-and-sleek-external-hard-drive.html,https://www.neostore.com.np/assets/uploads/uploads/2021/04/2-final.jpg,https://www.neostore.com.np/assets/uploads/uploads/2021/04/2-final.jpg,Adata HV620 USB 3.0 Stylish And Sleek External Hard Drive,"The ultra-portable hard drive HV620S packs up to 2TB of external storage in a drive that’s only 11.5mm thick. The design also shines with a mirror-like gloss, simple but elegant and fitting for dependable, go-anywhere storage that runs via fast USB 3.2 Gen 1. For all your content and with nearly universal device compatibility, the ADATA HV620S 1TB/2TB External Hard Drive embodies smart design that increases capacity and performance while reducing physical space requirements.","Current Price: Rs., Original Price: Rs.",,"Even Slimmer Design The HV620S takes the proven performance and reliability of our existing 2.5” external hard drives and re-defines them. At only 11.5mm in profile, it’s super-slim for sleek elegance and superior portability, fitting easily in any briefcase or backpack. From meeting rooms to treks in nature, the HV620S never gets in the way and always adds a touch of data-api to your storage. Scratch-Prevention Design A raised lip on the edge of the drive protects the surface from scratching when the drive is laid flat. Sleek and Glossy The sleek lines and reflective, smooth surface of the HV620S highlights its thin and elegant overall appearance. It is ideal for those who wish to maintain an aura of professionalism, or show off their technical savvy. LED Indicator Shows Transfer Status A bright blue LED lets you know when data is being read from or written to the HV620S. This helps prevent disconnection during read/write operations.",,,,,,,,,,,,,,,,,,,,,,,,,,,,,,,,,,,,
apacer-128gb-ah350-usb-3-2-gen-1-flash-drive.html,https://www.neostore.com.np/assets/uploads/ah350.jpg,https://www.neostore.com.np/assets/uploads/ah350_3.jpg,Apacer 128GB AH350 USB 3.2 Gen 1 Flash Drive,Ultra-large capacity up to 128GB USB 3.2 Gen 1 & USB 2.0 compatible Hidden side push key Compact & streamlined design,"Current Price: Rs.1,800, Original Price: Rs.",,"  USB 3.2 Gen 1 & USB 2.0 Compatible AH350 features easy plug-and-play capability and is compatible with USB 3.2 Gen 1 and USB 2.0 interfaces.  Hidden Side Push Key The exclusive hidden side push key of AH350 allows your thumb and palm to fit perfectly the flash drive when you're holding it. Without worrying about losing a cap, the AH350 balances aesthetic design and ergonomics.  Compact & Streamlined Design AH350 is a most lightweight USB 3.2 Gen 1 flash drive with the highest cost performance available in the market. AH350 fully demonstrates Apacer's aspiration for Super Speed in an elegant and a sophisticated fashion from both its transfer rate and streamlined casing. To show the beauty and strength of speed in its design, AH350 takes inspirations from top racing cars and is deliberately made in a contrast of glossy black and matte white to highlight its streamlined appearance.",https://www.neostore.com.np/assets/uploads/ah350_2.jpg,https://www.neostore.com.np/assets/uploads/ah350.jpg,Apacer,AH350,Pendrive,128GB,USB 3.2 Gen 1,,,,,,,,,,,,,,,,,,,,,,,,,,,,,
apacer-16gb-ah357-usb-3-2-gen-1-flash-drive.html,https://www.neostore.com.np/assets/uploads/AH357_2.jpg,https://www.neostore.com.np/assets/uploads/AH357.jpg,Apacer 16GB AH357 USB 3.2 Gen 1 Flash Drive,Sunshine and livelihood vivid color USB 3.2 Gen 1 super speed transmission Swivel cap design Ergonomic non-slip surface,"Current Price: Rs.700, Original Price: Rs.",,"  Play with Vivid Colors Ocean Blue AH357 & Meadow Green AH335 represent sunshine and livelihood along with snow-white swivel body, displaying bright and colorful vitality.  Strap Hole Design The hidden strap hole allows the use of personalized charms, making it easy to carry while displaying unique personal taste.  USB 3.2 Gen 1 Super Speed Transmission AH357 uses USB 3.2 Gen1 high-speed interface, increasing work efficiency and reducing waiting times. AH335 used USB 2.0 interface and has the widest compatibility, making it the best digital accessory.",https://www.neostore.com.np/assets/uploads/AH357_2.jpg,https://www.neostore.com.np/assets/uploads/AH357.jpg,Apacer,AH357,Pendrive,16GB,USB 3.2 Gen 1,,,,,,,,,,,,,,,,,,,,,,,,,,,,,
apacer-2-0-16gb-pendrive-ah128-ah129.html,https://www.neostore.com.np/assets/uploads/apacer_24.jpg,https://www.neostore.com.np/assets/uploads/apacer4.jpg,"Apacer 2.0 16GB Pendrive  AH128,AH129",16GB Pendrive Stylish yet portable,"Current Price: Rs.1,000, Original Price: Rs.",,"Storage capacity extension Extends storage capacity for devices with the USB interface. Stable and quick transmission Copies and transfers file fast and stably. High file compatibility Supports files of various formats. Plug and play Plugs the drive to operate, no network or data cable is required. Slim and portable Small in size, easy to carry.",https://www.neostore.com.np/assets/uploads/apacer_32.jpg,https://www.neostore.com.np/assets/uploads/apacer_24.jpg,Apacer,"AH128,AH129",Pendrive,16GB,USB 2.0,,,,,,,,,,,,,,,,,,,,,,,,,,,,,
apacer-256gb-ah25b-usb-3-2-gen-1-flash-drive.html,https://www.neostore.com.np/assets/uploads/AH25B_3.jpg,https://www.neostore.com.np/assets/uploads/AH25B_.jpg,Apacer 256GB AH25B USB 3.2 Gen 1 Flash Drive,Compact with a dual-color mix and match Portable and fashionable Ultra-High 256GB capacity The low-keyed fine art of metalworking techniques,"Current Price: Rs.3,300, Original Price: Rs.",,"  Unique contrast design With a unique Contrast Design approach, Apacer's design team combines the matte metal shell with a translucent cover to form a dual sight and touch contrast, add more aesthetic gradations with joyfulness when using the products.  Portable and fashionable In addition to ultra-light touch, the smooth matte body is anti-drop and wear proof so that the user doesn’t worry about getting fingerprint marks on it.  High 16GB capacity Available in 16GB, 32GB, 64GB, 128GB, and 256GB. AH25B allows carrying mass data for portable applications and realizing a digital life of unrestricted mobility!  Dual-color mix and match The Sunrise Red AH25B USB 3.2 Gen 1 shows the high contrast of red and black highlights the unique passionate nature of the product. Also, the Deep Valley Black AH25B USB 3.2 Gen 1 reflects the cool and professional image of the user with a mysterious black matte body. The strong distinction manifests the theme of Contrast Design and brings more selectable styles for the user.",https://www.neostore.com.np/assets/uploads/AH25B_2.jpg,https://www.neostore.com.np/assets/uploads/AH25B_3.jpg,Apacer,AH25B,Pendrive,256GB,USB 3.2 Gen 1,,,,,,,,,,,,,,,,,,,,,,,,,,,,,
apacer-256gb-ssd-as350.html,https://www.neostore.com.np/assets/uploads/as350_2.jpg,https://www.neostore.com.np/assets/uploads/as350.jpg,Apacer 256GB SSD AS350,Read performance up to 5600MB/s Write Performance up to 5400MB/s Interface SATA III 6Gb/s Capacity 256GB,"Current Price: Rs.3,300, Original Price: Rs.",,"ENJOY THE DECENT READING SPEED AS350 operates at SATA III interface with a sequential read and write speed of up to 540MB/s, making it a perfect companion for budding gamers on a budget. EFFECTIVELY ELIMINATES POWER CONSUMPTION Operates with low power, 95% less than conventional computer hard drives. OPTIMIZED DURABILITY AND EXCELLENT PERFORMANCE AT HIGH STABILITY AS350 has an extended life with improved operation stability, maintaining the performance highly efficiency even after long-term usage.",https://www.neostore.com.np/assets/uploads/as350_2.jpg,https://www.neostore.com.np/assets/uploads/as350.jpg,Apacer,AS350,SSD,256GB,,Up to 560 MB/s,Up to 540 MB/s,SATA III 6Gb/s,n/a,3D NAND,(L)100 x (W)69.9 x (H)7mm,n/a,,,,,,,,,,,,,,,,,,,,,,
apacer-3-2-gen-1-shockproof-portable-hard-drive-ac532-.html,https://www.neostore.com.np/assets/uploads/apacer_31.jpg,https://www.neostore.com.np/assets/uploads/apacer1.jpg,Apacer 3.2 Gen 1 Shockproof Portable Hard Drive AC532,USB 3.2 gen1 fast interface Shockproof and durable 1TB/2TB Storage Capacity,"Current Price: Rs., Original Price: Rs.",,"Internal Suspension Structure for External Forces The advanced anti vibration internal suspension structure forms a buffer against external forces and reduces the impact from accidental drops or movements when accessing data. 1-Meter Shockproof Protection AC532 is test proven to resist falls of 1-meter height. The solid protection of data makes AC532 an excellent choice for portable storage! Anti-Slip Design The four corners of AC532 are covered with rough texture patterns, and the thoughtful anti-slip design on two sides not only makes it easy to hold and carry but also avoids accidental falls. Classic Colors Featuring a smooth mirror surface, AC532 shows a concise and neat style. While the back and the edge of AC532 are covered with matte black and white, making the mirror body more shining. Passed 10K Times Plug/Unplug Test AC532 has passed 10,000 times plug/unplug test. Also, it is compliant with international standards such as CE, FCC, RCM, and BSMI, providing safety guarantees for users. Large Capacity of 2TB AC532 can store half a million songs, one million digital pictures, or 833 hours of Full HD video. Quick backup / Easy synchronization Apacer’s portable hard drive with Apacer Data Manager software provides safe and convenient storage. Increasing your work efficiency effectively, use one-way/two-way synchronization and backup of important personal files to make digital storage life easier!",https://www.neostore.com.np/assets/uploads/apacer_21.jpg,https://www.neostore.com.np/assets/uploads/apacer_31.jpg,Apacer 3.2 Gen 1 Shockproof Portable Hard Drive AC532,,Hard Disk,,,,,,,,,,Apacer,Black,1TB | 2TB,1 Year,,,,,,,,,,,,,,,,,,
apacer-32gb-ah790-usb-3-1-gen1-lightning-dual-flash-drive.html,https://www.neostore.com.np/assets/uploads/AH790_3.jpg,https://www.neostore.com.np/assets/uploads/AH790_2.jpg,Apacer 32GB AH790 Usb 3.1 Gen1 & Lightning Dual Flash Drive,"above, Linux 2.6.X or above, iOS 8.0 or above (iPhone & iPad), iPhone?iPhone 7, iPhone SE, iPhone 6S, iPhone 6S Plus, iPhone 6, iPhone 6 Plus, iPhone 5S, iPhone 5C, iPhone 5, iPad?iPad(4th generation), iPad Pro, iPad Air2, iPad Air, iPad mini4, iPad mini3, iPad mini2, iPad mini.  Capacity: 32GB Supported systems: Windows 10/8.1/8/7, Mac OS 10.6.X or","Current Price: Rs.3,800, Original Price: Rs.",,"IPHONE & IPAD MEMORY TOO FULL? Did you ever have to hold back from filming, taking a photo, or enjoying video entertainment on your device, because of insufficient memory? EASY FILE SHARING WITH DUAL INTERFACE AH790 is equipped with Apple Lightning and USB 3.1 Gen 1 Type-A dual interface, allowing prompt and simple data transfers between iOS devices and PCs.
The Lightning connector is built extra long to ensure no covers ever had to be removed off a phone during insertion. ZINC ALLOY AESTHETICS Handsomely encased in zinc alloy, AH790 even has the flexibility to be added with your favorite accessory for a personalized look. 360-DEGREE SWIVEL CAP DESIGN The 360-degree swivel cap is designed to pause at four directions to make the spin more precise, always keeping the Lightning connector protected when not in use. APPLE MFI CERTIFIED: A PROMISE OF QUALITY Certified by Apple MFi, AH790 functions with a superb quality. Users can rest assured and enjoy their digital life with iOS products. EASY FILE MANAGEMENT WITH IFILEBRIDGE APP Apacer iFileBridge is an exclusive app that offers a simple, user-friendly interface to make video plays, data backup, and file sharing as easy as a few finger movements. EASY ONE-TOUCH BACKUP FEATURE AH790 is built to overcome memory limitations in Apple products. The “One-touch backup” function can duplicate data from device to AH790, releasing your phone’s memory space.",https://www.neostore.com.np/assets/uploads/AH790.jpg,https://www.neostore.com.np/assets/uploads/AH790_3.jpg,Apacer,AH357,Pendrive,32GB,USB 3.2 Gen 1,,,,,,,,,,,,,,,,,,,,,,,,,,,,,
apacer-64gb-usb-3-1-gen-1-pendrive.html,https://www.neostore.com.np/assets/uploads/uploads/2020/08/114.jpg,https://www.neostore.com.np/assets/uploads/uploads/2020/08/114.jpg,Apacer 64GB USB 3.1 Gen 1 Pendrive,Efficient Transfer Rate The AH353 USB 3.1 Gen 1 has efficient transfer rate which is 10 times faster than traditional USB 2.0. The result is that you stay on the cutting edge of technology.,"Current Price: Rs.2,660, Original Price: Rs.",,"Light Weight and Slim Aluminum Alloy Casing AH353 adopts aluminum alloy materials, which create a unique and exquisite metallic appearance showcasing the high-tech element. The engraved lines on the body reflect the nature of high-speed, trimmed with arc design to enhance the texture and enrich its light and shadow changes. A lost-proof Pen Cap Design The Pen Cap Design allows the cap to be tucked in the back of the casing to prevent accidental loss. Strap Hole Makes it Easy to be Attached With the strap hole at the end of the flash drive, users can freely attach straps or a key chain to show their personal style.",,,,,,,,,,,,,,,,,64 GB,1 Year Warranty,Yes,,,,,,,,,,,,,,,,,
apacer-ac633-military-grade-shockproof-portable-hard-drive.html,https://www.neostore.com.np/assets/uploads/apacer2.jpg,https://www.neostore.com.np/assets/uploads/apacer_22.jpg,Apacer AC633 Military-Grade Shockproof Portable Hard Drive,Military-Grade Shockproof HDD IP55 Certified for Dustproof and Waterproof Functions USB 3.2 Gen 1 Connectivity 1TB and 2TB Storage Options,"Current Price: Rs., Original Price: Rs.",,"Internal Suspension Structure for External Forces The unique internal suspension structure can reduce vibrations while minimizing the impacts caused by accidental movements. Military-Grade Shockproof Protection AC633 has passed MIL-STD-810G 516.6 Procedure IV (Transit Drop Test), meaning no data is corrupted when it is dropped from a height of 1.22 meters. IP55 Certified for Dustproof and Waterproof Functions With thorough rubber coverage at the exterior, AC633 can withstand spraying water and dust. No matter encountered rain or dust, it can easily handle these situations.. Passed 10K Times Plug/Unplug Test AC633 adopts a durable USB Type-A female connector which has passed the 10,000 times plug/unplug test, providing safety guarantee for users. USB 3.2 Gen 1 High Speed Interface AC633 has a transmission speed up to 5Gbps to back up a great deal of audio and video files and reduce the transfer time. Up to 2TB Capacity The large capacity models of AC633 offer up to 2TB storage, for your massive storage demand, such as carrying large files, watching HD movies, or browsing photo collections on the go. Quick backup / Easy synchronization Apacer’s portable hard drive with Apacer Data Manager software provides safe and convenient storage. Increasing your work efficiency effectively, use one-way/two-way synchronization and backup of important personal files to make digital storage life easier!",https://www.neostore.com.np/assets/uploads/apacer2.jpg,https://www.neostore.com.np/assets/uploads/apacer_22.jpg,Apacer AC633 Military-Grade Shockproof Portable Hard Drive,,Hard Disk,,,,,,,,,,Apacer,Black,"1TB, 2TB",1 Year,,,,,,,,,,,,,,,,,,
apacer-ah-179-usb-3-2-gen-1-otg-pendrive.html,https://www.neostore.com.np/assets/uploads/apacer_3.jpg,https://www.neostore.com.np/assets/uploads/apacer_2.jpg,Apacer AH-179 USB 3.2 Gen 1 OTG Pendrive,2-in-1 Super Speed dual interface USB flash Drive with a Micro USB Mini and portable 16 and 32 GB Storage option,"Current Price: Rs., Original Price: Rs.",,"Dual Interface The Apacer AH179 is a SuperSpeed dual-interface USB flash drive with a Micro USB connector on one end and a USB 3.2 Gen 1 connector on the other. The AH179 is the greatest solution for file exchanges between personal computers and OTG-enabled mobile devices because it is equipped with USB 3.2 Gen 1 at a stunning 5Gbps speed. SuperSpeed Transmission If your phone is continuously overloaded or requires a huge volume of video, image, or music files, use the highly compatible AH179 OTG store and transmit data between your personal items at rapid speed, freeing up storage capacity. 360° Swivel Cap The exquisitely casted silver metal casing of AH179 OTG offers a superb touch in a sleek appearance.  A navy blue cap extends from the already-compact size to turn at 360-degree, always keeping one end covered and never detached. OTG Function AH179 is compatible with OTG-enabled mobile devices running on Android 4.1.X or more. An exclusive Apacer FileBridge app manages files in mobile devices and the memory cards and works to copy and share files  within only a few finger movements. Memory Expansion Available in 16GB, and 32GB, AH179 is the perfect bridge to your PC, laptop and mobile devices that impeccably expands storage capacity and exchanges files.",https://www.neostore.com.np/assets/uploads/apacer.jpg,https://www.neostore.com.np/assets/uploads/apacer_3.jpg,PNY,Attache-R,Pendrive,"16GB, 32GB",USB 3.2,,,,,,,,,,,,,,,,,,,,,,,,,,,,,
apacer-ah353-usb-3-0-pendrive-32gb-.html,https://www.neostore.com.np/assets/uploads/apacer5.jpg,https://www.neostore.com.np/assets/uploads/apacer_25.jpg,Apacer AH353 USB 3.0 Pendrive 32GB,Apacer Model AH353 32GB Pendrive Stylish yet portable,"Current Price: Rs.750, Original Price: Rs.",,"Efficient Transfer Rate The AH353 USB 3.1 Gen 1 has an efficient transfer rate which is 10 times faster than traditional USB 2.0. The result is that you stay on the cutting edge of technology. Light Weight and Slim Aluminum Alloy Casing AH353 adopts aluminum alloy materials, which create a unique and exquisite metallic appearance showcasing the high-tech element. The engraved lines on the body reflect the nature of high-speed, trimmed with arc design to enhance the texture and enrich its light and shadow changes. A lost-proof Pen Cap Design The Pen Cap Design allows the cap to be tucked in the back of the casing to prevent accidental loss. Strap Hole Makes it Easy to be Attached With the strap hole at the end of the flash drive, users can freely attach straps or a key chain to show their personal style.",https://www.neostore.com.np/assets/uploads/apacer_33.jpg,https://www.neostore.com.np/assets/uploads/apacer5.jpg,Apacer,AH353,Pendrive,32GB,USB 2.0,,,,,,,,,,,,,,,,,,,,,,,,,,,,,
apacer-hard-disk-usb-4tb-ac-236.html,https://www.neostore.com.np/assets/uploads/uploads/2021/01/Apacer-Hard-Disk-USB-4TB-AC-236.jpg,https://www.neostore.com.np/assets/uploads/uploads/2021/01/Apacer-Hard-Disk-USB-4TB-AC-236b.jpg,Apacer Hard Disk USB 4TB AC-236,"AC236 has a built-in smart power management feature that will automatically switch to power-saving mode if data transmission stops for 10 minutes or more, effectively prolonging the lifespan of the HDD. Passing the rigorous 10,000 times plug/unplug test, the premium-quality USB Type-A female connector remains compact even in long-term use, ensuring stable data reading and transmission.","Current Price: Rs.20,500, Original Price: Rs.",,"Colorful Choices AC236 USB 3.2 Gen 1 portable hard drive is the brand new colorful design from Apacer. It offers four colors and various capacities for every style and storage demand. 139.5g Featherlight & Ultra Slim Design The featherlight AC236 only weighs 139.5g with storage capacity of 1TB and 2TB. It’s ultra-slim and extreme portable. 10.8mm Pocket-sized Portable Hard Drive With a thickness of only 10.8 mm, it fits easily in the pocket and becomes the light portable storage partner. Up to 5TB Capacity The large capacity models of AC236 offer up to 5TB storage, for your massive storage demand, such as carrying large files, watching HD movies, or browsing photo collections on the go. Passed 10K Times Plug/Unplug Test Passing the rigorous 10,000 times plug/unplug test, the premium-quality USB Type-A female connector remains compact even in long-term use, ensuring stable data reading and transmission. Smart Power Management to Prolong the Lifespan AC236 has a built-in smart power management feature that will automatically switch to power-saving mode if data transmission stops for 10 minutes or more, effectively prolonging the lifespan of the HDD. Apacer’s portable hard drive with Apacer Data Manager software provides safe and convenient storage. Increasing your work efficiency effectively, use one-way/two-way synchronization and backup of important personal files to make digital storage life easier.",https://www.neostore.com.np/assets/uploads/uploads/2021/01/Apacer-Hard-Disk-USB-4TB-AC-236.jpg,https://www.neostore.com.np/assets/uploads/uploads/2021/01/Apacer-Hard-Disk-USB-4TB-AC-236b.jpg,Apacer Hard Disk USB 4TB AC-236,,Hard Disk,,,,,,,,,,Apacer,Black,4TB,1 Year Warranty,,,,,,,,,,,,,,,,,,
apacer-military-grade-shockproof-portable-1tb-hard-drive-ac632-.html,https://www.neostore.com.np/assets/uploads/AC632_2.jpg,https://www.neostore.com.np/assets/uploads/AC632_.jpg,Apacer Military-Grade Shockproof Portable 1TB Hard Drive AC632,"Military-grade MIL-STD-810G 516.6 (1.2M Drop Test) compliance Pressure resistance up to 2100KG Anti-vibration protection with internal suspension structure The thinnest and lightest design in the industry Passed 10,000 times plug/unplug test","Current Price: Rs.9,800, Original Price: Rs.",," 2100KG Pressure Resistance AC632 aluminum alloy exterior is built to withstand up to 2100kg of weight. Not even a military armored fighting vehicle can cause any harm.  Internal Suspension Structure for External Forces The uniquely designed anti-vibration internal suspension structure can absorb shocks coming from all directions and reduce impacts caused by accidental movements during data access, effectively reducing the risk of hard drive damage and extending the product life.  Military-Grade Shockproof Protection Compliant with MIL-STD-810G 516.6 Procedure IV (Transit Drop Test), AC632 is able to withstand falls up to 1.2 meters in height, ensuring the stored data has the best of protection. *Accidental drops in the normal environment will not cause damage to data, per U.S. MIL-STD-810G 516.6 procedure IV (transit drop test). Gentle handling is strongly recommended to ensure normal use.  The Thinnest and Lightest Design The thickness of AC632 is only 17.3 mm, which is 30% thinner than other metallic military-grade portable hard drives. Also, AC632 is highly portable with its light weight at only 245g.  Anti-Fingerprint Design The matte finish surface and rounded corners make AC632 easy to grip without leaving fingerprints.  Durable USB Type-A Female Connector AC632 is equipped with a durable USB Type-A female connector that is test-proven to endure up to 10,000 times plug and unplug cycles.  Quick backup / Easy synchronization Apacer’s portable hard drive with Apacer Data Manager software provides safe and convenient storage. Increasing your work efficiency effectively, use one-way/two-way synchronization and backup of important personal files to make digital storage life easier!",https://www.neostore.com.np/assets/uploads/AC632_3.jpg,https://www.neostore.com.np/assets/uploads/AC632_2.jpg,Apacer Military-Grade Shockproof Portable Hard Drive AC632,,Portable Hard Disk,,,,,,,,,,Apacer,"Black,",1TB,1 Year,,,,,,,,,,,,,,,,,,
apacer-pendrive-16gb-usb-3-1-ah-190.html,https://www.neostore.com.np/assets/uploads/uploads/2021/01/Apacer-Pendrive-16GB-USB-3.1-AH-190.jpg,https://www.neostore.com.np/assets/uploads/uploads/2021/01/Apacer-Pendrive-16GB-USB-3.1-AH-190...jpg,Apacer Pendrive 16GB USB 3.1 AH-190,"No more memory limitation to stop you from taking photos or recording your wonderful moments during travels; have all the HD videos or sounds you want during long flights without interruption. AH190 is superbly built with excellent portability, quality, and safety that is far ahead of other products of the same grade.","Current Price: Rs.3,500, Original Price: Rs.",,,https://www.neostore.com.np/assets/uploads/uploads/2021/01/Apacer-Pendrive-16GB-USB-3.1-AH-190.jpg,https://www.neostore.com.np/assets/uploads/uploads/2021/01/Apacer-Pendrive-16GB-USB-3.1-AH-190...jpg,Apacer Pendrive 16GB USB 3.1 AH-190,,Pendrive,,,,,,,,,,Apacer,"Gold, Rose Gold",16GB,1 Year Warranty,,,,,,,,,,,,,,,,,,
apacer-pendrive-64gb-ah-353.html,https://www.neostore.com.np/assets/uploads/uploads/2021/01/Apacer-Pendrive-64GB-AH-353-a.jpg,https://www.neostore.com.np/assets/uploads/uploads/2021/01/Apacer-Pendrive-64GB-AH-353.jpg,Apacer Pendrive 64GB AH-353,The AH353 USB 3.0 Gen 1 has an efficient transfer rate which is 10 times faster than traditional USB 2.0. The result is that you stay on the cutting edge of technology. The Pen Cap Design allows the cap to be tucked in the back of the casing to prevent accidental loss.,"Current Price: Rs.1,200, Original Price: Rs.",,"Efficient Transfer Rate The AH353 USB 3.0 Gen 1 has an efficient transfer rate which is 10 times faster than traditional USB 2.0. The result is that you stay on the cutting edge of technology. Light Weight and Slim Aluminum Alloy Casing AH353 adopts aluminum alloy materials, which create a unique and exquisite metallic appearance showcasing the high-tech element. The engraved lines on the body reflect the nature of high-speed, trimmed with arc design to enhance the texture and enrich its light and shadow changes. A lost-proof Pen Cap Design The Pen Cap Design allows the cap to be tucked in the back of the casing to prevent accidental loss. Strap Hole Makes it Easy to be Attached With the strap hole at the end of the flash drive, users can freely attach straps or a keychain to show their personal style.",https://www.neostore.com.np/assets/uploads/uploads/2021/01/Apacer-Pendrive-64GB-AH-353-x.jpg,https://www.neostore.com.np/assets/uploads/uploads/2021/01/Apacer-Pendrive-64GB-AH-353-a.jpg,Apacer Pendrive 64GB AH-353,,Pendrive,,,,,,,,,,Apacer,"Black, White",64GB,1 Year Warranty,,,,,,,,,,,,,,,,,,
apacer-pendrive-ah-353-usb-3-0.html,https://www.neostore.com.np/assets/uploads/uploads/2020/08/113.jpg,https://www.neostore.com.np/assets/uploads/uploads/2020/08/113.jpg,Apacer Pendrive AH-353 USB 3.0,Efficient Transfer Rate The AH353 USB 3.0 Gen 1 has an efficient transfer rate that is 10 times faster than traditional USB 2.0. The result is that you stay on the cutting edge of technology.,"Current Price: Rs., Original Price: Rs.",,"Light Weight and Slim Aluminum Alloy Casing AH353 adopts aluminum alloy materials, which create a unique and exquisite metallic appearance showcasing the high-tech element. The engraved lines on the body reflect the nature of high speed, trimmed with an arc design to enhance the texture and enrich its light and shadow changes. A lost-proof Pen Cap Design The Pen Cap Design allows the cap to be tucked in the back of the casing to prevent accidental loss. Strap Hole Makes it Easy to be Attached With the strap hole at the end of the flash drive, users can freely attach straps or a key chain to show their personal style.",,,,,,,,,,,,,,,,,32GB | 64GB,1 Year Warranty,Yes,,,,,,,,,,,,,,,,,
apacer-usb-3-2-gen-1-4tb-portable-hard-drive-ac237.html,https://www.neostore.com.np/assets/uploads/ac237_2.jpg,https://www.neostore.com.np/assets/uploads/ac237_.jpg,Apacer USB 3.2 Gen 1 4TB Portable Hard Drive AC237,"Portable and stylish ultra-thin hard drive Colorful exteriors to match your lifestyle Large 4TB capacity: take all your data with you Dual-color LED light to identify current reading status USB Type-A female socket, passed 10,000-time plug/unplug test","Current Price: Rs.19,600, Original Price: Rs.",,"  Three Color Options: Which One is Your Style? The AC237 is offered in a selection of three vibrant colors: Garnet Red, Vibrant Blue, and Jet Black. This variety allows users to select their preferred color and match it with their accessories, creating a coordinated and personalized setup.  12.2mm Ultra-slim Portable Hard Drive The AC237 portable hard drive, with a thickness of only 12.2mm, is slimmer than you’d think. Slip it into a backpack or a pocket – you’ll barely even notice it’s there.  Large 4TB Capacity: Take All Your Data With You The understated, classic exterior covers a device that weighs just 250 grams. Yet storing a ton of large videos or high-res images is no problem at all for this drive.  Dual-color LED Light Shows Current Status The AC237 USB 3.2 Gen 1 portable hard drive is backwards compatible with the USB 2.0 standard interface. The dual-color LED lights show the USB 3.0 (blue) or USB 2.0 (red) transmission status respectively, clearly identifying the drive’s current mode of operation. Users can determine the status from a single glance.  Passed 10K Times Plug/Unplug Test AC237 adopts durable USB Type-A female connector which has passed the 10,000 times plug/unplug test, providing safety guarantee for users. ",https://www.neostore.com.np/assets/uploads/ac237_2.jpg,https://www.neostore.com.np/assets/uploads/ac237_.jpg,Apacer USB 3.2 Gen 1 Portable Hard Drive AC237,,Portable Hard Disk,,,,,,,,,,Apacer,"Black, Blue and Orange",4TB,3 Year,,,,,,,,,,,,,,,,,,
apacer-usb-3-2-type-c-pendrive-ah-180.html,https://www.neostore.com.np/assets/uploads/uploads/2021/01/Apacer-Pendrive-32GB-Ah-180-Type-Ca.jpg,https://www.neostore.com.np/assets/uploads/uploads/2021/01/Apacer-Pendrive-32GB-Ah-180-Type-C.jpg,Apacer USB 3.2 Type C Pendrive  Ah-180,"Apacer AH180 USB 3.2 Type-C Dual Flash Drive is a perfect choice for New Macbook and other new-generation Ultrabooks. Meanwhile, the product also supports OTG functions and can easily expand the capacities of compatible smartphones and tablet PCs. AH180 is inspired by the American superhero comics. The combination of shiny golden and red color demonstrates the flexible and robust heroic style. The super mini body in 3.2x1.2 cm is easy to carry.","Current Price: Rs., Original Price: Rs.",,"Dual-interfaces AH180 USB 3.2 Type-C Dual Flash Drive is a perfect choice for New Macbook and other new-generation Ultrabooks. Meanwhile, the product also supports OTG functions and can easily expand the capacities of compatible smart phones and tablet PCs. The other end of AH180 uses USB 3.2 Gen 1 Type-A interface and is backward compatible with computer devices having USB 2.0. The bandwidth is 10 times faster than USB 2.0, significantly reducing the waiting time. Reversible-plug Dual-use The greatest feature of Type-C front end is its reversible-plug, which eliminates the inconvenience caused by misplug and reduces slot damage by repeated plugging and unplugging, realizing plug-and-play. Memory Expansion AH180 comes in three capacities (16GB, 32GB and 64GB) which is compatible with Android 5.0-above mobile devices with OTG functions. OTG Function AH180 is compatible with Android 5.0-above mobile devices with OTG functions, and can be used with Apacer FileBridge mobile App exclusively provided by Apacer. Therefore, users can easily browse, share, edit and manage files on mobile devices and rapidly share files among different digital devices, enjoying convenient mobile sharing. 360° Swivel Cap Design 360-degree screw cover can protect not only the connector but also the cap from loss. With the integrated grommet, users can attach their mobile phone straps key chains or favorite straps with individual style. Distinct Style of American SuperHero Comics! AH180 is inspired by the American superhero comics. The combination of shiny golden and red color demonstrates the flexible and robust heroic style. The super mini body in 3.2x1.2 cm is easy to carry.",https://www.neostore.com.np/assets/uploads/uploads/2021/01/Apacer-Pendrive-32GB-Ah-180-Type-Cb.jpg,https://www.neostore.com.np/assets/uploads/uploads/2021/01/Apacer-Pendrive-32GB-Ah-180-Type-Ca.jpg,Apacer USB 3.2 Type C Pendrive  Ah-180,,Pendrive,,,,,,,,,,Apacer,Red,"16GB, 32GB & 64GB",1 Year Warranty,,,,,,,,,,,,,,,,,,
azek-consumer-series-2-5-inch-ssd-a100.html,https://www.neostore.com.np/assets/uploads/a100_2.jpg,https://www.neostore.com.np/assets/uploads/a100.jpg,AZEK Consumer Series 2.5 Inch SSD A100,"2.5 Inch Form Factor SATA III,  6Gb/s Interface Read: 550MB/s  Write: 500MB/s","Current Price: Rs., Original Price: Rs.",,"Give a performance boost to your existing Laptop or Desktop with AZEK A100 2.5″ SATA III (6G/s) solid-state drive (SSD). Easy to install and upgrade for faster boot-up, application loading time, and fast data transfer rate give your old computer a new life. Fast Transfer Speed Faster Startup, gives boost to the performance of your PC Easy To Install Fully electronic chips, no moving parts SATA3.0, 6Gb/s interface Better Stability Supporting Hotplug, Applicable for Laptops and Desktops Energy Efficient Build and tested to ensure performance, quality, compatibility, and reliability.",https://www.neostore.com.np/assets/uploads/a100_2.jpg,https://www.neostore.com.np/assets/uploads/a100.jpg,AZEK Consumer Series 2.5 Inch SSD A100,A100,SSD,"128GB, 256GB, 512GB and 1TB",,Up to 550 MB/s,Up to 500 MB/s,SATA III 6Gb/s,,3D NAND,69.9mm x 100.1mm x 7mm,,,,,3 Years,,,,,,,,,,,,,,,,,,
azek-pcie-nvme-m-2-internal-gaming-ssd-a1000.html,https://www.neostore.com.np/assets/uploads/176.jpg,https://www.neostore.com.np/assets/uploads/176.jpg,AZEK PCIe NVMe M.2 Internal Gaming SSD A1000,Easy to Install PCIe Gen 3.0 x 4 NVME m.2 2280 SSD Read Speed - 1800MB/s Write Speed - 600MB/s,"Current Price: Rs., Original Price: Rs.",,"AZEK A1000 Gaming SSD comes with 128GB up to 1TB of storage. Speed up your desktop/laptop to the par excellence with AZEK gaming M.2 Gaming SSDs. FAST TRANSFER SPEED Faster Startup, gives a boost to the performance of your PC EASY TO INSTALL Fully electronic chips, no moving parts SATA3.0, 6Gb/s interface BETTER STABILITY Supporting Hotplug, Applicable for Laptops and Desktops ENERGY EFFICIENT Build and tested to ensure performance, quality, compatibility, and reliability.",,,AZEK PCIe NVMe M.2 Internal Gaming SSD,A1000,SSD,"128GB, 256GB, 512GB and 1TB",,Up to 1800 MB/s,Up to 600 MB/s,M.2 PCIe NVMe,,3D NAND,n/a,,,,,5 Years,,,,,,,,,,,,,,,,,,
hiksemi-2-5-inch-hdd-ssd-enclosure.html,https://www.neostore.com.np/assets/uploads/HS-HUB-MHB201.jpg,https://www.neostore.com.np/assets/uploads/HS-HUB-MHB2013.jpg,Hiksemi 2.5 Inch HDD & SSD Enclosure,Product Code; HS-HUB-MHB201 (Type-B) & HS-HUB-MHC201 (Type-C) 1GB File Transferred in Only 3 Seconds  Support USB 3.0 (Type-B) & USB 3.1 (Type-C) Data Transfer Speed is up to 5Gbps~6Gbps Instant Wake Up When in Use,"Current Price: Rs., Original Price: Rs.",,,https://www.neostore.com.np/assets/uploads/HS-HUB-MHB201_2.jpg,https://www.neostore.com.np/assets/uploads/HS-HUB-MHB201.jpg,,HS-HUB-MHB201 & HS-HUB-MHC201,,,,,,,,,,,Hiksemi,Black,,1 Year,,Portable SSD/HDD Enclosure,ABS Plastic,126*81*14mm,USB 3.0 (Type-B) & USB 3.1 (Type-C),5Gbps/ 6Gbps,Windows / Mac OS/ Linux/ Android,,,,,,,,,,,
hiksemi-city-e100-consumer-m-2-ssd-hs-ssd-e100n.html,https://www.neostore.com.np/assets/uploads/E100N_hiksemi_3.jpg,https://www.neostore.com.np/assets/uploads/E100N_hiksemi_2.jpg,Hiksemi CITY E100 Consumer m.2 SSD HS-SSD-E100N,"CITY E100N M.2 SATA SSD, it's time to upgrade.  High Speed Up to 560MB/s Anti-Vibration Wide Compatibility","Current Price: Rs., Original Price: Rs.",,Hiksemi CITY E100 Consumer m.2 SSD HS-SSD-E100N ,https://www.neostore.com.np/assets/uploads/E100N_hiksemi.jpg,https://www.neostore.com.np/assets/uploads/E100N_hiksemi_3.jpg,,HS-SSD-E100N,,,,,,SATA III 6Gb/s,,,M.2 2280 (22 mm x 80 mm),,Hikvision,Black,,2 Year,,,,,,,,Hiksemi,128GB / 256GB / 512GB / 1024GB(1TB),550MB/s ~ 560MB/s,440MB/s ~ 510MB,7gr,PCB Plastic/ Copper.,0-70℃,,,,
hiksemi-city-e100-consumer-ssd-hs-ssd-e100.html,https://www.neostore.com.np/assets/uploads/HS-SSD-E100.jpg,https://www.neostore.com.np/assets/uploads/HS-SSD-E100_3.jpg,Hiksemi CITY E100 Consumer SSD HS-SSD-E100,"CITY E100 2.5'' SATA SSD, set your computer boot in seconds.   3D Stacking Technology Better Data Safety High Performance","Current Price: Rs., Original Price: Rs.",, High Speed R/W with SATA 3.0 Interface ,https://www.neostore.com.np/assets/uploads/HS-SSD-E100_2.jpg,https://www.neostore.com.np/assets/uploads/HS-SSD-E100.jpg,,HS-SSD-E100,,,,,,SATA III 6Gb/s,,,‎0.7 x 7 x 10 cm,,Hikvision,Black,,2 Year,,,,,,,,Hiksemi,128GB / 256GB / 512GB / 1024GB(1TB),550MB/s ~ 560MB/s,450MB/s ~ 500MB/s,36.8gr,ABS Plastic,0~70℃,Windows/Linux,,,
hiksemi-personal-protable-ssd-hs-essd-t200n.html,https://www.neostore.com.np/assets/uploads/HS-ESSD-T200N_3.jpg,https://www.neostore.com.np/assets/uploads/HS-ESSD-T200N_2.jpg,Hiksemi Personal Protable SSD HS-ESSD-T200N,"Capacity expansion for mobile phone - Enlarge the space of your android phone. Metal case less is more - It is made of aluminum alloy and has been elaborately carved in several processes. Higher-Speed Transmission - The maximum read speed is up to 450 MB/s, 4 times faster than mechanical hard disk. Shock-resistant and heat dissipation - Metal case greatly help disspating heat","Current Price: Rs., Original Price: Rs.",,"The T200N portable SSD is a versatile storage solution that expands the capacity of Android phones, Android tablets, PCs, and laptops through its USB 3.1 Type-C interface. It meets users' needs for long-term, high-capacity storage and is a favorite among individuals, designers, and video editors. Specifications ",https://www.neostore.com.np/assets/uploads/HS-ESSD-T200N.jpg,https://www.neostore.com.np/assets/uploads/HS-ESSD-T200N_3.jpg,,HS-ESSD-T200N,,,,,,USB 3.1 Type C,,,113mm*41mm*10mm,,Hikvision,Black,,2 Year,,,,,,,,Hiksemi,128GB / 256GB / 512GB / 1024GB(1TB),450MB/s,340MB/s ~ 400MB/s,75gr,Aluminium Alloy,0℃ ~ 45℃,Windows/Mac/Linux/Android,,,
hikvision-c100-consumer-class-2-5-sata-ssd.html,https://www.neostore.com.np/assets/uploads/uploads/2021/03/hikvision_0010_HIKVISION-C100.jpg,https://www.neostore.com.np/assets/uploads/uploads/2021/03/yoo_0002_hikvision_0020_c100.jpg,Hikvision C100 Consumer Class 2.5” SATA SSD,The C100 series internal SSD drive is developed from years of experience and expertise on storage technology and flash memory management. This product is specialized for optimization of computer operating systems and offers stable and fast data service by accelerating startup and performance.We have a 3d TLC NAND flash-based SSD with a custom controller. It performs pretty well for its price and competes with the other products in the same price.,"Current Price: Rs., Original Price: Rs.",,"High R/W Speed: SATA3.0 Read speed up to 560MB/s, Write speed up to 450MB/s. 3D NAND Technology: 3D NAND offers the potential for higher capacity, performance, and stability. Vibration Resistant Structure: Free of mechanical structure, electronic chip control for .better data safety Slim And Portable:  2.5-inch, 7 mm thick.",https://www.neostore.com.np/assets/uploads/uploads/2021/03/hikvision_0010_HIKVISION-C100.jpg,https://www.neostore.com.np/assets/uploads/uploads/2021/03/yoo_0002_hikvision_0020_c100.jpg,Hikvision,"C100 Consumer Class 2.5"" SATA",SSD,120Gb/240Gb/480Gb/960Gb/1920Gb,,550MB/s,450MB/s,SATA III / SATA II,6Gb/s / 3Gb/s,NAND 3D TLC,69.9 x 100.1 x 7 mm,1.67 W,,,,,,,,,,,,,,,,,,,,,,
hikvision-e100-consumer-class-2-5-sata-ssd.html,https://www.neostore.com.np/assets/uploads/uploads/2021/03/hikvision_0019_HIKVISION-E100-Copy-1.jpg,https://www.neostore.com.np/assets/uploads/uploads/2021/03/hikvision_0008_HIKVISION-E100-_2_-1.jpg,Hikvision E100 Consumer Class 2.5” SATA SSD,The E100 series solid state drive is developed from years of experience and expertise on storage technology and flash memory management. This product is specialized for optimization of computer operating systems and offers stable and fast data service by accelerating startup and performance.,"Current Price: Rs., Original Price: Rs.",,"High R/W speed: SATA 3.0,Read speed up to 560 MB/s, 3D NANDtechnology:3D NAND offers the potential for higher capacity, performance, and stability, Vibration resistant structure: Free of mechanical structure, electronic chip control for better data safety, Slim and portable: 2.5‐inch, 7 mm thick, ≤ 45 g, Typical Application: PC (notebook and desktop), Small‐size proxy server,",https://www.neostore.com.np/assets/uploads/uploads/2021/03/hikvision_0009_HIKVISION-E100-2.jpg,https://www.neostore.com.np/assets/uploads/uploads/2021/03/hikvision_0018_HIKVISION-E100-1.jpg,Hikvision,"E100 Consumer Class 25"" SATA",SSD,128Gb/256Gb/512Gb/1024Gb,,550MB/s,450MB/s,SATA III / SATA II,6Gb/s / 3Gb/s,NAND 3D TLC,70 x 100 x 7 mm,0.98 W,,,,,,,,,,,,,,,,,,,,,,
hikvision-e100n-m-2-sata-ssd.html,https://www.neostore.com.np/assets/uploads/uploads/2021/03/hikvision_0017_Hikvision-E100N-2.jpg,https://www.neostore.com.np/assets/uploads/uploads/2021/03/hikvision_0016_Hikvision-E100N-3.jpg,Hikvision E100N m.2 SATA SSD,"The E100N series consumer SSD is mounted with the M.2 interface. This product is specially designed for optimizing the computer operating systems and effectively improving the startup speed and operation efficiency of the systems. E100N series applies the 3D NAND flash memory that can effectively improve the write/read efficiency and data security, providing a stable and fast data service of the target system.","Current Price: Rs., Original Price: Rs.",,"High-speed read/write: Support M.2 interface and SATA III protocol and the read speed is up to 555MB/s. 3D NAND flash: 3D NAND flash optimizes the capacity, performance, and stability. Anti-vibration: Use the electronic chip control to replace the traditional mechanical structure and provide high data security. M.2 interface: Easy to integrate and install due to the lightweight and small size.",https://www.neostore.com.np/assets/uploads/uploads/2021/03/hikvision_0017_Hikvision-E100N-2.jpg,https://www.neostore.com.np/assets/uploads/uploads/2021/03/hikvision_0016_Hikvision-E100N-3.jpg,Hikvision,E100N,SSD,128Gb/256Gb/512Gb/1024Gb,,530MB/s,450MB/s,SATA III / SATA II,6Gb/s / 3Gb/s,NAND 3D TLC,100 x 100 x 100mm,2.51 W,,,,,,,,,,,,,,,,,,,,,,
hikvision-hikstorage-512gb-external-ssd-hs-essd-t100.html,https://www.neostore.com.np/assets/uploads/images.jpeg,https://www.neostore.com.np/assets/uploads/HS-ESSD-T100ISTD256GBBLACK-256GB.png,Hikvision Hikstorage 512GB External SSD HS-ESSD-T100,"Faster, Stronger and Fashion-Forward, A Better Choice for Mobile Data Storage","Current Price: Rs.7,900, Original Price: Rs.",,"Stylish mobile SSD in your pocket   Lightweight, portable, easy to carry A compact size at 68*68*11.2mm More space to store anything you want With 512GB SSD, you can store as many pictures, videos and audios as you like.. High-speed transmission; speed is all that matters USB3.0 Type C interface allows data transmission up to 450MB/s*
*Recorded during test using empty disk/USB3.0/ATTO, etc. Personalized design, minimalist appeal Featuring dual curved pearl white mirror surface, with a hanging hole, combining aesthetics with pragmatics Anti-vibration, durable and secure Built-in SSD, no moving parts, enhanced security Noiseless, minimal heat Low power consumption and minimal heat produced from flash memory chips; the only sound you'll hear comes from your own breathing.",https://www.neostore.com.np/assets/uploads/2-10.webp,https://www.neostore.com.np/assets/uploads/images.jpeg,Hikvision Hikstorage 512GB External SSD HS-ESSD-T100,,External SSD,,,,,,,,,,Hikvision,,512GB,1 Year,,,,,,,,,,,,,ABS + PP,,,USB,2.5 Inches,
hikvision-m200-usb-2-0-pendrive.html,https://www.neostore.com.np/assets/uploads/hikvision_pd.jpg,https://www.neostore.com.np/assets/uploads/hikvision_pd.jpg,Hikvision M200 USB 2.0 Pendrive,"M200 USB flash drive extends storage capacity for devices and realizes quick backup and storage for files. It provides Android devices and devices with the USB interface with a quick, stable and easy data transmission.","Current Price: Rs., Original Price: Rs.",,"Storage capacity extension Extends storage capacity for devices with the USB interface. Stable and quick transmission Copies and transfers file fast and stably. High file compatibility Supports files of various formats. Plug and play Plugs the drive to operate, no network or data cable is required. Slim and portable Small in size, easy to carry.",,,Hikvision,M200,Pendrive,"16GB, 32GB, 64GB, 128GB",USB 2.0,,,,,,,,,,,,,,,,,,,,,,,,,,,,,
hikvision-m200-usb-3-0-pendrive.html,https://www.neostore.com.np/assets/uploads/uploads/2021/03/hikvision_0007_hikvision-m200-.jpg,https://www.neostore.com.np/assets/uploads/uploads/2021/03/hikvision_0004_M200-3.0.jpg,Hikvision M200 USB 3.0 Pendrive,"M200 USB flash drive extends storage capacity for devices and realizes quick backup and storage for files. It provides Android devices and devices with the USB interface with a quick, stable and easy data transmission.","Current Price: Rs., Original Price: Rs.",,"Storage capacity extension: xtends storage capacity for devices with the USB interface. Stable and quick transmission: Copies and transfers files fast and stably. High file compatibility: Supports files of various formats. Plug and play: Plugs the drive to operate, no network or data cable is required. Slim and portable: Small in size, easy to carry.",https://www.neostore.com.np/assets/uploads/uploads/2021/03/hikvision_0007_hikvision-m200-.jpg,https://www.neostore.com.np/assets/uploads/uploads/2021/03/hikvision_0004_M200-3.0.jpg,Hikvision,M200,Pendrive,"16GB, 32GB, 64GB, 128GB",USB 3.0,,,,,,,,,,,,,,,,,,,,,,,,,,,,,
hikvision-pcie-e1000-nvme-ssd.html,https://www.neostore.com.np/assets/uploads/E1000.jpg,https://www.neostore.com.np/assets/uploads/E1000_1.jpg,Hikvision PCIe E1000 NVME SSD,"Hikvision SSD E1000 uses an M.2 interface, an innovative SSD control computing chip, and 3D NAND flash to boost R/W speed while also ensuring data security. It can be used on a personal computer or a small proxy server to provide a stable and fast service. It can also boost the performance of high-end gaming and 3D graphics editing.","Current Price: Rs., Original Price: Rs.",,"HIKVISION E1000 M.2 2280 PCIe Gen3x4 NVMe up to 2100MB/s read, 1800MB/s write
PCIe Gen3x4 NVMe –– The upgrade that puts in 3.5x the work
Upgrade to the HIKVISION E1000 to get 3.5x the speed of a SATA-based SSD3 and go beyond the pace of a SATA SSD. You'll notice the enhanced performance from boot-ups, software load times, and transfers with PCIe Gen3x4 NVMe 1.3 standard and speeds up to 2100MB/s read and 1800MB/s write, providing you optimum efficiency without the regular slowdowns. The E1000 includes 3D NAND flash memory.

Typical Application Features and Functions",https://www.neostore.com.np/assets/uploads/E1000.jpg,https://www.neostore.com.np/assets/uploads/E1000_1.jpg,Hikvision,E1000 m.2 Nvme,SSD,"128 GB, 256 GB, 512 GB",,2100MB/s,1800MB/s,PCIe Gen3x4 interface,"up to 2100MB/s read, 1800MB/s write",n/a,n/a,n/a,,,,,,,,,,,,,,,,,,,,,,
kioxia-2-5-inch-exceria-sata-ssd.html,https://www.neostore.com.np/assets/uploads/exercia.jpg,https://www.neostore.com.np/assets/uploads/exercia_2.jpg,Kioxia 2.5 Inch Exceria Sata SSD,2.5 Inch Form Factor Read Speed - 555 MB/s Write Speed - 540 MB/s 7mm thick Shock Resistant,"Current Price: Rs., Original Price: Rs.",,"Instant Performance Upgrade Up your productivity with the EXCERIA SATA SSD series and enjoy faster boot ups, file transfers, and system responsiveness. Say goodbye to hard disk drive lag and get a computing experience worthy of your time. Performance Made Affordable Upgrading to an SSD from a conventional HDD can feel like you've purchased an entirely new system. EXCERIA SATA SSD series balance price and performance so you have enough funds left over for other. Improved for On-the-go Compared to hard disk drives, EXCERIA SATA SSD series also offer improved durability and power consumption, which can translate into longer battery life to keep you up and running longer. Cutting-Edge 3D Flash Memory Each EXCERIA SSD is built with BiCS FLASH™ and a vertically stacked cell structure, delivering a cutting-edge storage experience. SSD Utility Management Software The SSD Utility management software was designed to help your KIOXIA drive thrive and lets you be in control of maintenance, monitoring, SSD tuning, and more! We highly recommend you install and update to the latest version to maximize your drive’s performance and check its Percentage Life Left using the health gauge.",https://www.neostore.com.np/assets/uploads/exercia.jpg,https://www.neostore.com.np/assets/uploads/exercia_2.jpg,Kioxia 2.5 Inch Exceria Sata SSD,Exceria,SSD,"240GB, 480GB and 960GB",,Up to 555 MB/s,Up to 540 MB/s,Serial ATA (SATA) 6 Gbit/s,,BiCS FLASH™ TLC,100.45 x 70.10 x 7.20 mm,,,,,3 Years,,,,,,,,,,,,,,,,,,
kioxia-exceria-plus-portable-usb-3-2-gen2-interface-ssd.html,https://www.neostore.com.np/assets/uploads/350.jpg,https://www.neostore.com.np/assets/uploads/263.jpg,Kioxia Exceria Plus Portable USB 3.2 Gen2 Interface SSD,"USB 3.2 Gen2 interface Include USB Type-C® to A, Type-C to C cable Compatible with Windows OS, macOS, iPadOS, Android™ OS, PS4, PS4 Pro, PS5, Xbox Series X/S*2 Durable shockproof housing compatible with MIL-STD drop test*3 Users can also utilize KIOXIA's SSD Utility management software for password protection to safeguard valuable data","Current Price: Rs., Original Price: Rs.",,"Sleek and Stylish Your data can go where you go, in style. The KIOXIA EXCERIA PLUS Portable SSD series puts emphasis on both design and portability with its smooth, rounded aluminum housing. Easy-to-grip and pocket-sized*4, this elegant portable SSD series offers compact, handy storage for users who seek out timeless design in their mobile lifestyle. Universal Features Compatible out-of-the-box with Windows OS, macOS, iPadOS, Android™ OS, PS4, PS4 Pro, PS5 and Xbox Series X/S*2, the EXCERIA PLUS Portable SSD features a slim USB Type-C® connector with a USB 3.2 Gen2 interface enabling you to quickly transfer 4K videos and high-res photos. Each EXCERIA PLUS Portable SSD includes both a Type-C to A and Type-C to C cable to ensure your drive works on both current and legacy systems. Carry Without Worry Compatible with MIL-STD drop test*3 , the EXCERIA PLUS Portable SSD features a shockproof housing and has no moving parts making it highly durable. Its aluminum housing also enables effective heat dissipation*4 during heavy workloads. For peace of mind, you can password protect and safeguard up to 2TB of data, even if you lose your EXCERIA PLUS Portable SSD. Cutting-Edge 3D Flash Memory Each EXCERIA SSD is built with BiCS FLASH™ and a vertically stacked cell structure, delivering a cutting edge storage experience. Password Protection Need to secure your data? SSD Utility enables password protection on your EXCERIA PLUS Portable SSD. When using password protection, please make sure that password protection is set. Please refer to the Password-Protection-Confirmation.pdf document for confirmation instructions We highly recommend you install and update to the latest version to maximize your drive’s performance and check its Percentage Life Left using the health gauge.",https://www.neostore.com.np/assets/uploads/179.jpg,https://www.neostore.com.np/assets/uploads/350.jpg,Kioxia Exceria Plus Portable USB 3.2 Gen2 Interface SSD,Exceria,Portable SSD,"500GB ,1000GB and 2000GB",,Up to 1050 MB/s,Up to 1000 MB/s,PCI Express® Base Specification Revision 3.1a (PCIe®),,BiCS FLASH™ TLC,80.15 x 22.15 x 2.23 mm,,,,,5 Years,,,,,,,,,,,,,,,,,,
kioxia-m-2-2280-pcie-gen-3x4-exceria-nvme-ssd.html,https://www.neostore.com.np/assets/uploads/kioxia.jpg,https://www.neostore.com.np/assets/uploads/kioxia_2.jpg,Kioxia M.2 2280 PCIe Gen 3x4 EXCERIA NVMe SSD,Easy to Install M.2 2280 Form Factor Read Speed 1700 MB/s Write Speed 1600 MB/s,"Current Price: Rs., Original Price: Rs.",,"Application Performance Maximized KIOXIA EXCERIA SSD series redefines mainstream storage for everyday users that feel held back by SATA-based hardware. Say goodbye to hard drive lag and get a computing experience worthy of your applications. Small and Compact for an Easy Upgrade Featuring a slim and light M.2 2280 form factor, the EXCERIA SSD series plugs directly into thin notebooks’ motherboards, reducing additional cable clutter for a sleeker and easy system upgrade. NVMe™ Technology Why keep using an interface that was designed for hard drives? Utilizing the latest NVMe™ 1.3c technology, EXCERIA SSDs reduce latency in your system’s I/O path between your SSD and your CPU, resulting in smooth and responsive performance. Cutting-Edge 3D Flash Memory Each EXCERIA SSD is cutting-edge FLASH™ and a vertically stacked cell structure, delivering a cutting-edge storage experience. SSD Utility Management Software The SSD Utility management software was designed to help your KIOXIA drive thrive and lets you be in control of maintenance, monitoring, SSD tuning, and more! We highly recommend you install and update to the latest version to maximize your drive’s performance and check its Percentage Life Left using the health gauge.",https://www.neostore.com.np/assets/uploads/kioxia.jpg,https://www.neostore.com.np/assets/uploads/kioxia_2.jpg,Kioxia M.2 2280 PCIe Gen 3x4 EXCERIA NVMe SSD,Exceria,SSD,"250GB, 500GB and 1000GB",,Up to 1700 MB/s,Up to 1600 MB/s,PCI Express® Base Specification Revision 3.1a (PCIe®),,BiCS FLASH™ TLC,80.15 x 22.15 x 2.23 mm,,,,,5 Years,,,,,,,,,,,,,,,,,,
kioxia-nvme-m-2-2280-pcie-gen-3-x-4-exceria-plus-g2-ssd.html,https://www.neostore.com.np/assets/uploads/177.jpg,https://www.neostore.com.np/assets/uploads/261.jpg,Kioxia NVMe M.2 2280 PCIe Gen 3 x 4 Exceria Plus G2 SSD,BiCS FLASH™ NVMe™ 1.3c Technology M.2 2280 Form Factor PCIe® Gen3 x4 Lane SSD Utility Management Software,"Current Price: Rs., Original Price: Rs.",,"Game-Changing Storage Don’t let your storage be outclassed. The KIOXIA EXCERIA PLUS G2 SSD series offers high-performance storage for enthusiasts and hardcore gamers that feel held back by commodity storage hardware. With up to 3,400 MB/s sequential read speed*1 and 3,200 MB/s sequential write speed available to you, your system won’t be deprived of the storage bandwidth it needs to excel. Game On! Why keep using an interface that was designed for hard drives? Utilizing the latest NVMe™ 1.3c technology, the EXCERIA PLUS G2 SSD series reduces latency in your system’s I/O path between your SSD and your CPU, resulting in smooth and responsive performance. Small and Mighty Featuring a thin and light M.2 2280 form factor, the EXCERIA PLUS G2 SSD series plugs directly into the motherboard, reducing additional cable clutter for a sleeker system. Cutting-Edge 3D Flash Memory Each EXCERIA SSD is built with BiCS FLASH™ and a vertically stacked cell structure, delivering a cutting edge storage experience. SSD Utility Management Software The SSD Utility management software was designed to help your KIOXIA drive thrive and lets you be in control of maintenance, monitoring, SSD tuning and more! We highly recommend you install and update to the latest version to maximize your drive’s performance and check its Percentage Life Left using the health gauge.",https://www.neostore.com.np/assets/uploads/177.jpg,https://www.neostore.com.np/assets/uploads/261.jpg,Kioxia NVMe M.2 2280 PCIe Gen 3 x 4 Exceria Plus G2 SSD,Exceria,SSD,"500GB , 1000GB and  2000GB",,"Up to 3,400 MB/s","Up to 3,200 MB/s",PCI Express® Base Specification Revision 3.1a (PCIe®),,BiCS FLASH™ TLC,80.15 x 22.15 x 3.73 mm,,,,,5 Years,,,,,,,,,,,,,,,,,,
kioxia-nvme-m-2-2280-pcie-gen-4-x-4-exceria-pro-ssd.html,https://www.neostore.com.np/assets/uploads/178.jpg,https://www.neostore.com.np/assets/uploads/262.jpg,Kioxia NVMe M.2 2280 PCIe Gen 4 x 4 Exceria Pro SSD,BiCS FLASH™ NVMe™ 1.4 Technology M.2 2280 Form Factor PCIe® Gen4 x4 SSD Utility Management Software,"Current Price: Rs., Original Price: Rs.",,"The all-new KIOXIA EXCERIA PRO SSD Series uses next generation technology to take your high-end computing and gaming into a new realm of possibilities. Leveraging PCI Express® 4.0 technology, this updated professional-class SSD series now offers up to 2TB of capacity well-suited for both high performance desktops and notebooks needing maximum speed. Game-Changing Performance Imagine up to 7,300 MB/s of sequential read speed*1 and up to 6,400 MB/s sequential write speed*1, and you have the KIOXIA EXCERIA PRO Series. Designed to reduce game loading, video editing and graphic rendering time, the EXCERIA PRO Series helps your content creation or gaming environment excel. Small and Compact for an Easy Upgrade Featuring a thin, single-sided M.2 2280 form factor, the EXCERIA PRO SSD series plugs directly into the motherboard, reducing additional cable clutter for a sleeker and an easy system upgrade. PCIe® 4.0 Technology This “hero” class KIOXIA SSD delivers powerful performance utilizing the PCIe® 4.0 and NVMe™ 1.4 technology. EXCERIA PRO SSD series push the boundaries of flash storage technology, offering enhanced real-world performance that will blow away hardcore gamers and content creators. Cutting-Edge 3D Flash Memory Each EXCERIA SSD is built with BiCS FLASH™ and a vertically stacked cell structure, delivering a cutting-edge storage experience. SSD Utility Management Software The SSD Utility management software was designed to help your KIOXIA drive to thrive and lets you be in control of maintenance, monitoring, SSD tuning, and more! We highly recommend you install and update to the latest version to maximize your drive’s performance and check its Percentage Life Left using the health gauge.",https://www.neostore.com.np/assets/uploads/178.jpg,https://www.neostore.com.np/assets/uploads/262.jpg,Kioxia NVMe M.2 2280 PCIe Gen 3 x 4 Exceria Pro SSD,Exceria,SSD,1TB and 2TB,,Up to 7300 MB/s,Up to 6400 MB/s,PCI Express® Base Specification Revision 4.0 (PCIe®),,BiCS FLASH™ TLC,80.15 x 22.15 x 2.23 mm,,,,,5 Years,,,,,,,,,,,,,,,,,,
netac-2-5-inch-sata-iii-ssd---nt01n600s-s3x.html,https://www.neostore.com.np/assets/uploads/349.jpg,https://www.neostore.com.np/assets/uploads/259.jpg,Netac 2.5 Inch Sata III SSD - NT01N600S-S3X,Form Factor : 2.5inch SATA 6.0Gbps Sequential R/W : Up To 560MB / 520MB/S Support LDPC ECC SLC Caching for instant full-speed write acceleration,"Current Price: Rs., Original Price: Rs.",,"Reliable Solid State Drive Netac SATA interface SSD - Model N600S, is specially designed for common personal desktop and laptop.
Adapting latest process 3D NAND Flash and more stable algorithmic controller, it has a faster performance and reliable compatibility. Excellent Performance In the case of multitasking work, the transmission speed is more stable.
Using SLC caching algorithm, the continuous read speed of N600S is up to 560MB/s, and the continuous write speed is up to 520MB/s, which makes work more efficient.
read speed up to 560MB/s
write speed up to 520MB/s Extraordinary Stability And Reliability N600S is reliable and durable. It uses flash memory and has no moving parts, which greatly reduces the probability of mechanical failure.
The LDPC intelligent error correction algorithm is adopted to effectively reduce the error rate of data transmission and makes data transmission more secure.",https://www.neostore.com.np/assets/uploads/174.jpg,https://www.neostore.com.np/assets/uploads/349.jpg,Netac 2.5 Inch Sata III SSD -,NT01N600S-S3X,SSD,"128GB, 256GB & 512GB",,Up to 560 MB/s,Up to 520 MB/s,SATA III 6Gb/s,,3D NAND,100mm*70mm*7mm,,,,,3 Years,,,,,,,,,,,,,,,,,,
netac-n930e-pro-m-2-nvme-ssd-nt01n930e-e4x.html,https://www.neostore.com.np/assets/uploads/260.jpg,https://www.neostore.com.np/assets/uploads/175.jpg,Netac N930E Pro M.2 NVMe SSD NT01N930E-E4X,"Support PCle Gen 3*4 standard and NVMe 1.3 standard protocol Support for DRAM caching architecture, it's more efficient no matter loading applications or copying files","Current Price: Rs., Original Price: Rs.",,"SSD M.2 drive Netac n930e Pro is an excellent choice to use as a system drive. This compact (and the use of the M.2 interface automatically implies the compactness of the device) drive, corresponding to the 2280 form factor, uses 3D NAND memory. The device is suitable for installation in mobile and stationary computers, allowing the use of equipment compatible with M.2. NVMe Transport protocol, follow the trend of development High-speed reading and writing without delay New interface, faster transmission PCle Gen 3*4 new interface provides 32Gbps transmission bandwidth Thin And Small Stable Operation M.2 2280 specification, is perfectly compatible with PC and laptop, which has excellent performance of low power consumption, low heat generation, zero noise and with shock resistance ",https://www.neostore.com.np/assets/uploads/260.jpg,https://www.neostore.com.np/assets/uploads/175.jpg,Netac N930E Pro M.2 NVMe SSD NT01N930E-E4X,NT01N930E-E4X,SSD,"128GB, 256GB, 512GB and 1TB",,2 GB/s,1.27 GB/s,M.2 NVMe SSD,,3D NAND,80x22x2mm,,,,,3 Years,,,,,,,,,,,,,,,,,,
pny-cs1031-m-2-nvme-gen-3-ssd.html,https://www.neostore.com.np/assets/uploads/PNY_CS1031.jpg,https://www.neostore.com.np/assets/uploads/PNY_CS1031_2.jpg,PNY CS1031 M.2 NVME Gen 3 SSD,"Sequential read of up to 2,400 MB/s Sequential write of up to 1,750 MB/s Faster boot-up and quicker application launch Better overall system performance Reliable storage Low power consumption, cool and quiet operation","Current Price: Rs., Original Price: Rs.",,"When compared to a SATA-based solid-state drive (SSD) or traditional hard drive (HDD), the PNY CS1031 M.2 NVMe SSD is a great choice for an NVMe Gen3 upgrade for additional storage or improved performance. The NVMe interface gives performance to any NVMe-enabled desktop or laptop computer up to 2,400 MB/s seq. read and 1,750 MB/s seq. write performance. The speed with which you write The PNY CS1031 drive is intended to be an upgrade from traditional SATA storage, taking advantage of the NVMe interface's high bandwidth to help achieve faster boot times, program launches, and overall system performance. With NVMe, you can accomplish more in less time: boot up, power down, and load programs up to three times faster than with SATA-based SSDs. The PNY CS1031 M.2 NVMe SSD is more robust, less prone to fail, and comes with a one-year warranty. The PNY CS1031 is built to the same high standards of quality and durability that the customers have come to expect from the CS900 SSD. PNY polished the world's most advanced NAND flash into the CS1031 to reach a greater durability and reliability level. The intensive testing and rigorous validation process used by PNY provides compatibility with a variety of platforms and operating systems.",https://www.neostore.com.np/assets/uploads/PNY_CS1031.jpg,https://www.neostore.com.np/assets/uploads/PNY_CS1031_2.jpg,PNY,CS900,SSD,"120, 240, 480, 960GB",,535 MBps,515 MBps,SATA 6Gb/s,up to 600 MBps,n/a,"2.5""",n/a,,,,,,,,,,,,,,,,,,,,,,
pny-cs2140-m-2-nvme-ssd.html,https://www.neostore.com.np/assets/uploads/CS2140.jpg,https://www.neostore.com.np/assets/uploads/CS2140_2.jpg,PNY CS2140 M.2 NVMe SSD,"Features  NVMe Gen4 upgrade from a SATA based SSD in an NVMe enabled computer High performance SSD with up to double the performance as compared to entry Gen3 x4 based SSDs Transfer speed up to 3,600 MB/s Faster boot-up and quicker application launch Better overall system performance, reliable storage Low power consumption, cool and quiet operation","Current Price: Rs., Original Price: Rs.",,"The PNY CS2140 M.2 NVMe Gen4 x4 Solid State Drive is an ideal solution for an NVMe Gen4-enabled desktop or laptop computer's mainstream performance boost. Upgrade to the newest NVMe technology for increased performance of up to 3,600 MB/s sequential read and 3,200 MB/s sequential write. With the CS2140 Gen4 technology, you'll get speedier boot times, application launches, and overall system performance. With NVMe Gen4 x4, you can accomplish more in less time: boot up, power down, and load programs up to 6 times faster than with SATA-based SSDs. With no moving components and designed to give the performance you expect, the PNY CS2140 is very durable, less likely to fail, and comes with a 1-year limited guarantee.",https://www.neostore.com.np/assets/uploads/CS2140.jpg,https://www.neostore.com.np/assets/uploads/CS2140_2.jpg,PNY,CS2140,SSD,500GB,,"3,600MB/s","2,300MB/s",SATA 6Gb/s,up to 3600 MBps,n/a,22 x 80 x 4 mm,n/a,,,,,,,,,,,,,,,,,,,,,,
pny-cs900---solid-state-drive.html,https://www.neostore.com.np/assets/uploads/pny.jpg,https://www.neostore.com.np/assets/uploads/pny_2.jpg,PNY CS900 - Solid state drive,"Features  Native Command Queuing (NCQ), TRIM support, End-to-end data path protection, Enhanced Secure Erase, Non-volatile Flash Memory, S.M.A.R.T.","Current Price: Rs., Original Price: Rs.",,"The PNY CS900 2.5-inch SATA-III solid-state drive is part of the company's bargain performance series. It's a fantastic choice for a first-time upgrade from a hard disk drive (HDD). The PNY CS900 was created to be a simple and affordable HDD replacement for your current PC system without sacrificing performance. You will notice a performance gain after upgrading to the CS900 SSD. In a matter of seconds, you can boot up, power down, and load programs. The PNY CS900 is a great choice for energy efficiency because it uses a fraction of the power that hard drives do. Lower power consumption, longer battery life, and a cooler, quieter system are all advantages for users. Spend less time worrying about energy use and more time enjoying your system.",https://www.neostore.com.np/assets/uploads/pny_3.jpg,https://www.neostore.com.np/assets/uploads/pny.jpg,PNY,CS900,SSD,"120, 240, 480, 960GB",,535 MBps,515 MBps,SATA 6Gb/s,up to 600 MBps,n/a,"2.5""",n/a,,,,,,,,,,,,,,,,,,,,,,
pny-turbo-attache-4-usb-3-0-flash-drive.html,https://www.neostore.com.np/assets/uploads/pny5.jpg,https://www.neostore.com.np/assets/uploads/pny_25.jpg,PNY Turbo Attache 4 USB 3.0 Flash Drive,"Upto 128 GB capacity for storing, sharing, and maintaining backup for your important files Easily transfer multiple files at once or larger files without error with high-speed USB 3.0 interface","Current Price: Rs., Original Price: Rs.",,"PNY's Turbo Attach 4 USB 3.0 is built for speed & convenience. Experience USB 3.0 next-generation speed performance with transfer speeds up to 10x faster than USB 2.0. It's the perfect solution for easily storing and quickly transferring all your large documents, high-resolution photos, HD videos, and more. USB 3.0 offers the same ease-of-use and plug-and-play capabilities as previous generations of USB technologies, but with exceptional speed improvements. Designed for Reliable Portable Storage, PNY's Turbo Attach 4 USB 3.0 Flash Drive is designed with convenience and portability in mind. The portable, lightweight Flash Drive incorporates a sliding collar capless design that means no more lost caps. This USB 3.0 Flash Drive is small in size but big on performance! The USB 3.0 interface enables simple connectivity with most USB 3.0 ports on desktops, laptops, and other devices. Compact size easily fits into a pocket or bag for simple portability. USB 3.0 flash drive provides fast transfers. Backward compatible with USB 1.1. Compatible with most PC/Mac notebook and desktop computers. Requires an available USB port. Backed by the manufacturer’s 1-year limited warranty. Weight .0.20 kg",https://www.neostore.com.np/assets/uploads/pny_35.jpg,https://www.neostore.com.np/assets/uploads/pny_42.jpg,PNY,Turbo Attache 4,Pendrive,"32, 64 and 128 GB",USB 3.0,,,,,,,,,,,,,,,,,,,,,,,,,,,,,
sandisk-cruzer-glide-3-0-usb-flash-drive.html,https://www.neostore.com.np/assets/uploads/cruzer_glide_2.jpg,https://www.neostore.com.np/assets/uploads/cruzer_glide.jpg,Sandisk Cruzer Glide 3.0 USB Flash Drive,Faster than a speeding … USB 2.0 drive Reliability that you can count on Retractable design Keep your private stuff private Plays nicely with USB 2.0 too,"Current Price: Rs., Original Price: Rs.",,"Fast USB 3.0 performance Secure and reliable portable storage with USB 3.0 performance and high capacities make it ideal for all your photos, videos, music, and other files. The included SanDisk SecureAccess™ software1 provides password-protection to keep private files secure while leaving the rest of the drive available for sharing, while the retractable design safeguards the USB 3.0 connector when the drive is not in use. Plus, you have peace of mind, knowing that your SanDisk USB flash drive is backed by a five-year limited warranty3. Faster than a speeding … USB 2.0 drive USB 3.0 speeds give you faster transfer speeds2so that you can spend less time waiting and more time on something interesting other than staring at the progress of your status bar. Reliability that you can count on With drive capacities from 16GB-256GB4, you can depend on the brand that consumers around the world trust to store your music, videos, photos and more. Retractable design No more hunting for that misplaced cap. SanDisk Cruzer Glide 3.0 USB flash drive features an easy-to-use retractable connector so it slides out of harm’s way and doesn’t need a cap. Keep your private stuff private Use the SanDisk SecureAccess™ software1 to password-protect any files that you want to stay private. Then you can still share your other files, worry-free. Plays nicely with USB 2.0 too \Don’t worry, just because it’s got USB 3.0 speeds, it’s backward-compatible so you can still use it with USB 2.0 ports.",https://www.neostore.com.np/assets/uploads/cruzer_glide_3.jpg,https://www.neostore.com.np/assets/uploads/cruzer_glide_2.jpg,Flash drive / Pendrive,Sandisk Cruzer Glide 3.0 USB Flash Drive,Pendrive,"32, 64 and 128 GB",USB 3.0,,,,,,,,,,,1 year brand warranty,,,,,,,,,,,,,,,,,,
sandisk-ultra-curve-usb-3-2-gen-1-flash-drives.html,https://www.neostore.com.np/assets/uploads/SanDisk_Ultra_Curve_3.jpg,https://www.neostore.com.np/assets/uploads/SanDisk_Ultra_Curve_2.jpg,Sandisk Ultra Curve USB 3.2 Gen 1 Flash Drives,Store more with capacities up to 128GB Transfer files fast with speeds up to 100MB/s Save money with an affordable price point Keep your files private – no monthly fees and no internet access required Restore accidentally deleted files with RescuePRO® Deluxe data recovery software (download required) Built-in keyring loop to keep the drive with you wherever you go,"Current Price: Rs., Original Price: Rs.",,"From workdays to weekends The grab-and-go drive that’s ready for anything. More Room for What’s Important With capacities up to 128GB, you can store more of your important files and favorite photos, videos, and more. Less Waiting, More Doing With time-saving transfer speeds up to 100MB/s, you can spend less time waiting to move your files and more time on what matters. Affordable and Convenient Reliable storage doesn’t have to break the bank with the SanDisk® Ultra Curve™ flash drive. Keep Your Files Private Access your content whenever you need it – no monthly fees and no internet access required. Accidentally Deleted Files? No Problem. This drive comes with a RescuePRO® Deluxe data recovery software download offer (download required) that makes it easy to recover files that have been accidentally deleted. Ready to Go with You The drive’s built-in keyring loop offers a convenient way to bring your drive with you wherever you go.",https://www.neostore.com.np/assets/uploads/SanDisk_Ultra_Curve.jpg,https://www.neostore.com.np/assets/uploads/SanDisk_Ultra_Curve_3.jpg,Flash drive / Pendrive,Sandisk Ultra Curve USB 3.2 Gen 1 Flash Drives,Pendrive,"32, 64 and 128 GB",USB 3.2 Gen 1,,,,,,,,,,,1 year brand warranty,,,,,,,,,,,,,,,,,,
sandisk-ultra-dual-drive-go-3-1-usb-type-c-flash-drive.html,https://www.neostore.com.np/assets/uploads/Sandisk_pendrive_3.jpg,https://www.neostore.com.np/assets/uploads/Sandisk_pendrive_2.jpg,Sandisk Ultra Dual Drive Go 3.1 USB Type-C Flash Drive,"The 2-in-1 flash drive with USB Type-C™ and Type-A connectors Seamlessly move content between your USB Type-C™ smartphone, tablets, and Mac and USB Type-A computers Automatically back up photos using the SanDisk Memory Zone app 1 year brand warranty","Current Price: Rs., Original Price: Rs.",,"Full Life, Not Full Storage If you need additional storage to transfer files from your iPhone 15 Plus/Pro/Max, the SanDisk Ultra Drive Go can help. Easily transfer files from your USB Type-C smartphone and store them on a Flash Drive. The 2-in-1 flash drive for your USB Type-C™ and Type-A devices Shoot photos on your USB type-C smartphone and need those on your PC? We got you. The SanDisk Ultra Dual Drive Go lets you seamlessly move files between your USB Type-C smartphone, tablets and Macs and USB Type-A computers. Free up space to take more photos Out of space on your USB Type-C smartphone? Simply plug in the SanDisk Ultra Dual Drive Go USB Flash Drive and easily move files off your device, freeing up valuable space.  With all that extra space you can do more travel photos, movies, music, games and whatever else you want. Automatic backup is just a plug-in away Automatically back up your latest photos, videos, music, documents and contacts with the SanDisk Memory zone app.  Rest assured that even if you ever lose your smartphone, you’ve got the memories that matter most. Quickly move files to your computer Say goodbye to emailing photos between devices. Once files are on your SanDisk Ultra® Dual Drive Go, the high-end USB 3.2 Gen 1 performance with up to 400MB/s read speeds let you quickly move your files to your computer. Swivel design to protect connectors Toss it in your bag or pocket. The SanDisk Ultra® Dual Drive Go is built to protect the drives connectors when you are on the move. Grab and go with the keyring hole Attach your drive to your keyring to keep it convenient and secure. Now you’ll always have it handy if you need to free up space when you’re out and about.",https://www.neostore.com.np/assets/uploads/Sandisk_pendrive.jpg,https://www.neostore.com.np/assets/uploads/Sandisk_pendrive_3.jpg,Flash drive / Pendrive,Sandisk Ultra Dual Drive Go 3.1 USB Type-C Flash Drive,Pendrive,32 and 64GB,USB 3.1,,,,,,,,,,,1 year brand warranty,,,,,,,,,,,,,,,,,,
sandisk-ultra-flair-usb-3-0-flash-drive.html,https://www.neostore.com.np/assets/uploads/SanDisk_Ultra_Flair_2.jpg,https://www.neostore.com.np/assets/uploads/SanDisk_Ultra_Flair_3.jpg,SanDisk Ultra Flair USB 3.0 Flash Drive,Fly through file transfers Stylish and tough Password-protect your files 1 year brand warranty,"Current Price: Rs., Original Price: Rs.",,"Speed Meets Style The SanDisk Ultra Flair™ USB 3.0 flash drive moves your files fast. Spend less time waiting to transfer files and enjoy high-speed USB 3.0 performance of up to 150MB/s4. Its durable and sleek metal casing is tough enough to handle knocks with style. And, with password protection, you can rest assured that your private files stay private1. Store your files in style with the SanDisk Ultra Flair USB 3.0 flash drive. Our USB 3.0 flash drive flies through file transfers Experience high-speed USB 3.0 performance of up to 150MB/s4 with the SanDisk Ultra Flair USB 3.0 flash drive. Transfer files faster than standard USB 2.0 drives. Stylish and tough With a durable metal case, the SanDisk Ultra Flair USB 3.0 flash drive is both sleek and ready to handle unexpected knocks. Password-protect your files with our USB 3.0 flash drive Share your movies or music, but rest assured that private files can stay private. Easy-to-use password protection1 lets you limit who sees certain files. USB 3.0 flash drive warranty The SanDisk Ultra Flair USB 3.0 Flash Drive is backed by a five-year limited warranty2",https://www.neostore.com.np/assets/uploads/SanDisk_Ultra_Flair.jpg,https://www.neostore.com.np/assets/uploads/SanDisk_Ultra_Flair_2.jpg,Flash drive / Pendrive,SanDisk Ultra Flair USB 3.0 Flash Drive,Pendrive,"32, 64 and 128 GB",USB 3.2 Gen 1,,,,,,,,,,,1 year brand warranty,,,,,,,,,,,,,,,,,,
seagate-1tb-3-5-inch-desktop-hdd---7200-rpm.html,https://www.neostore.com.np/assets/uploads/2641.jpg,https://www.neostore.com.np/assets/uploads/1801.jpg,Seagate 1TB 3.5 Inch Desktop HDD - 7200 RPM,"Store more, compute faster, and do it confidently with the proven reliability of BarraCuda internal hard drives Build a powerhouse gaming computer or desktop setup with a variety of capacities and form factors The go-to SATA hard drive solution for nearly every PC application—from music to video to photo editing to PC gaming Confidently rely on internal hard drive technology backed by 20 years of innovation Migrate and clone data from old drives with ease using our free Seagate DiscWizard software tool Enjoy long-term peace of mind with the included two-year limited warranty","Current Price: Rs.7,500, Original Price: Rs.7,900",,"Unrivalled Desktop Legacy Built on proven reliability and innovation, BarraCuda 3.5-inch hard drives are available in a versatile mix of capacity and price point options to fit any budget. Multi-Tier Caching Technology
Optimised Read and Write Data Flow All hard drives in the BarraCuda family come equipped with Multi-Tier Caching Technology (MTC). By optimising data flow with intelligent layers of NAND Flash, DRAM, and media cache technologies — get faster load and applications times and improved read and write performance. Your Data Matters to Us
Trusted Dependability For more than 20 years, Seagate has manufactured and delivered the reliable BarraCuda family of drives. Your positive hard drive experience matters to us, which is why we offer robust limited warranties on all BarraCuda drives. DiscWizard
Add New Drives with Ease DiscWizard™ software makes it easy to add new drives to your computer — guiding you through steps to easily clone your current drive to your new Seagate drive, create and format partitions, transfer data, back up data for increased security and more.",https://www.neostore.com.np/assets/uploads/2641.jpg,https://www.neostore.com.np/assets/uploads/1801.jpg,Seagate 1TB 3.5 Inch Desktop HDD With 7200 RPM,,Hard Disk,,,,,,,,,,Seagate,Black,1TB,3 Year,,,,,,,,,,,,,,,,,,
seagate-skyhawk-3-5-inch-surveillance-hard-drives---5900-rpm.html,https://www.neostore.com.np/assets/uploads/1821.jpg,https://www.neostore.com.np/assets/uploads/2661.jpg,Seagate SkyHawk 3.5 Inch Surveillance Hard Drives - 5900 RPM,"Capacity: 1TB , 4TB Speed: 5,900RPM Interface Types: SATA Form Factor: 3.5inx1.0in LFF Hard Drive Sector Size: 4Kn Sustained Throughput: 180 Electrical Interface: SATA 600 - 6.0Gbps On-Board Cache: 64MB Wattage/VA: 5.6W","Current Price: Rs., Original Price: Rs.",,"Smart. Safe. Secure.
Seagate Surveillance-Optimized Storage Only Seagate has been making drives specifically for surveillance storage for ten years. SkyHawk™ is built to keep systems in the field longer and reduce the need for post-deployment support. Key Advantages Best-Fit Applications",https://www.neostore.com.np/assets/uploads/1821.jpg,https://www.neostore.com.np/assets/uploads/2661.jpg,Seagate SkyHawk 3.5 Inch Surveillance Hard Drives,,Hard Disk,,,,,,,,,,Seagate,Regular,1TB 4TB,3 Year,,,,,,,,,,,,,,,,,,
seagate-skyhawk-3-5-inch-surveillance-hard-drives-.html,https://www.neostore.com.np/assets/uploads/1831.jpg,https://www.neostore.com.np/assets/uploads/three13.jpg,Seagate SkyHawk 3.5 Inch Surveillance Hard Drives,"Capacity: 1TB, 2TB, 4TB, 6TB & 10TB Speed: 5,400RPM Interface Types: SATA Form Factor: 3.5inx1.0in LFF Hard Drive Electrical Interface: SATA 600 - 6.0Gbps","Current Price: Rs., Original Price: Rs.",," Smart. Safe. Secure.
Seagate Surveillance-Optimized Storage Only Seagate has been making drives specifically for surveillance storage for ten years. SkyHawk™ is built to keep systems in the field longer and reduce the need for post-deployment support.  Key Advantages Best-Fit Applications",https://www.neostore.com.np/assets/uploads/two23.jpg,https://www.neostore.com.np/assets/uploads/1831.jpg,Seagate SkyHawk 3.5 Inch Surveillance Hard Drives,,Hard Disk,,,,,,,,,,Seagate,Regular,"1TB, 2TB 4TB , 6TB , 8TB & 10TB",1 Year,,,,,,,,,,,,,,,,,,
team-group-gxii-ssd-2-5-inches.html,https://www.neostore.com.np/assets/uploads/uploads/2021/07/GXII-2.5-inches-SSD-Drive-Internal.jpg,https://www.neostore.com.np/assets/uploads/uploads/2021/07/GXII-2.5-inches-SSD-Drive-Internal-.jpg,Team Group GXII SSD 2.5 inches,"Injects vitality into the system, 4x faster than HDD!!","Current Price: Rs., Original Price: Rs.",,"Team Group GXII SSD is 4 Faster times than HDD Team Group GXII 2.5"" SSD Drive Internal is 4 times faster than the traditional hard disk and has great performance with ultrafast read-and-write speed. It accelerates boot time, shutdown time, and application response time. The perfect replacement for the traditional hard drive. Slim form factor GXII SSD 2.5-inch drive is available in 7mm to fit in more systems (even slimmer notebooks) High-Efficiency Performance The transfer interface uses SATA III 6 Gb/s. Read/write speed up to 530/430 MB/s so that it offers better performance data transfer. It also offers lower energy consumption and a peaceful operating experience. PC and laptop upgrade the best selection. Supports S.M.A.R.T. GXII SSD monitors the status of your drive Supports TRIM GXII SSD maintains the maximum performance of compatible operating systems. Low Power Consumption for Longer Use This SSD supports a new energy-saving technology generation: DevSleep (Device Sleep Mode). The power supplies are extremely low and disable the power of the SATA interface when the computer enters standby mode. Saving more power and prolonging battery life. Trustworthy and Reliable Team Group GXII SSD 2.5 inches SSD provides efficiency, monitors drive conditions, keeps maximum performance on the compatible operating systems, and extends the SSD's service life through garbage collection, wear-leveling technology, ECC (error corrections code), S.M.A.R.T., and TRIM functions. Warranty: This SSD has a 1-year limited warranty.",https://www.neostore.com.np/assets/uploads/uploads/2021/07/GXII-2.5-inches-SSD-Drive-Internal-1-1.jpg,https://www.neostore.com.np/assets/uploads/uploads/2021/07/GXII-2.5-inches-SSD-Drive-Internal.jpg,,,,,,,,,,,,,,,,,,,,,,,,,,,,,,,,,,
ugreen-2-5-inch-hard-drive-enclosure-sata-hdd-caddy-external-usb-3-0-hard-disk-case-30848-.html,https://www.neostore.com.np/assets/uploads/UGREEN_3.jpg,https://www.neostore.com.np/assets/uploads/UGREEN_.jpg,UGREEN 2.5 Inch Hard Drive Enclosure SATA HDD Caddy External USB 3.0 Hard Disk Case 30848,"Ultra Fast Speed: UGREEN SATA hard drive enclosure supports data transmission rate up to 5Gbps. The UASP technology makes the reading and writing speed up to 70%. 1G video will be transferred in seconds. Tool-Free Installation: UGREEN hard drive enclosure caddy is easy to use, featuring a tool-free and driver-free setup. Just open the back cover and put the hard drive in, connect to a PC, and work instantly. Great Protection: UGREEN hard drive enclosure provides all-around protection for the hard disk and keeps it against scratches, knocks, and drops, keeping all valuable data in a safe place. Universal Compatibility: The Hard Drive Caddy is compatible with 7mm & 9.5mm 2.5 inches Internal SATA III/II/I HDD SSD up to 6TB. eg, WD Blue/Black, Seagate Barracuda/FireCuda, EVO 870/860, Crucial BX500/MX500, Kingston A400, TOSHIBA TR200, PNY CS900, Integral, and more. (Hard drives thicker than 9.5mm are not supported) User-Friendly Design: The Blue LED indicator shows the working status of this HDD/SSD enclosure. Featuring Auto-Sleep mode, the USB Hard Drive Case will let your hard disk have a rest after 3 mins standby.","Current Price: Rs.1,360, Original Price: Rs.1,430",," Expore more fun with your old hard drIves Ugreen portable Hard Disk Drive Caddy offers an ideal way to expand more storage space to your computer, to clone files from old HDD to new SSD, to recover files of broken computers. Small but functioned perfectly. Wide Application *Support 9mm 2.5"" SSD/HDD up to 6TB, eg, EVO 870/860, Crucial BX500/MX500, Kingston A400, WD Blue/Green, TOSHIBA TR200, Integral V Series, PNY CS900, Seagate BarraCuda, DREVO X1, YUCUN, TCSUNBOW, Silicon Power and more. *Plug & play on Win 2000/XP/Vista/7/8/8.1/10 (32-bit & 64-bit versions), LINUX, Mac OS, Chrome OS; Applicable with Smart TV, PS5, PS4 Router, Xbox One S etc; Accelerated Speed *SATA III and USB 3.0 Ready, support transmission rate up to 5Gbps. Also compatible with USB 3.0/2.0.
*Support UASP to boost the data transfer rate, 70% faster than traditional USB 3.0 standard, save the load time to do more;  SIMPLE SWAP, TOOL-FREE Easy to swap out the cover and install the driver tightly inside the case with shock-proof pad, complete tool-free; Tips Package ",https://www.neostore.com.np/assets/uploads/UGREEN_2.jpg,https://www.neostore.com.np/assets/uploads/UGREEN_3.jpg,UGREEN 2.5 Inch Hard Drive Enclosure SATA HDD Caddy External USB 3.0 Hard Disk Case 30848,,SATA HDD Caddy,,,,,,,,,,Ugreen,Black,,,,,,,,,,,,,,,,,,USB,2.5 Inches,
verbatim-2-5-inch-store-n-go-gen2-usb-3-0-portable-hdd.html,https://www.neostore.com.np/assets/uploads/verbatim1.jpg,https://www.neostore.com.np/assets/uploads/verbatim_21.jpg,Verbatim 2.5 Inch Store n Go GEN2 USB 3.0 Portable HDD,"High speed, high capacity storage. A fast & safe solution to expand storage or backup files USB 3.0 SuperSpeed - for ultra fast data transfer USB plug 'n' play (no additional power required) Nero Backup Software and Energy Saving Software USB REC & PLAY* - supports USB recording/ playback","Current Price: Rs., Original Price: Rs.",,Overview The Verbatim Store n Go portable hard drive features high-performance storage using a USB 3.0 “Super Speed” interface. USB 3.0 offers up to 10 times faster data transfer rates than USB 2.0 (based on USB bus speed) providing ultra-fast data transfer on the go. Store and carry your digital and day-to-day working files on this truly mobile drive. Its stylish design sits neatly on the modern desk top as the perfect accompaniment to your laptop Store n Go portable hard drive is USB 3.0 bus powered (1 x USB 3.0 interface) yet is backward compatible with any USB 2.0 ports on your PC or notebook. The drive requires no external power for operation; simply plug n play. Product Details,https://www.neostore.com.np/assets/uploads/verbatim1.jpg,https://www.neostore.com.np/assets/uploads/verbatim_21.jpg,Verbatim 2.5 Inch Store n Go GEN2,,Hard Disk,,,,,,,,,,Verbatim,Black,1TB,1 Year,,,,,,,,,,,,,,,,,,
