html_filename,image1,image2,image3,image4,product_title,short_description,price,Category,Brand,Color,Technology,Frequency,Range,Charge Time,Play Time,Water Resistance,Warranty,label,description2,Product,Cable Length,Weight,Cost,Code,Model,Driver Size,Impedance,Noise Cancellation,Cancellation Type,Bluetooth Version,Microphone,Frequency Response,Battery Life,,Total battery Life,Selling Price,Name,Series,Headphone Type,Built,Design,Fit,Connectivity,Transmission Range,Game Mode,Audio,Battery,Buds Playtime,Total Playtime,Charging Time,Charging Port,Charging Technology,Talk time,BOOST Charge,Mic,EQ Modes,Transparency Mode,Pairing Tech,App Support,App features,Dual Pairing,Bluetooth Profiles,Audio Codecs,Compatibility,Controls,Controls Feature,Voice Assistant,Package Contains,Replacement,Colour,Rampage Mode
anker-life-note-3i-noise-cancelling-earbuds.html,https://www.neostore.com.np/assets/uploads/anker_3i_3.jpg,https://www.neostore.com.np/assets/uploads/anker_3i_2.jpg,https://www.neostore.com.np/assets/uploads/anker_3i.jpg,https://www.neostore.com.np/assets/uploads/anker_3i_3.jpg,Anker Life Note 3I Noise Cancelling Earbuds,"Stay Focused: The Hybrid Active Noise Cancellation System cuts out 90% of outside noise so you can enjoy your music, games or podcasts to the fullest without distractions. Clarity in the service of sound: Enjoy clear calls enhanced by AI thanks to the 4 microphones built into the noise-canceling ear cups of the Life Note 3i earphones and a personalized algorithm for higher quality sound pickup. Rich, personalized sound: Life Note 3i noise-canceling headphones feature 10mm drivers that produce rich, powerful bass. Hours of battery life: Life Note 3i noise canceling headphones let you listen to music for 9 hours straight on a single charge and enjoy an additional 36 hours of battery life thanks to the compact body.","Current Price: Rs.9,999, Original Price: Rs.",Earbud,Anker,Black,Bluetooth v5.2,20Hz - 20KHz,10 Meters,fast charging- 10 minutes of charging = 2 hours of use,Up to 36 hours,IPX5 water resistance technology.,18 Months,,"  Customizable Controls With hybrid active noise cancelling, background noise is reduced up to 90% to keep you fully immersed in your favorite music, games, or podcasts.  Hear the World Around You Find the ideal sound settings for your ears by switching between 4 EQ modes.  AI-Enhanced Calls Tuned to enhance voices. Ideal for listening to podcasts, audiobooks, radio, and more.  Quick and Easy Pairing Tuned to enhance voices. Ideal for listening to podcasts, audiobooks, radio, and more.  Use One Earbud Only Tuned to enhance voices. Ideal for listening to podcasts, audiobooks, radio, and more.  AI-Enhanced Calls Life P3i earbuds are equipped with easy-to-use tactile buttons that offer great control over your audio.",,,,,,,,,,,,,,,,,,,,,,,,,,,,,,,,,,,,,,,,,,,,,,,,,,,,
anker-life-p3-noise-cancelling-earbuds-with-bass.html,https://www.neostore.com.np/assets/uploads/P3_4.jpg,https://www.neostore.com.np/assets/uploads/P3_3.jpg,https://www.neostore.com.np/assets/uploads/P3_2.jpg,https://www.neostore.com.np/assets/uploads/P3_4.jpg,Anker Life P3 | Noise Cancelling Earbuds with Bass,"Incredible Sound Loved By 20 Million+ People Pocket-Sized Pop of Color: Life P3 noise cancelling earbuds come in 5 eye-catching colors to pair with your personal style. And the ultra-compact case fits effortlessly in small bags or pockets. Fueled By The Beat: Life P3 noise cancelling earbuds’ thumping sound is produced by custom 11mm composite drivers. Activate BassUp mode in the app to further intensify bass in real-time. Multi-Mode Noise Cancelling: Sync the noise cancelling to your location for an optimized experience. Transport, Outdoor, and Indoor modes are each tailored to block out irritating background noises in each environment. Enhanced Call Performance: Life P3 noise cancelling earbuds have 6 microphones and an exclusive algorithm to tune out background noises. Your voice will be heard clearly on calls, video chats, livestreams, and more.","Current Price: Rs.14,999, Original Price: Rs.",Earbud,Anker,Gray,Bluetooth v5.3,20Hz - 20KHz,10 Meters,3 Hours,Up to 10 hours,IPX5 water resistance technology.,18 Months,,"  Thumping Beats Life P3 noise cancelling earbuds have 11mm drivers and our exclusive BassUp technology to fuel rich sound with a thumping low end.  Multi-Mode Noise Cancelling Target ambient noises indoors, outdoors, and while traveling on the train, subway, or bus for a distraction-free listening experience. Switch between modes depending on where you’re listening via the soundcore app.  Boosted Call Quality 6 microphones and a noise reduction algorithm work in real-time to pick up your voice and cancel out background noises for crystal-clear clarity.  At the Center of the Action Activate Gaming mode via the soundcore app for a more immersive audio experience while playing your favorite mobile games.  No Wires For extra convenience, recharge Life P3’s charging case on a wireless charger.  All-Day Listening Life P3 noise cancelling earbuds have 7 hours of playtime from a single charge which extends to 35 hours with the compact charging case.  Customize Your Listening The soundcore app allows you to customize everything from the EQ to creating your own relaxing white noise soundscape. Also, test the earbuds’ fit, update firmware, and more. Find Your Earbuds Go to the soundcore app and activate “Find My Headset”. The lost earbud will emit a loud noise to help you locate it. Secure and Comfortable Built to hug the curve of your ear, Life P3 noise cancelling earbuds sit stably in your ear. Mix and match the various sizes of eartips for the best fit and seal.",,,,,,,,,,,,,,,,,,,,,,,,,,,,,,,,,,,,,,,,,,,,,,,,,,,,
anker-soundcore-liberty-4-earbuds.html,https://www.neostore.com.np/assets/uploads/liberty_2.jpg,https://www.neostore.com.np/assets/uploads/liberty_.jpg,https://www.neostore.com.np/assets/uploads/liberty_3.jpg,https://www.neostore.com.np/assets/uploads/liberty_2.jpg,Anker Soundcore Liberty 4 Earbuds,"Crisp, clear sound via ACAA™️ 3.0 Coaxial Acoustic System 360° immersive spatial audio with music and movie modes CloudComfort™️ ear tips for long-lasting comfort All-new heart rate sensor with soundcore app HearID personalized active noise cancelling 9/28 hours of playtime for all-day listening","Current Price: Rs.19,999, Original Price: Rs.",Earbud,Anker,Gray,Bluetooth v5.3,20Hz - 20KHz,10 Meters,2 Hours,Earbuds-Up to 9 hours / Case - Up to 19 hours,IPX7 water resistance technology.,18 Months,,,,,,,,,,,,,,,,,,,,,,,,,,,,,,,,,,,,,,,,,,,,,,,,,,,,,,
anker-soundcore-life-note-earbuds.html,https://www.neostore.com.np/assets/uploads/294.jpg,https://www.neostore.com.np/assets/uploads/365.jpg,https://www.neostore.com.np/assets/uploads/294.jpg,https://www.neostore.com.np/assets/uploads/365.jpg,Anker Soundcore Life Note Earbuds,4-microphone technology Beam noise reduction cVc 8.0 technology to reduce background noise Boosted bass and perfect sound clarity Water-resistant casing PUSH AND GO technology for easy setup,"Current Price: Rs.5,499, Original Price: Rs.",Earbud,Anker,Black,Bluetooth 5.0,,n/a,2 Hrs,7 Hrs,IPx54 water and sweat resistant,,," Immersive Audio The Soundcore Life Note features graphene drivers that deliver precise oscillation for an accurate, ultra-realistic, and immersive audio experience.  Impressive Call Quality The cVc noise reduction technology, along with four microphones (two on each earbud), enhances the voice pick up while removing any background noise. Thus, you can listen to calls in public places and offices without any distractions.  Uninterrupted Music The Soundcore Life Note offers up to 7 hours of playback time with a single charge. And, with the charging case, you can listen to music for up to 40 hours. Also, with just about 10 minutes of recharge, you can listen to music for up to one hour.  Strong Connection Equipped with Bluetooth 5.0, the Soundcore Life Note offers uninterrupted connectivity for non-stop music.  Secure Fit Using three simple steps, you can get a secure and stable fit. To attend calls, direct the microphone towards the mouth.  IPX5-rated Waterproof The Soundcore Life Note can withstand sweat, rain, and water.",Anker Soundcore Life Note Earbuds,Wireless,64.9 g,,,,,,,,,,,,,,,,,,,,,,,,,,,,,,,,,,,,,,,,,,,,,,,,,
anker-soundcore-life-p2i-wireless-earbuds.html,https://www.neostore.com.np/assets/uploads/p2i_2.jpg,https://www.neostore.com.np/assets/uploads/p2i.jpg,https://www.neostore.com.np/assets/uploads/p2i_2.jpg,https://www.neostore.com.np/assets/uploads/p2i.jpg,Anker Soundcore Life P2i  Wireless Earbuds,"Incredible Sound Loved by 20 Million+ People Impressive Sound: Life P2i true wireless earbuds feature 10mm drivers that boost quality sound with deep bass and mids at optimal levels that are pleasing to the ears. Speak and Be Heard: Life P2i true wireless earbuds reduces noise via a custom AI algorithm, while two microphones pick up your voice clearly. Long-Life Buds: Battery life lasts 8 hours per charge and extends to 28 hours with the compact case. For a quick boost of power, charge for 10 minutes and get a full hour of use. Effortless Connectivity: After connecting for the first time, Life P2i true wireless earbuds will detect and pair with your device when you open the charging case.","Current Price: Rs.3,999, Original Price: Rs.",Earbud,Anker,Gray,Bluetooth v5.2,20Hz - 20KHz,10 Meters,2 Hours,28 hours of Extended Playtime,IPX5 water resistance technology.,18 Months,,"    Dual EQ Modes Choose between Bass Mode for thumping bass or Podcast Mode to get balanced sound with clear vocals. Quickly switch between your preferred modes using button controls. Clear Calls Two microphones capture your voice and the AI reduces unwanted noise. Now you don’t have to raise your voice to be heard, and the person on the other end can hear you clear as a bell. Stable Connection The latest Bluetooth 5.2 builds a solid connection between your device and Life P2i true wireless earbuds for a seamless sound experience.    Ready in a Flash Life P2i true wireless earbuds support Fast Charging, giving you 1 hour of use when charged for 10 minutes. Enjoy 8 hours of playtime on a single charge, while the compact case extends it to 28 hours. Single Earbud Mode Use either the left or right earbud independently to pick up calls or listen to music. Mono mode is activated when one of the earbuds is placed in the charging case. Snug and Secure Fit Life P2i true wireless earbuds weigh merely 0.15oz (4.4g), making them comfortable for all-day wear. Select the right ear tip size for a secure fit to enjoy a better sound quality.",,,,,,,,,,,,,,,,,,,,,,,,,,,,,,,,,,,,,,,,,,,,,,,,,,,,
anker-soundcore-r50i-true-wireless-earbuds.html,https://www.neostore.com.np/assets/uploads/r50i.jpg,https://www.neostore.com.np/assets/uploads/r50i_3.jpg,https://www.neostore.com.np/assets/uploads/r50i_2.jpg,https://www.neostore.com.np/assets/uploads/r50i.jpg,Anker Soundcore R50i True Wireless Earbuds,"10mm Drivers with Big Bass, Bluetooth 5.3, 30H Playtime, IPX5-Water Resistant, AI Clear Calls with 2 Mics, 22 Preset EQs via App in r50i  Extra-bass, powerful music experience with 10mm driver. 10H playtime on a single charge and 30H playtime with charging case AI-Enhanced calls via 2 mics. Easily carry your earbuds everywhere with knitted lanyard.","Current Price: Rs.4,499, Original Price: Rs.",Earbud,Anker,Black & White,Bluetooth v5.3,N/a,10 Meters,charge for 10 mins for 2 hours,10 Hours,IPX5 water resistance technology.,1.5 Year,,"  Fast Charging Fast charge for 10 mins for an extra 2 hours of power. A full charge gives 10 hours of playtime and 30 hours with the charging case.  Tap to Control Take control of soundcore R50i true wireless earbuds with simple tap controls which can be customized in the soundcore app.  Bluetooth 5.3 The latest Bluetooth version has fast transmission speeds, so you always get a stable connection, even in busy crowds.  Single Earbud Mode Want more awareness of your surroundings or to extend playtime further? Simply take one earbud out of the case, and it will enter Single Earbud mode.",Anker Soundcore R50i True Wireless Earbuds,N/a,n/a,,,,,,,,,,,,,,,,,,,,,,,,,,,,,,,,,,,,,,,,,,,,,,,,,
anker-soundcore-spirit-dot-2-earbuds.html,https://www.neostore.com.np/assets/uploads/soundcore_spirit_dot_2_3.jpg,https://www.neostore.com.np/assets/uploads/soundcore_spirit_dot_2_2.jpg,https://www.neostore.com.np/assets/uploads/soundcore_spirit_dot_2.jpg,https://www.neostore.com.np/assets/uploads/soundcore_spirit_dot_2_3.jpg,Anker Soundcore Spirit Dot 2 Earbuds,"Thumping Bass: Spirit Dot 2’s composite driver is surrounded by an elastic, bass-maximizing material to increase bass output by up to 100%. It’s further enhanced by Anker's BassUp technology which uses a custom algorithm to analyze and intensify bass in real-time. Sweatproof and Waterproof: Spirit Dot 2 true wireless earbuds boast IPX7-rated protection that’s strengthened by exclusive SweatGuard technology—an industry-leading sealing process and coating that stops liquids and sweat vapor from breaching the casing. Zero-Pressure AirWings: Anker's unique hollow AirWings have a flexible, soft silicone build that partially deflates to conform to the shape and size of your ears for a secure fit with unmatched comfort. Compact Fit: Spirit Dot 2 true wireless earbuds are ultra-small and 20% slimmer to ensure they fit comfortably and discreetly in your ears—no matter whether you’re working out, playing sports, or even sleeping.","Current Price: Rs.13,969, Original Price: Rs.",Earbud,Anker,Black,Bluetooth 5.0,,n/a,10 mins of charge gives an hour of playtime,16 Hrs,"IPX7 Waterproof, Sweatproof",,," Thumping Bass Our exclusive BassUp technology uses an algorithm to analyze and intensify the bass in real-time. And it’s paired with Spirit Dot 2’s bass-enhancing drivers for workout-fueling music. IPX7 Waterproof Protection In addition to IPX7-rated waterproof protection, Spirit Dot 2 also features Anker's exclusive SweatGuard technology. It protects the true wireless earbuds via Anker's advanced sealing process and coating technology that can stop even sweat vapor from breaching the casing. Touch Control Use the built-in touch control on Spirit Dot 2’s to conveniently answer calls or play, pause, and skip music. Superior Link Spirit Dot 2 true wireless earbuds utilize an LDS antenna and Bluetooth 5 to create a strong connection for skip-free audio. Individual Connections Dual transmitters ensure each earbud can connect to your phone individually for up to 30% lower latency—perfect when watching videos on your phone. It also allows you to choose either one of the wireless earbuds and automatically use in mono mode. What’s In The Box Spirit Dot 2 true wireless earbuds come with 5 sizes of EarTips and 3 sizes of AirWings to give you the freedom to find a combination that fits you perfectly. A USB-C cable is also provided to charge the charging case.",Anker Soundcore Spirit Dot 2 Earbuds,Wireless,64.9 g,,,,,,,,,,,,,,,,,,,,,,,,,,,,,,,,,,,,,,,,,,,,,,,,,
anker-v30i-open-ear-earbuds.html,https://www.neostore.com.np/assets/uploads/V30i_4.jpg,https://www.neostore.com.np/assets/uploads/V30i_3.jpg,https://www.neostore.com.np/assets/uploads/V30i_2.jpg,https://www.neostore.com.np/assets/uploads/V30i_.jpg,Anker V30i Open-Ear Earbuds,"Ultra Comfortable: Experience the lightweight comfort of our open-ear headphones. Featuring a non-intrusive design and soft, flexible ear hooks for a perfect fit—ensuring that you can wear them all day without discomfort. Enhanced Awareness: Remain aware of your surroundings, such as public transit announcements and oncoming cars. Stay in touch with the world around you thanks to the open design of soundcore V30i open-ear headphones. Open Listening, Robust Bass: soundcore V30i open-ear headphones feature a 14.2mm bio-material diaphragm that emboldens bass for an audio experience that always hits the right beat. IPX5 Water Resistant with SweatGuard: soundcore V30i uses nano-coating and a unique chamber design for complete protection. Crafted to ensure that critical areas, such as the chipsets and battery compartment, remain sealed. All-Day Companion: Enjoy 12 hours of play on a single charge, extending to a total of 36 hours with the charging case. Better yet, a quick 10-minute charge delivers an impressive 3 hours of listening. Products with electrical plugs are designed for use in the US. Outlets and voltage differ internationally and this product may require an adapter or converter for use in your destination. Please check compatibility before purchasing. TCO Certified: For Better Sustainability.","Current Price: Rs.9,999, Original Price: Rs.",Earbud,Anker,Gray,Bluetooth v5.3,20Hz - 20KHz,10 Meters,2 Hours,12 Hours,IPX7 water resistance technology.,18 Months,,,,,,,,,,,,,,,,,,,,,,,,,,,,,,,,,,,,,,,,,,,,,,,,,,,,,,
aqfit-a11-tws-earbuds.html,https://www.neostore.com.np/assets/uploads/uploads/2021/03/w11-1.jpg,https://www.neostore.com.np/assets/uploads/uploads/2021/03/w11-1.jpg,,,AQFIT A11 (TWS) Earbuds,"The AQFiT A11 is an in-ear style TWS earbuds. It borrows the design aesthetics of Apple’s AirPods Pro—rubber tips and shorter stem. Sporting Bluetooth 5.0 connectivity, AQFiT A11’s case also has a LED display.","Current Price: Rs.3,299, Original Price: Rs.",Earbuds,AQFIT,Black-white-green-pink,Bluetooth 5.0 + EDR,-,10 meters,1-1.5hrs,"4-6hrs on a single charge, about 25hrs with charging case",IPX5 splash/sweat proof,6 Months,,"Featuring Bluetooth and HD rendering technology that produce incredible sound quality and authentic sound performance no matter in calls or listening. Provides faster pairing, stable connection, and signal transmission. ONE STEP PAIRING Picking up both earbuds from the Charging case, they will pair to each other automatically, then just turn on the Bluetooth menu in your device, find the earbuds and click to connect, very easy. Please notice that the earbuds can be reconnected to your device automatically after initial pairing. TRUE WIRELESS AND HIFI-STEREO SOUND you will not worry about the headset cord Drop off when moving the phone, No wire tangles. True wireless stereo featured earbuds with advanced Bluetooth 5.0 technology with deep bass and crystal clear treble, ensure premium sound quality, gives you perfect listening sensation. ENHANCED STABLE SIGNAL CONNECTION The wireless earbuds are designed with an advanced chipset and ensuring a faster and stable signal connection and transmission. No need to worry about walking away or losing connection. BUILT-IN DUAL MICROPHONES With a built-in microphone on both sides earbuds, allows you to make hands-free calls from either one. Provide clear and sound quality phone calls.",AQFIT A11 (TWS),-,-,-,,,,,,,,,,,,,,,,,,,,,,,,,,,,,,,,,,,,,,,,,,,,,,,,
belkin-soundform-move-true-wireless-earbuds-pac001btbk-gr.html,https://www.neostore.com.np/assets/uploads/PAC001btBK_3.jpg,https://www.neostore.com.np/assets/uploads/PAC001btBK_2.jpg,https://www.neostore.com.np/assets/uploads/PAC001btBK.jpg,https://www.neostore.com.np/assets/uploads/PAC001btBK_3.jpg,Belkin SoundForm Move True Wireless Earbuds PAC001btBK-GR,"Quality sound performance Up to 5 hours playtime per charge, plus 19 hours in the case Seamless, easy Bluetooth connection 3 size silicon ear tips for custom comfortable fit Microphone and touch controls in each earbud Compact, convenient charging case IPX5 rated for sweat and splash resistance 1-year warranty","Current Price: Rs.5,600, Original Price: Rs.5,900",Earbud,Belkin,Black,Bluetooth,N/a,10 Meters,n/a,5 Hours,IPX5 water resistance technology.,1 Year,," Sound That Moves You Enjoy high-quality sound for your music, podcasts, and phone calls with SOUNDFORM Move wireless earbuds, designed for life on-the-go. A complete seal and 3 sizes of silicon ear tips keep the buds secure in your ears while delivering quality sound, and simple touch controls plus a microphone in each bud streamline phone calls and listening on-the-go. With up to 5 hours of playtime per charge, plus another 19 hours in the case, these IPX5 rated earbuds are your new go-to buds.  Quality Sound Performance A complete seal and custom in-ear fit deliver quality sound and a difference you’ll both hear and feel. Recharge On-the-go With up to 5 hours of playtime per charge, plus another 19 hours in the case, you’ll never be without all-day power for your buds. Seamless, Reliable Bluetooth Pairing Easily pair to both iOS and Android devices with Bluetooth 5.0, and enjoy up to 10M/30ft range. All-day Comfort Small, medium, or large silicon ear tops are ergonomically shaped for a secure and comfortable in-ear fit.  Take Calls With Either Earbud Both buds include a built-in microphone for making and taking phone calls while leaving your other ear free. Touch Control Convenience Each wireless bluetooth earbud also responds to touch controls on its own, for easy on-the-go listening. Portable, Charging Case The included charging case fits easily in a pocket or purse, and includes an LED light indicator to gauge remaining battery life.",Belkin SoundForm Move True Wireless Earbuds,N/a,100 grams,,PAC001btBK-GR,,,,,,,,,,,,,,,,,,,,,,,,,,,,,,,,,,,,,,,,,,,,,,,
belkin-soundform-pulse-noise-cancelling-earbuds-auc007btwht.html,https://www.neostore.com.np/assets/uploads/asd_1_2.jpg,https://www.neostore.com.np/assets/uploads/asd_1.jpg,https://www.neostore.com.np/assets/uploads/asd_1_3.jpg,https://www.neostore.com.np/assets/uploads/asd_1_2.jpg,Belkin SoundForm Pulse Noise Cancelling Earbuds AUC007btWHT,"35 total hours of battery life Mono mode allows use of single earbud to conserve battery life and stay alert of surroundings Hybrid ANC neutralizes ambient noise so you can focus on the sounds you want to hear Multipoint technology connects and seamlessly switches between two devices Hear-Thru mode allows in the right amount of background sound so you can stay alert Three mics per earbud for the clearest calls possible 12mm dynamic drivers deliver premium sound quality Google Fast Pair discovers and connects earbuds to Android devices with a simple tap Touch controls to play, pause, or skip music, and take calls with just a few taps. Free SoundForm app provides additional customizations with EQ settings, adjustable Hear-thru mode, and locate misplaced earbuds with Belkin’s Ping My Earbuds feature Comfortable fit IPX5-rated sweat + water resistance","Current Price: Rs.16,055, Original Price: Rs.16,900",Earbud,Belkin,White,Bluetooth,N/a,10 Meters,n/a,7 Hours,IPX5 water resistance technology.,1 Year,," Feel the pulse of your music. You’ll keep the music going with up to 35 hours of total playtime and appreciate quick connection on any smartphone, including the Android-friendly Google Fast Pair. Featuring a Bluetooth® chipset with Multipoint connection, you’ll seamlessly switch between phones, tablets, and laptops, never missing a call or notification during work or play. The final touches come with our complimentary SoundForm app, allowing you to dial in your preferred acoustic experience with custom EQ settings. Download the SoundForm app to update the firmware for your compatible Belkin earbuds, personalize EQ settings, adjust hear-thru levels, manage noise cancellation, and more. Android: Here
IOS: Here All-day battery life. Get up to 35 hours total battery life with 7 hours of playtime in the earbuds and 28 in the charging case.
You can use both earbuds or one at a time with Mono Mode to extend battery life and stay alert of surroundings. Cut the noise, not the sound. Hybrid ANC seeks out ambient noise and cancels it for clearer calls, eliminates noise and distraction, and provides an ideal listening experience.  Stay alert to your surroundings. Hear-thru mode allows just the right amount of surrounding sound back in when you need to. Multiple device connection. An advanced Bluetooth® chipset offers Multipoint connection, so you’ll have premium audio as you seamlessly switch between multiple devices. You won’t miss an important call while playing media on another device.",Belkin SoundForm Pulse Noise Cancelling Earbuds,N/a,130 grams,,AUC007btWHT,,,,,,,,,,,,,,,,,,,,,,,,,,,,,,,,,,,,,,,,,,,,,,,
belkin-soundform-rhythm-true-wireless-earbuds-auc012btbk-auc012btwh.html,https://www.neostore.com.np/assets/uploads/belkin_rhythm_9.jpg,https://www.neostore.com.np/assets/uploads/belkin_rhythm_5.jpg,https://www.neostore.com.np/assets/uploads/belkin_rhythm_4.jpg,https://www.neostore.com.np/assets/uploads/belkin_rhythm_3.jpg,"Belkin Soundform Rhythm True Wireless Earbuds AUC012btBK ,  AUC012btWH","Product Code: AUC012btBK ,  AUC012btWH Make the most of every day with SoundForm Rhythm, featuring seamless Bluetooth® pairing and controls. Clear Call Quality reduces background noise and Bluetooth multipoint allows for two-device connection. Enjoy 8 hours of non-stop playtime, plus another 20 hours of playtime with the charging case.","Current Price: Rs., Original Price: Rs.",,Belkin,,,,,,,IPX5,1 Year,,"  Extended Playtime Extended battery life gets at least 8 hours of non-stop playtime, with an additional 20 hours of battery life in the charging case  BELKIN SIGNATURE SOUND + CLEAR CALL QUALITY: These wireless earbuds are engineered to deliver full, balanced high-fidelity audio, while Environmental Noise Cancellation (ENC) cancels out background noise so people can hear you more clearly.  BLUETOOTH MULTIPOINT 2-DEVICE CONNECTION: Stay connected to 2 devices at once; enjoy a seamless transition from your laptop to your iPhone and vice versa. Switch back and forth between taking calls on the laptop and listening to music on your phone.  DURABLE EARBUDS: These Bluetooth earbuds and their case are durability tested* to withstand drops and spills. IPX5 compliance ensures sweat and water resistance, so you can work out a sweat during exercise and stay prepared for potential accidents.",,,,,,"AUC012btBK ,  AUC012btWH",6mm,32 Ohms,Available,ENC,v5.3,1 Pear Earbud (2 in total),"20 Hz - 20,000 Hz",8Hrs in earbuds,20hrs in Case,28Hours,,,,,,,,,,,,,,,,,,,,,,,,,,,,,,,,,,,,
belkin-soundform-rise-true-wireless-earbuds.html,https://www.neostore.com.np/assets/uploads/SOUNDFORM_3.jpg,https://www.neostore.com.np/assets/uploads/SOUNDFORM_2.jpg,https://www.neostore.com.np/assets/uploads/SOUNDFORM_41.jpg,https://www.neostore.com.np/assets/uploads/SOUNDFORM_3.jpg,Belkin SoundForm Rise True Wireless Earbuds,"Code: AUC004btBK/ AUC004btBL/ AUC004btWH  31 hours of combined battery life Excellent sound quality Low latency for superior video streaming Dual connect technology and 2 microphones in each earbud Bluetooth compatible with 10m/30ft range IPX5 rated against water and sweat 3 size comfortable ear tips Protected by a 1-year warranty Available in Black, White and Blue Colors","Current Price: Rs., Original Price: Rs.",Earbud,Belkin,"Black, White, Blue",Bluetooth,N/a,10 Meters,n/a,7 Hours,IPX5 water resistance technology.,1 Year,," Rise Into Great Sound The sound quality you expect from great earbuds with convenient features that go above and beyond. Two microphones in each earbud mean you’ll always be heard on calls. The SOUNDFORM Rise True Wireless Earbuds are designed to get you through even the longest days with an impressive 7 hours of charge in each earbud and another 24 hours in the wireless charging case. The IPX5 water resistance rating protects them rain or shine while easy-to-use controls offer the power to change volume, skip tracks, and take calls, all at your fingertips.  Extra-Long Battery Life 7 hours of playtime per charge, plus another 24 hours of battery life in the wireless charging case. Power back up quickly with just ten minutes of charge yielding one hour of playtime. Elevated, Powerful Sound 6mm dynamic drivers deliver a consistent and high-quality listening experience for music, podcasts, or taking calls.  Crystal Clear Call Quality Two microphones in each earbud and clear-call environmental noise cancelling technology keep calls connected and clear. Qi Wireless Charging Case Recharge the earbuds quickly and easily in their included wireless case.  Sweat and splash-resistant IPX5-rated materials protect the earbuds’ inner technology from workouts and weather. Customizable comfort Included silicone ear tips in 3 sizes allow for all day use and comfort.",Belkin SoundForm Rise True Wireless Earbuds,N/a,113 grams,,AUC004btBK/ AUC004btBL/ AUC004btWH,,,,,,,,,,,,,,,,,,,,,,,,,,,,,,,,,,,,,,,,,,,,,,,
cmf-buds-pro-2-by-nothing.html,https://www.neostore.com.np/assets/uploads/budzz_2.jpg,https://www.neostore.com.np/assets/uploads/budzz.jpg,https://www.neostore.com.np/assets/uploads/budzz_2.jpg,https://www.neostore.com.np/assets/uploads/budzz.jpg,CMF Buds Pro 2 By Nothing,"Meet the industry's first customisable Smart Dial. Twist to adjust volume and manage playback. Press to control noise cancellation, activate the Voice Assistant, switch to Low Lag Depth: up to 50 dB • Hybrid Active Noise Cancellation Effortless Touch Control - Double tap to skip forward,answer/hang up calls. 5000 Hz EXTREME WIDE BAND NOISE CANCELLATION Touch Control • 39 HOURS TOTAL PLAYBACK, 10 MINS CHARGE = 5 HRS LISTENING • Dirac Opteo™ , Dirac Opteo™ • 6 HD MICS WITH CLEAR VOICE TECHNOLOGY CUSTOMISE SOUND WITH THE ADJUSTABLE EQUALISER BLUETOOTH 5.3 AND FAST PAIR IP55 DUST & WATER RESISTANCE NOTHING X APP & NOTHING PHONE","Current Price: Rs., Original Price: Rs.",Earbud,CMF by Nothing,"Black (Dark grey), Light Grey, Orange & Blue",Bluetooth v5.3,20Hz - 20KHz,10 Meters,"Type-C wired charging-to-full time (charging case + earbuds): 70 mins for a full charge
The charging case charges the earbuds to full: 60 mins for a full charge","AAC
Playback with ANC off: Up to 43 hours with case and up to 11 hours with buds only
Playback with ANC on / Transparency Mode: Up to 26 hours with case and up to 6.5 hours with buds only",P55 buds,12 Months,," Instinctive Navigation Meet the industry's first customisable Smart Dial. Twist to adjust volume and manage playback. Press to control noise cancellation, activate the Voice Assistant, switch to Low Lag Mode or mute your microphone during meetings. Tailor your experience further by pre-setting functions in the Nothing X app. Sound Remastered Feel every sound detail with dual-driver acoustics. Enjoy deep bass from the 11mm driver with a titanium coating and crisp treble from the 6mm tweeter. Supported by a strong N52 magnet and copper voice coil for powerful output, these speakers deliver high fidelity audio from 20 Hz to 40 KHz - capturing every detail with clarity and precision.  Hi-RES Certified Clarity Experience crisp, extra clear sound with LDAC™ technology. Certified for Hi-Res Audio Wireless and boasting a transmission rate of up to 990 kbps/24 bits/96 kHz – 3 times faster than traditional wireless methods –, LDAC™ preserves sound details for a supreme listening experience. Just like a sound studio in your ears. 360° Cinematic Sound Spatial Audio Effect is based on the Head-Related Transfer Function (HRTF) for spatial sound supported by unlimited Bluetooth devices and audio sources. Get fully surrounded by rich, cinema-grade sound. High-Definition Sound Powered By DIRAC™ Dirac Opteo™ revolutionises sound performance by addressing acoustical limitations, ensuring you hear music as the artist intended. It makes the sound staging more accurate, the details richer, the bass deeper and the voice clarity crisp. Your On-The-Go Sound Filter Enjoy pristine audio clarity and uninterrupted focus with advanced Hybrid Active Noise Cancellation of up to 50 dB and an expansive frequency range of up to 5000 Hz. The ANC technology efficiently silences a wide spectrum of ambient sounds – from everyday conversations to rumbling subway trains. Smart Active Noise Cancellation Buds Pro 2 automatically detect and compensate for any noise leakage between the earbud and your ear canal, ensuring optimal noise cancellation every time you wear them. Simply switch to the Adaptive mode in the Nothing X app to use the environmental adaptive ANC – for a tailored experience wherever you go.  11 Hours Earbuds only",,,,,,,,,,,,,,,,,,,,,,,,,,,,,,,,,,,,,,,,,,,,,,,,,,,,
fantech-tws-tx-1-mithril-5-0-wireless-earbuds.html,https://www.neostore.com.np/assets/uploads/uploads/2021/02/fantech-_0011_q11.jpg,https://www.neostore.com.np/assets/uploads/uploads/2021/02/fantech-_0012_q5_1_.jpg,https://www.neostore.com.np/assets/uploads/uploads/2021/02/fantech-_0013_q2_65.jpg,https://www.neostore.com.np/assets/uploads/uploads/2021/02/fantech-_0011_q11.jpg,Fantech TWS Tx-1 MITHRIL 5.0 Wireless Earbuds,"Fantech TWS Tx-1 MITHRIL Earbuds featured with 500mah (Connector–type -c) Case Battery. These earbuds are IP x4 Sweat and Splash Resistant and also provides 1 hour charge and up to 5 hours backup, Automatic Pairing (with the last connected device), Touch Control and Voice Assistant Compatible, Custom Tuned Driver Technology. This new Fantech Earbuds will provide you Up to 5 hours Music Time, 120hours Standby time. It is also Touch Control and Voice Assistant Compatible.","Current Price: Rs.3,499, Original Price: Rs.8,999",Earbuds,Fantech,-,Bluetooth 5.0,,10m,"1 Hour Charging Time, Upto 250 Hours Standby Time",,,,,"Fantech Mithril Wireless Earbuds Fantech Mithril Wireless Earbuds is one of the best products available in the market. The Fantech is an innovator of Gaming Gear and Lifestyle Products. Ergonomic Design With round soft silicone ear tips, it may offer better wearing stability and comfort when in use. Whether you're running or leaping, the earbuds will stay in your ear securely. The Advanced Bluetooth 5.0 Technology HSP, HFP, A2DP, and AVRCP are all supported. In-call stereo sound is available. Also, Improve the transmission speed while maintaining a low-latency listening experience. Touch Control Features with touch control sensors by which Earbud can largely minimize the pressure to your ears when you touch the panel for various functions. Compatibility The earbuds are suitable for android smartphones and iPhone devices, iPad, iPod, Windows Device, Mp3 Player, compatible with most devices. Waterproof Earbuds and a charging case make it possible to waterproof. It is suitable for sports to prevent water. Ideal for sweating it out at the gym. Also, the Earbuds and case are easy to clean. Transparency Mode You can hear what you want to hear, and you can hear and engage with the world around you by allowing outside sound in. Without taking off the headphones, you can clearly hear the aircraft or subway announcements as well as what is going on around you. Additional Features:",,,4.5 Grams,,,TX-1,,,,,,,,,,,"4,500",,,,,,,,,,,,,,,,,,,,,,,,,,,,,,,,,,,
gravastar-sirius-p5-tws-earphones---defence-armor-v2.html,https://www.neostore.com.np/assets/uploads/p5_31.jpg,https://www.neostore.com.np/assets/uploads/p51.jpg,https://www.neostore.com.np/assets/uploads/p5_21.jpg,https://www.neostore.com.np/assets/uploads/p5_31.jpg,Gravastar Sirius P5 TWS Earphones - Defence Armor V2,"GravaStar was born from the founder Yong’s vision to create a futuristic, cyberpunk world fusing sci-fi with hi-fi. The Sirius P5 TWS Earphones gives out a sci-fi, mecha viber with immersive clear sound with dynamic bass!","Current Price: Rs.11,390, Original Price: Rs.11,990",Earbud,Gravastar,Gray,Bluetooth v5.2,20Hz - 20KHz,10 Meters,2 Hours,40 hours of Extended Playtime,IPX4 water resistance technology.,1 Year,," Various Interchangeable cases to customize your style The first to offer interchangeable cases with unique, sci-fi inspired designs that allow you to customize based on style and preference. The Sirius P5 Combo comes with Defense Armor, Defense Mecha, and Defense Crystal. More designs will come in the future!  Unique design, Collectible, Creativity ""Our audio products take inspiration from sci-fi and cyberpunk characteristics, for Sirius P5, we stepped further by making different collectible cases to it.” said Yong, GravaStar founder and industrial designer.  IMMERSIVE, CLEAR SOUND WITH DYNAMIC BASS The open-ear Sirius P5 features 12mm dynamic drivers and aptX high-definition. The 12mm drivers are able to cover a wide range of frequencies while delivering powerful, deep bass at a high volume using less power. Qualcomm aptX high definition delivers high resolution audio over Bluetooth with clear, industry-leading stereo sound and no interference.  STABLE AND FAST Built with the latest Qualcomm 3046 chip and featuring Bluetooth 5.2, Sirius P5 boasts a fast and stable connection. Sound is tailored to activity, with 48ms low latency for Gaming Mode to pinpoint movements and clear, natural vocals with concert acoustics in Music Mode. Additionally, Sirius P5 supports multipoint connection, you can connect it to 2 different devices, and then switch between them smoothly and easily.  THE POWER OF 40‑HOUR BATTERY LIFE Sirius P5 delivers a long 8 hours of listening time on one charge. The charging case holds another 4 charges, you will get 40 hours of listening time in total. The indicator light by the side can easily tell you the level of the battery your earbuds hold.  LIGHTWEIGHT DESIGN for different uses Each earbud weighs only five grams and fits snugly inside the ear with Environment Noise Canceling to block out any external noise for a superior, stable audio experience in any situation. An IPX4 waterproof rating resistant to sweat and water is perfect for outdoor and athletic activities.  HOP IT ON WITH NECKLACE Turn the earbuds into a fashionable and wearable accessory. All the cases from Sirius P5 Combo are workable with the necklace that comes along. Never easy to let your earbuds get lost. ",,,,,,,,,,,,,,,,,,,,,,,,,,,,,,,,,,,,,,,,,,,,,,,,,,,,
hifuture-colorbuds-2-earbuds.html,https://www.neostore.com.np/assets/uploads/colorbuds_2_2.jpg,https://www.neostore.com.np/assets/uploads/colorbuds_21.jpg,https://www.neostore.com.np/assets/uploads/colorbuds_31.jpg,https://www.neostore.com.np/assets/uploads/colorbuds_2_2.jpg,Hifuture Colorbuds 2 Earbuds,True Wireless Stereo 5.3 Superior Talking Quality Smart Touch Command Stable Connection Two Master Technology Hifuture Soft Bass Sound IPX5 Waterproof Light & Perfect in Ear,"Current Price: Rs.2,399, Original Price: Rs.",Earbud,Hifuture,"Black, White, Pink",Bluetooth,N/a,10 Meters,n/a,15,IPX5 water resistance technology.,6 Months,," Smart Tap Controls Seamless gestures minimize your efforts to control ColorBuds2. With just one smooth tap you can play/pause and answer calls effortlessly. Charge Once & Keep Playing With a powerful battery, ColorBuds2 lets you keep playing music for up to 5 hours and 15 hours in a charging case. While you’re done vibing on music, you can simply pop them in the case to get additional backup. Soft Bass built-in Boost your lows to high vibes with ColorBuds2, as the earbuds let you experience soft bass sound that’s full and balanced at every volume level. Easy Connect Start vibing on a strong, consistent signal using wireless 5.1 lets you connect seamlessly as soon as you take them out of the case. Clear Conversations ColorBuds2 keeps everything accessible. The wireless earbud has a tiny mic that solely focuses on the sound of your voice while filtering out the background noises. ",Colorbuds 2,N/a,n/a,-,,,,,,,,,,,,,,,,,,,,,,,,,,,,,,,,,,,,,,,,,,,,,,,,
hifuture-flybuds-3-earbuds.html,https://www.neostore.com.np/assets/uploads/299.jpg,https://www.neostore.com.np/assets/uploads/370.jpg,https://www.neostore.com.np/assets/uploads/427.jpg,https://www.neostore.com.np/assets/uploads/299.jpg,Hifuture Flybuds 3 Earbuds,"Noise Cancellation: ENC & 4 Microphone Built-In 10mm Driver Type-C Charging Port Waterproof: IPX5, Sweat Resistance Bluetooth 5.3","Current Price: Rs.3,999, Original Price: Rs.",Earbud,Hifuture,"Black, White, Cyan",Bluetooth v5.2,N/a,10 Meters,n/a,30 Hours,IPX5 water resistance technology.,1 Year,," Own The Subject's Voice We can’t stop background noises, so FlyBuds3 has got an in-built Environmental Noise Cancelling feature that lets you experience pure bliss that perfectly fits you.  No More 'Pardon Please' We can’t stop background noises. FlyBuds3 has got an in-built Environmental Noise Cancelling feature that lets you experience pure bliss that perfectly fits you.  Put Up The Style FlyBuds3 appears as an ultra-lightweight. No matter if you wear it for hours, it won’t feel edgy on your best music playlist.  Feel Untrapped With Smart Tap Control music and answer calls with just one smart touch tap. FlyBuds3 smart touch sensor makes your life untied from all needless activities. Scale up your style with FlyBuds3. The earbud comes with transparent and flawless material case that lets your gadget stylish and lavish looking. Total Playback Keep the energy charged up all day with up to 6 hours in a single charge + 24 hours as a reward battery backup in the charging case. ",Hifuture Flybuds 3 Earbuds,N/a,n/a,,,,,,,,,,,,,,,,,,,,,,,,,,,,,,,,,,,,,,,,,,,,,,,,,
jbl-earbuds-tune-flex-perfect-fit.html,https://www.neostore.com.np/assets/uploads/Tune_Flex_3.jpg,https://www.neostore.com.np/assets/uploads/Tune_Flex.jpg,https://www.neostore.com.np/assets/uploads/Tune_Flex_2.jpg,https://www.neostore.com.np/assets/uploads/Tune_Flex_3.jpg,JBL Earbuds Tune Flex Perfect Fit,Bluetooth version: 5.2 Wireless range: 10 m Battery life: 32 hrs | Charging time: 2 hrs Customizable Eartips for All-day fit & comfort | Stick open design | Sealing ear tip mode Active Noise Cancelling to minimize audio distractions | Smart Ambient to be aware of surroundings while listening to music | Talk Thru for a quick chat without having to remove your earbuds JBL Headphones App for Customizing your listening experience | 4 Mics for Clarity | VoiceAware | IPX4 water resistant and sweatproof,"Current Price: Rs.13,500, Original Price: Rs.",,JBL,,,,,,,IPX4,1 Year,," JBL Pure Bass Sound Smartly designed 12mm drivers enhanced by the stick form factor deliver JBL's Pure Bass Sound so you'll feel every pulsing beat.  Active Noise Cancelling with Smart Ambient Hear more of what you want, less of what you don't. Active Noise Cancelling technology with 2 microphones lets you minimize audio distractions. With Ambient Aware, you can tune into your surroundings at any time so that you feel safer when you're out in the world, while TalkThru lets you stop for a quick chat without having to remove your headphones.  4 mics for perfect calls Enjoy hassle-free, hands-free calls in stereo. The Tune Flex are equipped with 4 microphones, so you'll always be heard with perfect clarity. Never hesitate to take or make a call again. And with VoiceAware, you can choose how much of your own voice to hear by controlling the amount of mic input routed back into your earbuds. ",,,,,,Tune Flex,12mm,32 Ohms,Available,ANC,v5.2,1 Pear Earbud (2 in total),"20 Hz - 20,000 Hz",8Hrs in earbuds,24hrs in Case,32 Hours,,,,,,,,,,,,,,,,,,,,,,,,,,,,,,,,,,,,
jbl-tune-215-tws.html,https://www.neostore.com.np/assets/uploads/JBL_Tune_215_TWS_2.jpg,https://www.neostore.com.np/assets/uploads/JBL_Tune_215_TWS_3.jpg,https://www.neostore.com.np/assets/uploads/JBL_Tune_215_TWS.jpg,https://www.neostore.com.np/assets/uploads/JBL_Tune_215_TWS_2.jpg,JBL Tune 215 TWS,"Stay Connected, Stay Wireless. Feel at one with your music and your world, with no wires holding you back. Your favorite music sounds better with JBL Pure Bass. Ultra-comfortable, the JBL TUNE 215TWS headphones keep you on top of your world, for 25 hours. Easily manage calls and Voice Assistant from either earbud or both with Dual Connect. And save battery life, so that you can listen longer or quickly recharge with USB type-C.","Current Price: Rs.9,500, Original Price: Rs.",Earbud,JBL,"Black, White",Bluetooth v5.0,20Hz - 20KHz,10 Meters,2 Hours,5 hours of Extended Playtime,N/A.,1 year,," Feel The Bass JBL has been powering festivals and concerts around the world for decades. Now let JBL bring your own world to life with incredible Pure Bass sound.  Freedom From Wires Tangled in your bag, caught in your jacket or stuck in your hair, wires can get in your way. Experience total freedom with no cords with the True Wireless JBL TUNE 215TWS earbuds.  Listen For Longer With up to 25 hours (5 hours from the earbuds and 15 hours from the case) of battery life, you can listen all day and all night. Keep your own private concert going for as long as you can keep up.",,,,,,,,,,,,,,,,,,,,,,,,,,,,,,,,,,,,,,,,,,,,,,,,,,,,
mivi-duopods-a750-true-wireless-earbuds.html,https://www.neostore.com.np/assets/uploads/a750.jpg,https://www.neostore.com.np/assets/uploads/a750_2.jpg,https://www.neostore.com.np/assets/uploads/a750.jpg,https://www.neostore.com.np/assets/uploads/a750_2.jpg,Mivi Duopods A750 True Wireless Earbuds,With the Multi-connectivity feature now you can connect with your laptop and mobile simultaneously. Multitask effortlessly in this ecosystem of seamless connectivity.,"Current Price: Rs.3,100, Original Price: Rs.",Earbud,Mivi,Black,Bluetooth v5.3,N/a,10 Meters,charge 10 mins for 500 minutes,55 Hours,IPX4 water resistance technology.,1 Year,,,Mivi Duopods A750 True Wireless Earbuds,,n/a,,,,,,,,,,,,,,,,,,,,,,,,,,,,,,,,,,,,,,,,,,,,,,,,,
mivi-duopods-a850-earbuds.html,https://www.neostore.com.np/assets/uploads/a8_2.jpg,https://www.neostore.com.np/assets/uploads/a8.jpg,https://www.neostore.com.np/assets/uploads/a8_2.jpg,https://www.neostore.com.np/assets/uploads/a8.jpg,Mivi Duopods A850 Earbuds,With the Multi-connectivity feature now you can connect with your laptop and mobile simultaneously. Multitask effortlessly in this ecosystem of seamless connectivity.,"Current Price: Rs.3,300, Original Price: Rs.",Earbud,Mivi,"Black, White & Mint",Bluetooth v5.3,N/a,10 Meters,charge for 10 mins for 500 mins play time,50 Hours,IPX4 water resistance technology.,1 Year,,,Mivi Duopods A850 Earbuds,,n/a,,,,,,,,,,,,,,,,,,,,,,,,,,,,,,,,,,,,,,,,,,,,,,,,,
mivi-duopods-d4-earbuds.html,https://www.neostore.com.np/assets/uploads/d4_2.jpg,https://www.neostore.com.np/assets/uploads/d41.jpg,https://www.neostore.com.np/assets/uploads/d4_2.jpg,https://www.neostore.com.np/assets/uploads/d41.jpg,Mivi Duopods D4 Earbuds,"Crafted uniquely for your personality, DuoPods D4 is engineered to bring out the best of your vibe from the moment you plug it in. Open up to the groovy side of comfort, technology, sleekness, and more, crafted to perfection by Mivi Design Studios.","Current Price: Rs.2,699, Original Price: Rs.2,899",Earbud,Mivi,Black & Blue,Bluetooth v5.3,N/a,10 Meters,charge for 10 mins for 500 mins,50 Hours,IPX4 water resistance technology.,1 Year,," Crafted uniquely for your personality, Mivi DuoPods D4 TWS is engineered to bring out the best of your vibe from the moment you plug it in. Unfold the clarity of in-person conversation through crisp and clear calls powered by AI ENC. ",Mivi Duopods D4 Earbuds,,n/a,,,,,,,,,,,,,,,,,,,,,,,,,,,,,,,,,,,,,,,,,,,,,,,,,
nothing-ear-a-.html,https://www.neostore.com.np/assets/uploads/ear_a_1.jpg,https://www.neostore.com.np/assets/uploads/ear_a_1.jpg,,,Nothing Ear(a),Signature Nothing design 45 dB active noise cancellation Powerful dynamic 11 mm driver Next-level sound with LDAC Bass Enhance algorithm Up to 42.5 hours of listening time,"Current Price: Rs., Original Price: Rs.",Earbud,Nothing,Black,Bluetooth v5.3,20Hz - 20KHz,10 Meters,fast charging- 10 minutes of charging = 10 hours of use,Up to 42.5 hours with case and 9.5 hours with buds,IP54 water resistance technology.,12 Months,," Let's play Made for every part of every day, Ear (a) is for the music lovers.
In signature Nothing fashion, Ear (a) evolves our transparent design but takes an iconic new direction with a fresh bubble design. Your pocket's new best friend. Ahead of the curve  Featuring soft contours with a slimmer rectangular format. Extra comfortable for holding in hands or sliding into pockets. Still light as a feather with a total weight of 49.2 g, and just 4.8 g per earbud. Hear wherever you are Adaptive ANC Next-level escapism. Switch between 3 levels of noise cancellation. Or let Ear (a) take control. By selecting 'Adaptive' in the Nothing X app, Ear (a) automatically applies the right level of noise cancellation according to your surroundings in real time, so you don't have to. Extra deep, extra clear With a driver designed to protect each and every detail, high notes hit deeper and lows feel richer.  Play on and on and on All talk, all action. We’ve made space for a bigger battery without compromising on sound. So you can listen for longer. ChatGPT, integrated Use your voice to access ChatGPT on your Nothing audio device, wherever you are. Setup via the Nothing X app. Use with Ear (1), Ear (2), Ear (stick), Ear (a) and Ear.  Voice control Use your voice to access ChatGPT on Ear and Ear (a), wherever you are. Setup via the Nothing X app. Coming soon to Ear (1), Ear (2) and Ear (stick).  Bespoke Nothing Widgets Get the answers you need faster, and at your fingertips. Text, voice or image search right from your home screen.",,,,,,,,,,,,,,,,,,,,,,,,,,,,,,,,,,,,,,,,,,,,,,,,,,,,
ultima-192-atom-earbuds.html,https://www.neostore.com.np/assets/uploads/ultima_3111.jpg,https://www.neostore.com.np/assets/uploads/ultima_21.jpg,https://www.neostore.com.np/assets/uploads/ultima1.jpg,https://www.neostore.com.np/assets/uploads/ultima_311.jpg,Ultima 192 Atom earbuds,"Introducing Atom 192 Wireless Earbuds: Dual-tone design, Bluetooth 5.1, 42hrs playtime, 8mm drivers, and ASAP charge. In Black, Cyan & White","Current Price: Rs.1,999, Original Price: Rs.3,599",Earbud,Ultima,"Black, Cyan And White",Bluetooth,N/a,10 Meters,5mins charge = 75 mins Playtime,42 Hours,IPX4 water resistance technology.,6 Months,, ,Ultima 192 Atom earbuds,N/a,n/a,,,,,,,,,,,,,,,,,,,,,,,,,,,,,,,,,,,,,,,,,,,,,,,,,
ultima-320-atom-earbuds.html,https://www.neostore.com.np/assets/uploads/Ultima_Atom_320_311.jpg,https://www.neostore.com.np/assets/uploads/Ultima_Atom_320_2.jpg,https://www.neostore.com.np/assets/uploads/Ultima_Atom_320.jpg,https://www.neostore.com.np/assets/uploads/Ultima_Atom_320_31.jpg,Ultima 320 Atom Earbuds,"Introducing Atom 320 Wireless Earbuds: Sleek design, 60ms low latency, 18hrs playtime, ASAP charging, and ENC for crystal-clear calls.","Current Price: Rs.1,799, Original Price: Rs.2,899",Earbud,Ultima,Black And White,Bluetooth,N/a,10 Meters,5mins charge = 75 mins Playtime,18 Hours,IPX4 water resistance technology.,6 Months,, ,Ultima 320 Atom Earbuds,N/a,n/a,,,,,,,,,,,,,,,,,,,,,,,,,,,,,,,,,,,,,,,,,,,,,,,,,
ultima-520-atom-earbuds.html,https://www.neostore.com.np/assets/uploads/Atom_520_411.jpg,https://www.neostore.com.np/assets/uploads/Atom_520_3.jpg,https://www.neostore.com.np/assets/uploads/Atom_520_2.jpg,https://www.neostore.com.np/assets/uploads/Atom_520.jpg,Ultima 520 Atom Earbuds,"Introducing the Atom 520 Wireless Earbuds: Sleek, IPX5 water-resistant design, 60ms low latency gaming mode, and ASAP charging.","Current Price: Rs.2,399, Original Price: Rs.2,999",Earbud,Ultima,Black And White,Bluetooth,N/a,10 Meters,5mins charge = 40 mins Playtime,20 Hours,IPX5 water resistance technology.,6 Months,,,Ultima 520 Atom Earbuds,N/a,n/a,,,,,,,,,,,,,,,,,,,,,,,,,,,,,,,,,,,,,,,,,,,,,,,,,
ultima-atom-520-pro.html,https://www.neostore.com.np/assets/uploads/ultima_5111.jpg,https://www.neostore.com.np/assets/uploads/ultima_4.jpg,https://www.neostore.com.np/assets/uploads/ultima_32.jpg,https://www.neostore.com.np/assets/uploads/ultima_22.jpg,Ultima Atom 520 Pro,"Introducing Atom 520 Pro Wireless Earbuds: Sleek design, 45hrs playtime, ASAP Charge, ENC, Touch Controls. Perfect for Android, iOS & Windows. Available in Black & White.","Current Price: Rs.1,899, Original Price: Rs.2,699",,,,,,,,,,,,,,,,,,,,,,,,,,,,,,,,,,,,,,,,,,,,,,,,,,,,,,,,,,,,,,,,
ultima-atom-720-earbuds.html,https://www.neostore.com.np/assets/uploads/front11.jpg,https://www.neostore.com.np/assets/uploads/gold_3.jpg,https://www.neostore.com.np/assets/uploads/black_41.jpg,https://www.neostore.com.np/assets/uploads/gold_11.jpg,Ultima Atom 720 Earbuds,Bluetooth V5.4 with Swift Pair Tech Dual tone with UV coated finish Dynamic audio experience Deep bass & Clear highs 500mAh (Case) & 40mAh*2 (Earbuds) gives you the total of 50Hrs (at 60% volume) 30 Days replacement guarantee,"Current Price: Rs., Original Price: Rs.",Earbud,Ultima,Space black & Space Gold,Bluetooth v5.4,20Hz - 20KHz,upto 10 Meters,"35Mins (Earbuds), 3Hrs (Case)",Buds PlayƟme: Up to 6 Hrs on Single Charge at 60% Volume,IPX4 water resistance technology.,6 Months,,"Experience the Atom 720 Wireless Earbuds from Ultima, the renowned Nepali brand. These earbuds boast a dual-tone UV-coated finish with an iconic curvy body and open-fit design, providing a flawless and snug fit. Enjoy Ultima Supreme Sound with deep bass and clear highs, powered by 13MM*2 dynamic drivers and two built-in EQ modes. With Bluetooth V5.4 for seamless connectivity, up to 50 hours of total playtime, and ENC support for clear calls, the Atom 720 delivers premium performance. Designed for extended comfort, they come with extra silicone ear tips and are IPX4 water-resistant, perfect for long hours of use.",,,,,,,,,,,,,,,,,,,,,,,,,,,,,,,,,,,,,,,,,,,,,,,,,,,,
ultima-atom-820-wireless-ear-buds.html,https://www.neostore.com.np/assets/uploads/Blue_(2)11.png,https://www.neostore.com.np/assets/uploads/Grey_(4).png,https://www.neostore.com.np/assets/uploads/atom820-3.png,https://www.neostore.com.np/assets/uploads/ENC.png,Ultima Atom 820 Wireless Ear Buds,"Model: Atom 820 | Dual Tone Design | Fastest Growing Lifestyle Accessories Brand Bluetooth: V5.3 | Range Upto 10M | Supports Android, iPhone & Windows too Playtime: Total Playtime Upto 25Hrs at 70% Volume | Buds Playtime Upto 4-5hrs on Single Charge at 70% Volume 13MM Dynamic Driver for Loud and Clear Audio | Premium & Comfortable Fit Charging Time: 30Mins (Earbuds), 1.5Hrs(Case) | Charging Port: Type-C Game Mode: 60ms Low Latency | IPX5 Sweatproof | Supports Google & Siri Voice Assistant Supports Environmental Noise Cancellation (ENC) | ASAP Charge : 10mins Charge = 150mins Playback Battery: 350mAh (Case), 35mAh*2 (buds)","Current Price: Rs.1,599, Original Price: Rs.2,999",Earbud,Ultima,Blue & Grey,Bluetooth v5.3,N/a,10 Meters,"30Mins (Earbuds), 1.5Hrs(Case)",25hrs at 70% Volume,IPX5 water resistance technology.,6 Months,," The Ultima Atom 820 Model is a true game-changer in the audio world, redefining how you experience your favorite tunes. With Bluetooth V5.3, it ensures seamless connectivity for an immersive music experience. The 13MM Dynamic Driver delivers exceptional sound clarity and enhanced bass performance, while the low latency feature ensures synchronized audiovisuals, perfect for gaming and video content. Enjoy uninterrupted music with Environmental Noise Cancellation (ENC), immersing yourself in your favorite tunes without distractions. Not to forget, the earbuds boast a massive 25 hours of playtime on a single charge, and the fast charge feature keeps the music going effortlessly. Elevate your sound journey with the Ultima Atom 820 Model and embrace the ultimate music revolution. ",Ultima Atom 820 Wireless Ear Buds,N/a,n/a,,,,,,,,,,,,,,,,,,,,,,,,,,,,,,,,,,,,,,,,,,,,,,,,,
ultima-blaze-gaming-earbuds.html,https://www.neostore.com.np/assets/uploads/Blaze_411.jpg,https://www.neostore.com.np/assets/uploads/Blaze_.jpg,https://www.neostore.com.np/assets/uploads/Blaze_2.jpg,https://www.neostore.com.np/assets/uploads/Blaze_3.jpg,Ultima Blaze Gaming Earbuds,"Introducing Ultima Blaze Gaming Earbuds with ANC, 40 ms Low Latency, 5C Boost Charging, IPX4 Water Resistance, 15m Range and Dual Tone built with Blazing LEDs and a comfortable in-ear fit. Equipped with Bluetooth 5.3 and Swift Pair technology, they provide a stable connection up to 15 meters. Enjoy up to 42 hours of total playtime, clear calls with dual mics on each earbud, and immersive sound with 13mm dynamic drivers.","Current Price: Rs.2,299, Original Price: Rs.2,999",Earbud,Ultima,Black,Bluetooth v5.3,20Hz - 20KHz,15 Meters,35Min (Earbuds); 3H (Case),"Buds Playtime Up to 5 Hours at 60% Volume
			Total Playtime Up to 42 Hours at 60% Volume",IPX4 water resistance technology.,6 Months,," Introducing Ultima Blaze Gaming Earbuds with ANC, 40 ms Low Latency, 5C Boost Charging, IPX4 Water Resistance, 15m Range and Dual Tone built with Blazing LEDs and a comfortable in-ear fit. Equipped with Bluetooth 5.3 and Swift Pair technology, they provide a stable connection up to 15 meters. Enjoy up to 42 hours of total playtime, clear calls with dual mics on each earbud, and immersive sound with 13mm dynamic drivers.",,,,,,,,,,,,,,,,,,,,,,,,,,,,,,,,,,,,,,,,,,,,,,,,,,,,
ultima-boom-141-anc.html,https://www.neostore.com.np/assets/uploads/bb11.jpg,https://www.neostore.com.np/assets/uploads/371.jpg,https://www.neostore.com.np/assets/uploads/aa.jpg,https://www.neostore.com.np/assets/uploads/bb11.jpg,Ultima Boom 141 ANC,"Introducing Boom 141 ANC Earbuds – Dual Tone Matte Finish, 10m Range, 30dB ANC, 45H Playtime, Fast Charge. Available in Space Black & Serene White.","Current Price: Rs.2,399, Original Price: Rs.3,499",,,,,,,,,,,,,,,,,,,,,,,,,,,,,,,,,,,,,,,,,,,,,,,,,,,,,,,,,,,,,,,,
ultima-boom-161-earbuds.html,https://www.neostore.com.np/assets/uploads/37222.jpg,https://www.neostore.com.np/assets/uploads/one6.jpg,https://www.neostore.com.np/assets/uploads/two9.jpg,https://www.neostore.com.np/assets/uploads/3722.jpg,Ultima Boom 161 Earbuds,"Boom 161: Dual-tone wireless earbuds, 42H playtime, 60ms gaming latency, ASAP Charge with 6-months warranty. Available in Deep Black & Mystic White.","Current Price: Rs., Original Price: Rs.",,,,,,,,,,,,"Discover the Ultima Boom 161 EQ Wireless Earbuds, a fusion of style and technology. With a sleek matte finish and dual-tone design, these Bluetooth V5.3 earbuds offer a range of up to 10 meters. Enjoy a gaming advantage with 60ms Low Latency and choose from three EQ modes for a personalized audio experience. The IPX4 Sweat Resistance ensures durability during workouts. With a total playtime of 42 hours, ASAP Charge technology, and touch controls, these earbuds are a perfect daily companion. Available in Deep Black or Mystic White, backed by a 6-month warranty and 15-day replacement guarantee. Elevate your audio with Ultima Boom 161 EQ. ",,,,,,,,,,,,,,,,,,,,,,,,,,,,,,,,,,,,,,,,,,,,,,,,,,,,
ultima-boom-181-earbuds.html,https://www.neostore.com.np/assets/uploads/181_6.jpg,https://www.neostore.com.np/assets/uploads/181_4.jpg,https://www.neostore.com.np/assets/uploads/1812.jpg,https://www.neostore.com.np/assets/uploads/181_6.jpg,Ultima Boom 181 Earbuds,"In-ear wireless earbuds with Bluetooth 5.3, 45Hrs playtime, 45ms low latency, IPX5 water resistance, Active Noise Cancellation, and Type-C fast charging.  Launching on 25th of December, 2024 for Rs. 1999 only (Valid for a limited time period)","Current Price: Rs., Original Price: Rs.",Wireless Earbuds,,,,20Hz-20KHz,,,,IPX5 Water Resistance,6 Months Brand Warranty,,,,,,,,Boom 181,13mm*2 Hi-Fidelity Sonic Drivers,,Active Noise Cancellation (Upto 32dB),,,,,,,,,Specs,Boom Series,In-Ear,Compact and Oval Body with High Grade materials,ErgoFit Design,Flawlessly Tailored Snug Fit,Bluetooth V5.3,Up to 10 Meters,45ms Low Latency,"Ultima Supreme Sound (Hi-Fi Audio Experience with 3X
			more detail)","600mAh (Case), 45mAh*2 (Earbuds)",Up to 6 Hours at 60% Volume,Up to 45Hrs at 60% Volume,35Min (Earbuds); 3H (Case),Type-C,3C BOOST Charging,6 Hrs,10 Mins Charge = 120 Minutes Playtime,Quad Mics with AI Crystal Clear Call Algorithm,2 Default EQ Modes (Signature | Balanced),Yes,Swift Pair Tech,"Yes, Ultima Link (Available on Android & iOS)","Language, Multiple EQ Presets, Custom EQ, Touch
			controls customization, Find my Device, In-app Purchase, Customer Support",No,HFP/HSP/A2DP/AVRCP,AAC/SBC Codecs Supported,"Android, iOS & Windows",Touch Enabled (Silk Touch),"Play, Pause, Next, Forward, Answer & End Calls",Google & Siri,"1N Earbuds Boom 181, 1N Type-C Cable, 1N Warranty Card, 2N Extra Ear tips, 1N User Manual, 1N Catalogue",30 Days Replacement Guarantee,Carbon White & Carbon Black,
ultima-boom-211-earbuds.html,https://www.neostore.com.np/assets/uploads/2111.jpg,https://www.neostore.com.np/assets/uploads/211_2.jpg,https://www.neostore.com.np/assets/uploads/211_3.jpg,https://www.neostore.com.np/assets/uploads/211_4.jpg,Ultima Boom 211 Earbuds,"Introducing Ultima Boom 211- Dual Tone Design, AI ENC for Clear Calls, 45H Playtime, 45ms Low Latency, Deep Bass & Clear Highs. IPX4 Water Resistance, Swift Pair Bluetooth 5.4, App-Controlled EQ Modes.","Current Price: Rs., Original Price: Rs.",,,,,,,,,,,,,,,,,,,,,,,,,,,,,,,,,,,,,,,,,,,,,,,,,,,,,,,,,,,,,,,,
ultima-boom-311-earbuds.html,https://www.neostore.com.np/assets/uploads/3111.jpg,https://www.neostore.com.np/assets/uploads/311_2.jpg,https://www.neostore.com.np/assets/uploads/311_3.jpg,https://www.neostore.com.np/assets/uploads/3111.jpg,Ultima Boom 311 Earbuds,"Introducing Ultima Boom 311 Earbuds with Dual Tone Design, ENC for Clear Calls, 42H Playtime, Low Latency, Deep Bass & Clear Highs. IPX4 Water Resistance, Swift Pair Bluetooth 5.4, App-Controlled EQ Modes.","Current Price: Rs., Original Price: Rs.",Wireless Earbuds,,,,20Hz-20KHz,,,,IPX4 Water Resistance,6 Months Brand Warranty,,,,,,,,Boom 311,10mm*2 Drivers,,Environmental Noise Cancellation (ENC),,,,,,,,,Specs,,In-Ear,,Dual Tone,,Bluetooth V5.4,Up to 10 Meters,,Ultima Supreme Sound (Dynamic Audio Experience with Deep Bass & Clear Highs),"500mAh (Case), 35mAh*2 (Earbuds)",Up to 6 Hours at 60% Volume,Up to 42hrs at 60% Volume,1H (Earbuds); 2H (Case),Type-C,ASAP Charging,5Hrs,5Mins Charge = 75 Mins Playtime,4 Mics with AI ENC,Multiple EQ modes ( 8 presets in Ultima Link App),,Swift Pair Tech,Ultima Link App (Available on both Android and iOS),,,HFP/HSP/A2DP/AVRCP,AAC/SBC Codecs Supported,"Android, iOS & Windows",Touch Enabled,"Play, Pause, Next, Forward, Answer & End Calls",Google & Siri,"1N Earbuds Boom 311, 1N Type-C Cable, 1N Warranty Card, 2N Extra Ear tips, 1N User Manual, 1N Catalogue",30 Days Replacement Guarantee,"Pearl White, Space Black and Lunar Blue",45ms Low Latency
ultima-prime-1-0-premium-wireless-earbuds.html,https://www.neostore.com.np/assets/uploads/prime_421.jpg,https://www.neostore.com.np/assets/uploads/prime_3.jpg,https://www.neostore.com.np/assets/uploads/prime_2.jpg,https://www.neostore.com.np/assets/uploads/prime.jpg,Ultima Prime 1.0 Premium Wireless Earbuds,"Elevate your audio game with Ultima Prime 1.0, premium wireless earbuds featuring 13mm mega titanium drivers for unparalleled sound quality, active noise cancellation up to 30dB, and ultra-low 40ms latency in game mode. With Bluetooth 5.4, IPX5 water resistance, and 60-hour total playtime, these earbuds are engineered for performance. Enjoy crystal-clear calls with 4 MEMS mics and AI-powered call clarity. Available in sleek Star Gold and Space Black.","Current Price: Rs., Original Price: Rs.",Wireless Earbuds,,,,20Hz-20KHz,,,,IPX5 Water Resistance,6 Months Brand Warranty,, Products Description ,,,,,,Prime 1.0,13mm*2 Mega Titanium Drivers,,Active Noise Cancellation (Upto 30dB),,,,,,,,,,Premium Earbuds,In-Ear,Compact and Oval Body with High Grade materials,Elegant Design with Smooth Chrome Detailing,Flawlessly Tailored Snug Fit,Bluetooth V5.4,Up to 10 Meters,40ms Low Latency,Ultima Supreme Sound (Hi-Fi Audio Experience with 3X more detail),"600mAh (Case), 45mAh*2 (Earbuds)",Up to 8 Hours at 60% Volume,Up to 60hrs at 60% Volume,35Min (Earbuds); 3H (Case),Type-C,3C BOOST Charging,6 Hrs,10 Mins Charge = 2 Hours Playtime,4 MEMS Mics with AI Clear Call Algorithm,2 Default EQ Modes (Signature | Balanced),Yes,Swift Pair Tech,"Yes, Ultima Link (Available on Android & iOS)","Language, Multiple EQ Presets, Custom EQ, Touch controls customization, Find my Device, In-app Purchase, Customer Support","Yes, can connect Smartphone and Laptop at once",HFP/HSP/A2DP/AVRCP,AAC/SBC Codecs Supported,"Android, iOS & Windows",Touch Enabled (Silk Touch),"Play, Pause, Next, Forward, Answer & End Calls",Google & Siri,"1N Earbuds Prime 1.0, 1N Type-C Cable, 1N Warranty Card, 2N Extra Ear tips, 1N User Manual, 1N Catalogue",30 Days Replacement Guarantee,Star Gold & Space Black,
xiaomi-redmi-buds-4-active.html,https://www.neostore.com.np/assets/uploads/buds_4_active_3.jpg,https://www.neostore.com.np/assets/uploads/buds_4_active_2.jpg,https://www.neostore.com.np/assets/uploads/buds_4_active.jpg,https://www.neostore.com.np/assets/uploads/buds_4_active_3.jpg,Xiaomi Redmi Buds 4 active,Package contents  Redmi Buds 4 Lite Earbuds. Redmi Buds 4 Lite Charging Case. Type-C Cable. User Manual.,"Current Price: Rs.2,999, Original Price: Rs.",Earbud,Xiaomi,White,Bluetooth 5.3,,10 Meters,120 min (case) 90 min (earbuds),6 Hours,IP54* dust and water-resistance,,,"12mm Dynamic Driver
Reliable, Incredible Sound Quality NEW: The 12mm dynamic driver brings incredible performance. Low distortion, richer bass and clearer high tones, leading to a THD≤0.1% rating, as verified by the Xiaomi Acoustics Laboratory.  Noise cancellation for calls Outstanding performance in noisy environments Each earbud comes equipped with a high-sensitivity microphone that leverages to mitigate ambient background noise interruptions, ensuring optimal clarity of speech for effective communication even in noisy environments.  28-hour ultra-long battery life Let good music keep you company longer The earbuds’ battery life lasts up to 5 hours on a single charge and up to 28 hours* with the portable charging case, so you can enjoy great music day and night  Fast charging Say goodbye to frequent recharging Fast charging means that after charging for 10 minutes, you can enjoy another 110 minutes of listening*. Take a quick break and then pick up right where you left off in your music journey. Low latency mode
Always in sync. Backed by Bluetooth® 5.3*, turn on low-latency mode when playing mobile games for a next-level gaming experience. Make rapid decisions in real-time with audio that is faster than other standard headphones, for those game-winning plays. 5.3 Fully upgraded The earbuds are now equipped with the latest Bluetooth 5.3 technology, which allows for reduced power consumption, greater signal stability, and stronger resistance to interference. Even when surrounded by multiple devices, it still provides reliable transmission without any interference.  Low-latency mode Smooth gaming experience With Bluetooth® 5.3, you can easily initiate low-latency mode for an immersive gaming experience with exceptional precision. Ensuring you don't miss any crucial moments in the game and enabling you to efficiently control it with accuracy.  Touch control Control from anywhere The touch control operations* allow you to smoothly and easily switch between different modes using light touches. ",Xiaomi Redmi Buds 4 active,Wireless,36g,,,,,,,,,,,,,,,,,,,,,,,,,,,,,,,,,,,,,,,,,,,,,,,,,
xiaomi-redmi-buds-4-lite.html,https://www.neostore.com.np/assets/uploads/buds_4_lite_22.jpg,https://www.neostore.com.np/assets/uploads/buds_4_lite_31.jpg,https://www.neostore.com.np/assets/uploads/buds_4_lite2.jpg,https://www.neostore.com.np/assets/uploads/buds_4_lite_22.jpg,Xiaomi Redmi Buds 4 Lite,35 + 320 mAh Single earbuds weight : Around 3.9g Total weight : Around 34.6g Buletooth version 5.3 Operating Distance 10m,"Current Price: Rs.3,499, Original Price: Rs.",Earbud,Xiaomi,Black,Bluetooth 5.3,,10 Meters,5mins for 1 hour of playback,20 hours including case,IP54 dust and water-resistance,,,"12mm dynamic diaphragm. Reliable and incredible sound quality NEW: The 12mm dynamic diaphragm offers incredible performance. Low distortion, richer bass, and lighter high tones, resulting in a THD ≤ 0.1% rating, tested by the Xiaomi Acoustic Laboratory. Compatible with Google Fast Pair. Just open the lid and you're done. With a single touch, the Redmi Buds 4 Lite offer a quick and effortless Bluetooth pairing with your Android devices. You can even check where you last left them. Bluetooth ® 5.3. Faster, more stable New developments in the world of Bluetooth ® 5.3 offer a better and faster experience. Enjoy stable audio with lower energy consumption and long listening. Low latency mode. Always synchronized. Thanks to Bluetooth ® 5.3, activate low latency mode while playing on your mobile to enjoy a higher level gaming experience. Make quick real-time decisions with faster audio than other standard headphones and win all your games. Battery life of up to 20 hours with charging case
Enjoy an immersive listening experience for a longer time. Headphones can be used up to 5 hours with a single charge and up to 20 hours * with the portable charging case, so that you can enjoy music day and night Noise override with AI for calls
Every call, every word: crystal clarity. The AI voice algorithm accurately differentiates between human and ambient noise, so that even in the noisiest environments, accurately capture audio and effectively reduce ambient noise. You can have the peace of mind of knowing that every word you say will be heard loud and clear.",Xiaomi Redmi Buds 4 Lite,Wireless,34.6g,,,,,,,,,,,,,,,,,,,,,,,,,,,,,,,,,,,,,,,,,,,,,,,,,
xiaomi-redmi-buds-5a.html,https://www.neostore.com.np/assets/uploads/Xiaomi_Redmi_Buds_5A_3.jpg,https://www.neostore.com.np/assets/uploads/Xiaomi_Redmi_Buds_5A_2.jpg,https://www.neostore.com.np/assets/uploads/Xiaomi_Redmi_Buds_5A.jpg,https://www.neostore.com.np/assets/uploads/Xiaomi_Redmi_Buds_5A_3.jpg,Xiaomi Redmi Buds 5A,25dBActive Noise Cancellation Google Fast Pair IPX4 Water resistant 12mm Bass Pro Drivers Bluetooth 5.4 AI ENC Enabled,"Current Price: Rs.2,499, Original Price: Rs.",Earbud,Xiaomi,Black,Bluetooth v5.4,20Hz - 20KHz,10 Meters,fast charging- 10 minutes of charging = 90 mins of use,Up to 30 hours,IPx4 water resistance technology.,12 Months,," 25dB Active Noise Cancellation Break free from distractions with Active Noise Cancellation. Boost your concentration by eliminating unwanted noise.  Transperancy Mode Listen to what matters with added Transparency Mode along with Active Noise Cancellation mode.  Dynamic Drivers Crafted to provide unparalleled dynamic audio and deep bass, ensuring an immersive audio experience.  Quick Charge 10mins = Up to 90mins of Playtime Power up your playlist. Enjoy marathon listening sessions with 30-hours of Long-lasting Entertainment  Google Fast Pair Enjoy Seamless Connectivity with Google Fast Pair. Get the pop-up notification as soon as you open the flap of earbuds. ",,,,,,,,,,,,,,,,,,,,,,,,,,,,,,,,,,,,,,,,,,,,,,,,,,,,
