html_filename,image1,image2,image3,image4,product_title,short_description,price,Product,Category,Brand,Color,Output level,Frequency Range,System Required,label,description2,Type,Product Dimensions,Compatible Devices,Connector  Type,Battery,Warranty,Price,Output Power,Full Range Driver,Bass Driver,Includes,Best For,Show_countdown,System Requirement,Microphone form factor,Cost,Item Weight,Batteries,Output power,Model,Colour,Connection,Connectivity,LED,Speaker_Dimensions,Cable Length,Weight,Selling Price,Brand Name:,Communication,Audio Crossover,Display Screen,Microphone,PMPO,Connector Type,Power,Inbuild Battery,Battery Capacity,Frequency,Bluetooth Version,Charge time,Maximum play time,Waterproof,Dust proof,IP Code,In the Box,Barnd,Dimensions,Connection Type,Charging Time,Battery Type,Transducer,Signal-to-noise ratio,Bluetooth Profile,Bluetooth Frequency Range,Bluetooth® transmitter power,Bluetooth® transmitter modulation,Package List,Connector type,System Type,I/O,Built-in Microphone,Audio Input,Audio Source,Power Consumption,Technology,Range,Charge Time,Play Time,Water Resistance,Name,Design,Built,Bluetooth,Transmission Range,Speaker Type,Audio,Power Output,Portability,Driver,Bass Radiator,Frequency Response,Playtime,RGB Led Lights,TWS Functionality,Charging Port,Built In Mic,Button Controls,Compatibility,Package Contains,Replacement
-logitech-z623-2-1-thx-certified-sound-system.html,https://www.neostore.com.np/assets/uploads/z623_3.jpg,https://www.neostore.com.np/assets/uploads/z623.jpg,https://www.neostore.com.np/assets/uploads/z623_2.jpg,https://www.neostore.com.np/assets/uploads/z623_3.jpg,Logitech Z623 2.1 THX Certified Sound System,"More depth, more sound. The 400 Watts Peak/200 Watts RMS power of THX®-certified sound adds depth to music, movies, and gaming—all from your desktop. The 3.5 mm (0.14 in) and RCA inputs can be used to connect up to three compatible devices. All of the controls are conveniently located on the satellite speaker, ensuring that magnificent, immersive sound is never far away.","Current Price: Rs.32,200, Original Price: Rs.33,900",Logitech Z623 2.1 THX Certified Sound System,2.1 Sound System,Logitech,Black,100 dB,35Hz-20KHz,"Windows® 10, Windows 8.1, Windows 8 oder Windows 7
USB port (for keyboard)
Second USB port (for USB passthrough port)
(Optional) Internet access for Logitech G HUB software.",,"Designed from the ground up to provide the most authentic experience possible. Logitech Z623 2.1 THX Certified Sound System have been fine-tuned to transmit the artist's vision accurately into your living space. HEAR ACROSS THE SPECTRUM For music, movies, and gaming, this 2.1 system delivers clear sound and thunderous bass. The small satellites bring out the high notes, while the side-ported subwoofer brings out the deep beats. It’s powerful sound you can feel. CONNECT YOUR WAY There are three connectors for a total of three times the fun. You can connect your favorite devices, such as your TV, computer, smartphone, and even your gaming console, using two 3.5 mm (0.14 in) connectors and RCA inputs. Keeping them all connected and flip between them as much as you want if you want. You may hook into your own personal soundscape at any time thanks to the Headphone jack on the right-hand speaker. CONTROL YOUR SOUND The satellite speaker has power, volume, bass, and a headphone input, so you can get your perfect sound straight away. You may adjust the bass level (up or down) with the dedicated bass knob. GREAT SOUND IS TIMELESS With a finely adjusted sound profile and product construction that has endured the test of time, Logitech Z623 is a trusted and proven element of the Logitech speaker lineup. One of the most popular desktop speakers from Logitech1 Quality speaks for itself, according to independent sales data from the United States of America (Sep'19-Sep'20). DIMENSIONS Subwoofer Satellite (for the pair) ",,,,,,,,,,,,,,,,,,,,,,,,,,,,,,,,,,,,,,,,,,,,,,,,,,,,,,,,,,,,,,,,,,,,,,,,,,,,,,,,,,,,,,,,,,,
anker-motion-x600-high-quality-sound-wireless-speaker.html,https://www.neostore.com.np/assets/uploads/X600_4.jpg,https://www.neostore.com.np/assets/uploads/X600_2.jpg,https://www.neostore.com.np/assets/uploads/X600.jpg,https://www.neostore.com.np/assets/uploads/X600_3.jpg,Anker Motion X600 | High-Quality Sound Wireless Speaker,"Immersive Spatial Audio: Inspired by theater acoustics, Motion X600 has 5 drivers and 5 amplifiers that are positioned to deliver sound all around you. Feel like you're in the room with your favorite artist, every time you press play. 50W Room-Filling Sound: Whether you're having a party or just enjoying your favorite tunes, the 50W sound will fill any space with rich, high-quality sound that brings music to life. Take lmmersive Music Anywhere: Portable and lightweight, Motion X600 is easy to carry between rooms to transform any part of your home into an immersive listening space. 12-Hour Playtime: Keep listening to music and podcasts for days at a time - with zero battery anxiety. Fully Waterproof: Features IPX7 waterproof protection so you can simply relax and listen without worrying about the speaker getting wet.

Note: For peak performance, please use the soundcore app and update to the latest firmware.","Current Price: Rs.34,999, Original Price: Rs.",Anker Motion X600 | High-Quality Sound Wireless Speaker,,Anker,Black & Blue,,,,,,Bluetooth speaker,"12-1/4""W x 6-3/4""H x 3-1/16""D","Smartphones, tablets, Televisions, Laptops","Bluetooth 5.3 3.5mm AUX, USB",Continuous 12 Hours playtime,18 Months,,,,,,,,,,,,,,,,,,,,,,,,,,,,,,,,,,,,,,,,,,,,,,,,,,,,,,,,,,,,,,,,,,,,,,,,,,,,,,,,,,,,,
anker-soundcore-flaremini-speaker.html,https://www.neostore.com.np/assets/uploads/flaremini_3.jpg,https://www.neostore.com.np/assets/uploads/flaremini.jpg,https://www.neostore.com.np/assets/uploads/flaremini_2.jpg,https://www.neostore.com.np/assets/uploads/flaremini_3.jpg,Anker Soundcore Flaremini Speaker,Wireless Stereo 5 Lighting Modes With 8 Lights IPX7 Water Resistance Extra Portable 12 Hours Play Time,"Current Price: Rs.6,999, Original Price: Rs.",Soundcore Flaremini,Speaker,Anker,Black,,73Hz~20kHz(-3dB),,,"All Round Pounding Sound Back-to-back 5W (10W total) neodymium speakers deliver intense 360° sound for spectacular sound in every direction. All speakers are driven by BassUp technology, multi-band DRC, and twin IIR passive radiators. Audio Fireworks For a really immersive listening experience, watch a halo of LEDs phase, pulse, and light in time with your music. 8 separate LEDs and 5 lighting settings allow you to create a unique party scene in your home or yard. Pool Party Proof Flare Mini is an outdoor Bluetooth speaker that is ready for anything the weather throws at it. Spills, rain, and even total submersion in water (for 30 minutes) are no match for IPX7 waterproof protection. Can’t Stop The Beat A high-efficiency Li-ion battery provides 12 hours of pounding music and pulsating light on a single charge, which is far longer than standard outdoor Bluetooth speakers. Begin the party early and stay up late! Wireless Stereo For enhanced stereo sound, connect two Flare Mini outdoor Bluetooth speakers to a single Bluetooth device. Designed to operate with any device, including iPhones, iPad, iPods, Macs, Smartphones, Tablets, Laptops, Computers, Chromebooks, TVs, and Personal Digital Assistants (PDAs). Super Strong Connection Bluetooth 4.2 offers a 20-meter range, so you may dance and interact while listening to music. Stereo Audio For the best stereo sound, connect two speakers to a single device.",,,,,,18 Months,-,5 Watt( 10 Watt ),N/a,N/a,"Speaker, USB-A to Micro-USB Cable","Music, Movies, Pool Party",Yes,Bluetooth,,,,,,,,,,,,,,,,,,,,,,,,,,,,,,,,,,,,,,,,,,,,,,,,,,,,,,,,,,,,,,,,,,,,,,,,,,,,,
anker-soundcore-motion-b-bluetooth-speaker.html,https://www.neostore.com.np/assets/uploads/anker_3.jpg,https://www.neostore.com.np/assets/uploads/anker_2.jpg,https://www.neostore.com.np/assets/uploads/anker.jpg,https://www.neostore.com.np/assets/uploads/anker_3.jpg,Anker Soundcore Motion B Bluetooth Speaker,"Anker Soundcore Motion B Bluetooth Speaker has 18 months warranty Upgraded Edition: Anker's original Soundcore Bluetooth speaker with bigger sound and stronger protection. Turn it Up: Dual full-range drivers and an oversized bass radiator drop a huge 12W of stereo sound. Pool Party Proof: IPX7-rated casing offers impermeable protection, even during complete submersion. 12+ Hour Playtime: Listen more and charge less thanks to a high-performance Li-ion battery.","Current Price: Rs.5,999, Original Price: Rs.",Anker Soundcore Motion B Bluetooth Speaker,,Anker,Black,,,,,"Anker Soundcore Motion B has Bigger Beats Not only does Motion B deliver 12W of intense audio power, it is designed to significantly reduce distortion. Even when you push your music to the volume limit there is zero compromise on clarity or performance. Deeper Bass BassUp technology uses a customized digital signal processor to analyzes, then enhance your music’s bass frequencies in real time. This audio signal is then turned into intensified sound via state-of-the-art neodymium drivers. IPX7 Waterproof Motion B’s internal components are fully protected by an IPX7 waterproof casing. It withstands full immersion in up to 1 meter of water for 30 minutes—ready for whatever the beach and pool can throw at it. Don’t Stop ‘Til You Get Enough If you want to keep dancing, Motion B can keep playing; get over 12 hours of continuous tunes, or around 240 songs from a single charge. Turn up the volume and prepare yourself for a full day or night of musical power. Power2 A single Motion B delivers unprecedented power for its size, but it is also possible to double it. Pair two speakers* via a single Bluetooth-enabled device for a huge hit of stereo sound; 24W of portable audio intensity. Audio On-The-Go IPX5 water-resistant rating and dustproof engineering mean you can bring your beats anywhere – from the garden, to the beach. Upgraded materials provide smooth touch, and better grip.",Bluetooth Speaker,,"Audio Player, Laptop, Mobile, Tablet, Television",Bluetooth 4.2,,18 Months,,,,,,,,,Built-in Mic,,,,,,,,,,,,,,,,,,,,,,,,,,,,,,,,,,,,,,,,,,,,,,,,,,,,,,,,,,,,,,,,,,,,,,,,,,,,
anker-soundcore-rave-partycast-speaker.html,https://www.neostore.com.np/assets/uploads/partycast.jpg,https://www.neostore.com.np/assets/uploads/partycast_2.jpg,https://www.neostore.com.np/assets/uploads/partycast_3.jpg,https://www.neostore.com.np/assets/uploads/partycast.jpg,Anker Soundcore Rave partycast Speaker,Colossal Sound Dazzling LIght 18 Hours Of Music Body Shaking Bass Water resistance IPX7,"Current Price: Rs.30,799, Original Price: Rs.",Soundcore Rvae Partycast,Speaker,Anker,Black,,N/a,,,"Party Proof Get yourself in the beat, submerge yourself in earth-shaking bass, and dance under the beat-powered light show. Take a single Rave or make a speaker chain for a full day and let its vast soundstage fill your room with tremendous party feelings. Ride The Wave A heart-stopping 105 dB of sound with crisp treble and booming bass is powered by dual 5.25-inch woofers, 2-inch tweeters, and a bass port. Rave features BassUp technology to enhance and lower the bass without sacrificing clarity. This also ensures you feel the low-frequencies racing through your body. The Beat Gets LiT Rave exploits the rhythm of the beat and creates a fully-synchronized light show that dances together with the song using our own Rave Party Lighting algorithm and independent DSP. A giant strobe light functions as a beacon in the middle, guiding you straight to the party's core. Non-18 Hours Music The morning is rising, and you've had your fill of partying, but not Rave. Its massive battery can keep the music playing and the lights on for up to 18 hours. Plug your phone into the built-in USB connector with Anker's patented PowerIQ fast-charging technology for an instant boost. IPX7 Water Resistance Although you can't control the weather, Rave's water-resistant shell assures that rain. And also spilled beverages won't put a halt to the party. Powered by Froala Editor",,,,,,18 Months,-,80W,N/a,N/a,"Speaker, A/C Adapter","Music, Movies, Party",Yes,Bluetooth,,,,,,,,,,,,,,,,,,,,,,,,,,,,,,,,,,,,,,,,,,,,,,,,,,,,,,,,,,,,,,,,,,,,,,,,,,,,,
boomin-bs-mipow.html,https://www.neostore.com.np/assets/uploads/uploads/2020/11/mipow_boomin.jpg,https://www.neostore.com.np/assets/uploads/uploads/2020/11/mipow_boomin-1.jpg,https://www.neostore.com.np/assets/uploads/uploads/2020/11/mipow_boomin.jpg,https://www.neostore.com.np/assets/uploads/uploads/2020/11/mipow_boomin-1.jpg,Boomin(BS)Mipow,"BOOMIN is a unique quadrate Bluetooth speaker using Bluetooth V4.0 low energy consumption technology to greatly enhance audio playtime and stand-by time; the classic compact design with removable leather strap makes it convenient to use, indoor and outdoor.","Current Price: Rs.3,600, Original Price: Rs.4,500",Boomin(BS)Mipow,Speaker,Mipow,-,,,"Bluetooth source device e.g. computer, tablet, smartphone etc",,"This speaker comes with an output power of 3 watts. With the classic shape and Bluetooth compatibility, the MiPow BOOMIN Portable Bluetooth Speaker can be a perfect addition to your outdoor music needs. The shape has been matched carefully with the corresponding anodized aluminum alloy colors. There’s also a detachable leather strip you can use to carry it easily when you’re traveling outdoors. You can even convert it to a handy microphone and get up to 10 hours of talk time and 3-5 hours of continuous music play. All in all, a great CD-like music quality for your outdoor adventures is finally here.",,2.87 x 2.17 x 2.17 inches,,,,,,,,,,"Great for music, movies, internet video entertainment and other audio uses",Yes,,,6500,5.4 ounces,1 Lithium ion batteries required,,,,,,,,,,,,,,,,,,,,,,,,,,,,,,,,,,,,,,,,,,,,,,,,,,,,,,,,,,,,,,,,,,,,,,,,,
digicom-2-1-channel-bluetooth-multimedia-speaker-dg-z700bt.html,https://www.neostore.com.np/assets/uploads/uploads/2021/06/1-50.jpg,https://www.neostore.com.np/assets/uploads/uploads/2021/06/3-34.jpg,https://www.neostore.com.np/assets/uploads/uploads/2021/06/2-45.jpg,https://www.neostore.com.np/assets/uploads/uploads/2021/06/1-50.jpg,Digicom 2.1 Channel Bluetooth Multimedia Speaker DG-Z700BT,"Digicom Multiple Bluetooth Speaker comes with multi-input interfaces for various playback modes such as FM, AUX, BT, USB dongle, and SD card. It's a quality 2.1 subwoofer system with a powerful bass effect.","Current Price: Rs.6,935, Original Price: Rs.7,300",DG-Z700BT,Speaker,Digicom,Black,,50Hz,,,"DIGICOM 2.1 Channel Bluetooth Multimedia Speaker The premium range of DIGICOM's series is the FINE CONE series. Furthermore, this 2.1 Channel Multimedia Speaker is carefully designed for the speaker to produce a flawless linear frequency response curve. Moreover, this is Ideal for a home theatrical system with natural finishing. In addition, It includes clear audio, accurate location, and great resolution. It is a powerful 2.1 surround subwoofer system with all sorts of cabinet and acoustic production. One left channel, one right channel, and a subwoofer channel make up the Digicom Bluetooth Multimedia Speaker configuration. Additionally, a 2.1 channel configuration, for example, is the same as a stereo (2.0) setup, but with a subwoofer added to the mix. In addition, this subwoofer system is also compatible with soundbars. Likewise, powered speaker systems can also be used with the 2.1 setup option. Additionally, the Subwoofer Channel also supports deep bass frequencies, sometimes known as the LFE. Multiple Modes The Speaker comes for multiple playing modes. In particular, you can enjoy the modes like FM, AUX, BT, USB, SD card, 3.5mm, and 2RCA jackets with numerous input interfaces. Also, the speaker is ideal for digital multimedia movies, TV, CD/DVD, and Mp3/Mp4 playbacks. Specification: Features What’s in the box? See the checklist below to figures out what comes inside the box pack of Digicom 2.1 Channel Bluetooth Multimedia Speaker. Explore our other Digicom Product Also, if you are looking to explore the variety of speakers, Click Here!!!",,,,,,Yes,-,,-,-,"Subwoofer, Satellite speaker","Home Theater, digital movies, TV, Mp3/Mp4 playbacks",N/a,Bluetooth,,,,,60 Watt,,,,,,,,,,,,,,,,,,,,,,,,,,,,,,,,,,,,,,,,,,,,,,,,,,,,,,,,,,,,,,,,,,,,,,,,
f-d-a521x-2-1-multimedia-speaker-.html,https://www.neostore.com.np/assets/uploads/A521X_3.jpg,https://www.neostore.com.np/assets/uploads/A521X.jpg,https://www.neostore.com.np/assets/uploads/A521X_4.jpg,https://www.neostore.com.np/assets/uploads/A521X_2.jpg,F&D A521X 2.1 Multimedia Speaker,"Play/Pause, Next, Previous three buttons for USB/SD reader control Built in AVR (Automatic Voltage Regulator) for wide main operating voltage range Side panel controls for volume and bass Fluorescence full function remote control 4"" full range driver for satellites and 6.5"" bass driver for subwoofer Bluetooth audio streaming Plug & play USB/SD card reader USB reader supporting MP3/WMA dual formats decoding Apply advanced PLL Technology for uninterrupted digital FM experience","Current Price: Rs.9,975, Original Price: Rs.10,500",F&D A521X 2.1 Multimedia Speaker,,F&D,Black,,,,, ,2.1 Multimedia Speaker,‎29.6 x 29.6 x 42.9 cm,"DVD, Audio Player, Laptop, Computers, Mobile, Tablet, Television","Bluetooth 4.0, 3.5mm jack, USB",,12 Months,,,,,,,,,n/a,,,,,,,,,,,,,,,,,,,,,,,,,,,,,,,,,,,,,,,,,,,,,,,,,,,,,,,,,,,,,,,,,,,,,,,,,,,,
f-d-ht-330-2-1-bluetooth-soundbar-with-wired-subwoofer-80w.html,https://www.neostore.com.np/assets/uploads/ht-330_2.jpg,https://www.neostore.com.np/assets/uploads/ht-330_3.jpg,https://www.neostore.com.np/assets/uploads/ht-330.jpg,https://www.neostore.com.np/assets/uploads/ht-330_4.jpg,F&D HT-330 2.1 Bluetooth soundbar with Wired subwoofer 80W,Full-range speaker: 50x90mm 6.5” driver for subwoofer \ Sleek soundbar fits discreetly under your flat panel TV Detachable satellite design Bluetooth 5.0 version Plug & play USB reader USB reader supporting MP3/WMA dual formats decoding Digital audio supporting through optical inputs Bright LED display with good view angle Full function remote control • Super wooden subwoofer cabinet delivers powerful bass,"Current Price: Rs.16,150, Original Price: Rs.17,000",F&D HT-330 2.1 Bluetooth soundbar with Wired subwoofer 80W,,Fenda,Black,,,,,,Bluetooth Soundbar with subwoofer,"898 x101 x68mm (soundbar) 
			190x345x331mm (subwoofer)","Audio Player, Laptop Computers, MP3 Players, Mobile, Tablet, Television","Bluetooth 5.0, USB, 3.5mm Jack",,12 Months,,,,,,,,,n/a,,,,,,,,,,,,,,,,,,,,,,,,,,,,,,,,,,,,,,,,,,,,,,,,,,,,,,,,,,,,,,,,,,,,,,,,,,,,
f-d-pa100-bluetooth-party-speaker-40w.html,https://www.neostore.com.np/assets/uploads/pa100_3.jpg,https://www.neostore.com.np/assets/uploads/pa100_2.jpg,https://www.neostore.com.np/assets/uploads/pa100_.jpg,https://www.neostore.com.np/assets/uploads/pa100_3.jpg,F&D PA100 Bluetooth Party Speaker 40W,"5.25 inch bass driver for super bass performance Plastic materials for high quality frame Supporting Bluetooth, USB, FM and Aux input 40W Built-in rechargeable 4000mAh battery Multicolor light go with the music rhythm Plug in mic or guitar to have fun","Current Price: Rs.19,950, Original Price: Rs.21,000",F&D PA100 Bluetooth Party Speaker 40W,,Fenda,Black,,,,,,Portable Bluetooth Speaker,27.7D x 32.5W x 29.3H in cm,"Audio Player, Laptop Computers, MP3 Players, Mobile, Tablet, Television","Bluetooth, Sd card reader, USB",4000mAh,12 Months,,,,,,,,,,,,,,,,,,,,,,,,,,,,,,,,,,,,,,,,,,,,,,,,,,,,,,,,,,,,,,,,,,,,,,,,,,,,,,,,,,,,,
f-d-pa200-wireless-bluetooth-party-speaker-160w.html,https://www.neostore.com.np/assets/uploads/PA200_3.jpg,https://www.neostore.com.np/assets/uploads/PA200_2.jpg,https://www.neostore.com.np/assets/uploads/PA200.jpg,https://www.neostore.com.np/assets/uploads/PA200_3.jpg,"F&D PA200 Wireless Bluetooth Party Speaker, 160W","5.25 inch bass driver for super bass performance Plastic materials for high quality frame Supporting Bluetooth, USB, FM and Aux input Built-in rechargeable 8000mAh battery Multicolor light go with the music rhythm Plug in mic or guitar to have fun","Current Price: Rs.28,975, Original Price: Rs.30,500","F&D PA200 Wireless Bluetooth Party Speaker, 160W",,F&D,Black,,,,," The F&D PA200 60W Bluetooth Party Speaker is a powerful and portable speaker that is perfect for any party or gathering. It features a 12-inch woofer and two 3-inch tweeters that deliver rich, full sound. The PA200 also has a built-in 11.1V/8000mAh (88. Wh) battery that provides up to 6 hours of playtime on a single charge. Featuring a sleek and portable design, the F&D PA200 is built to be easily transported wherever the party takes you. Whether you’re hosting a backyard barbecue, a beach party, or a small indoor gathering, this speaker is ready to provide the entertainment. With its built-in Bluetooth connectivity, you can easily connect your smartphone, tablet, or other Bluetooth-enabled devices to the F&D PA200. Stream your favorite playlists, pump up the volume, and let the music fill the air. No need for messy cables or complicated setups. The F&D PA200 packs a punch with its impressive sound output. Equipped with a powerful 20W speaker system, this party speaker delivers clear, dynamic audio that will get everyone moving. From thumping bass lines to crisp highs, every beat and note will be heard with clarity. But the F&D PA200 doesn’t stop at just audio. It also comes with built-in LED lights that add a vibrant visual element to your party. The multi-colored lights sync with the music, creating a pulsating light show that adds to the overall excitement and sets the mood for a memorable party experience. Not only is the F&D PA200 great for parties, but it also offers versatility for various occasions. It features a built-in FM radio, so you can tune in to your favorite stations and enjoy your preferred radio shows or sports broadcasts. Additionally, it offers multiple connectivity options, including USB and AUX inputs, allowing you to connect devices without Bluetooth compatibility. The F&D PA200 is designed with convenience in mind. It comes with a built-in rechargeable battery that offers hours of playtime, ensuring that the party doesn’t stop abruptly. It also features easy-to-use controls on the top of the speaker, allowing you to adjust the volume, switch between modes, and control the LED lights effortlessly. In summary, the F&D PA200 Bluetooth Party Speaker is a compact and powerful audio solution that brings the party to life. With its wireless connectivity, impressive sound output, synchronized LED lights, and portability, it’s the ultimate companion for your party needs. So gather your friends, turn up the volume, and let the F&D PA200 create an unforgettable party experience. These speakers offer 1 year of warranty.",Wireless Bluetooth Party Speaker,‎29.6 x 29.6 x 42.9 cm,"Smartphones, tablets, Televisions, Laptops","Bluetooth 5.0, 3.5mm AUX, USB",8000mAh,12 Months,,,,,,,,,,,,,,,,,,,,,,,,,,,,,,,,,,,,,,,,,,,,,,,,,,,,,,,,,,,,,,,,,,,,,,,,,,,,,,,,,,,,,
f-d-w5-plus-portable-bluetooth-speaker.html,https://www.neostore.com.np/assets/uploads/W5_Plus_3.jpg,https://www.neostore.com.np/assets/uploads/W5_Plus_2.jpg,https://www.neostore.com.np/assets/uploads/W5_Plus.jpg,https://www.neostore.com.np/assets/uploads/W5_Plus_3.jpg,F&D W5 Plus Portable Bluetooth Speaker,"Slim design, light weight and easy to carry Bluetooth V5.0 audio streaming Water-proof design 1.75 inch full range neodymium driver Cloth grill with elegant design Crystal and natural sound With passive radiator design for springy bass Directly access TF card Connects to any music device using a 3.5mm Aux input","Current Price: Rs.4,370, Original Price: Rs.4,600",F&D W5 Plus Portable Bluetooth Speaker,,Fenda (F&D),Black,,,,,  ,Bluetooth Speaker,78 x 96 x 38mm,"Audio Player, Laptop, Mobile, Tablet",Bluetooth V5.0,1500mAh,12 Months,,,,,,,,,,,,,,,,,,,,,,,,,,,,,,,,,,,,,,,,,,,,,,,,,,,,,,,,,,,,,,,,,,,,,,,,,,,,,,,,,,,,,
fantech-ac3002-7-1-audio-sound-card-volume-and-mic-risk-control-controller-.html,https://www.neostore.com.np/assets/uploads/Ac3002_1.jpg,https://www.neostore.com.np/assets/uploads/Ac3002_3.jpg,https://www.neostore.com.np/assets/uploads/Ac3002_2.jpg,https://www.neostore.com.np/assets/uploads/Ac3002_1.jpg,Fantech Ac3002 7.1 Audio Sound Card Volume And Mic Risk Control Controller,Chipset: SSS 1629 Plug Type: 7.1 USB Plug Easy And Fast Sound Control Virtual 7.1 Surround Sound Compatible With 3.5mm TRRS Jack Additional USB Port For Power,"Current Price: Rs.1,999, Original Price: Rs.4,999",,,,,,,,, Powered by Froala Editor,,,,,,,,,,,,,,,,,,,,,,,,,,,,,,,,,,,,,,,,,,,,,,,,,,,,,,,,,,,,,,,,,,,,,,,,,,,,,,,,,,,,,,,,,,,
fantech-alegro--rgb-gaming-speaker-gs302.html,https://www.neostore.com.np/assets/uploads/gs302_3.jpg,https://www.neostore.com.np/assets/uploads/gs302.jpg,https://www.neostore.com.np/assets/uploads/gs302_2.jpg,https://www.neostore.com.np/assets/uploads/gs302_3.jpg,Fantech ALEGRO -RGB Gaming Speaker | GS302,"Fantech GS302 Alegro Features minimalistic RGB lighting, to enhance your gaming or music experience. Features:   Driver Unit: 52mm Speaker sensitivity : 80dB Frequency response : 100Hz-20KHz Total harmonic distortion: 10% Bluetooth Version : 5.0 Output power: 3W*2","Current Price: Rs.3,999, Original Price: Rs.9,999",Fantech ALEGRO GS302,Speaker,Fantech,Black,,100Hz-20KHz,,,"Gaming Speaker This gaming computer speaker Fantech ALEGRO -RGB Gaming Speaker | GS302 mixes style and technological features with product design, making it an ideal accessory for gaming, video, music, and other activities, as well as a favorite among millions of online gamers. Universal Compatibility This computer speaker works with a wide range of PC brands, including Macbooks, ASUS, Lenovo, ThinkPads, HP, Samsung, Dell, Acer, LG, Google Chromebooks, Microsoft Surfaces, and more. Touch Control A line that is attractive RGB lighting improves gaming performance and creates a movie-watching experience. Six settings are selectable for various moods through a touch-control and the light can also be turned off. Connection After connecting the USB 2.0 cable to the above 5V/1A power adaptor, use the 3.5 mm aux headphone jack cord to connect to other devices (smartphones, MP4 players, tablets, computers, TVs, monitors, projectors, certain PS4s, and so on). You can also connect your gaming speaker with the help of Bluetooth. Thus it supports Bluetooth 5.0V. Headphone Jack An extra 3.5mm headphone can be included. External headphones or earphones may be attached to the jack for usage. This allows you to enjoy private gaming, video, or music moments without having to input an audio wire into the rear of the computer or desktop. Super Speaker This computer speaker's application is in separate 5W*2 drivers, bass diaphragm, and closed cavity. And low-frequency assist design will provide you with a feast of crisp, clear, and delightful stereo sound. Transform your desktop computer or laptop into a superb sound system. USB-powered gaming speakers that are fashionable and unique will fill the room with your music, movies, or computer games.",,,,,,Yes,-,,-,-,Gaming Speaker,Gaming,N/a,Bluetooth or USB,,,,,3W*2,,,,,,,,,,,,,,,,,,,,,,,,,,,,,,,,,,,,,,,,,,,,,,,,,,,,,,,,,,,,,,,,,,,,,,,,
fantech-gs202-portable-speaker.html,https://www.neostore.com.np/assets/uploads/uploads/2021/02/fantech_0026_GS202.jpg,https://www.neostore.com.np/assets/uploads/uploads/2021/02/fantech-_0033_sonarblaster6-600x600-1.jpg,https://www.neostore.com.np/assets/uploads/uploads/2021/02/fantech_0025_GS202-1-1.jpg,https://www.neostore.com.np/assets/uploads/uploads/2021/02/fantech_0024_GS202-2.jpg,Fantech GS202 Portable Speaker,"Fantech Sonar GS202 Sakura Edition Gaming Speaker gives you Clear, Deep, and Perfect Sound with 360° surround sound. This speaker is featured with Hi-res audio, Lighting effects, 45mm driver unit, Magnet free material body. Ity has USB & 3.5mm plug connectivity. This exclusive new gaming speaker has Multi-platform compatibility with Laptop, Desktop, Cellphone.","Current Price: Rs.1,699, Original Price: Rs.4,050",,Speaker,Fantech,,,,,,,,,,,,,,,,,,,,,,,,,,GS-202,Black,Wired,USB & 3.5mm plug,RGB,100 × 80 mm,1.21m,500 Grmas,"1,450",,,,,,,,,,,,,,,,,,,,,,,,,,,,,,,,,,,,,,,,,,,,,,,,,,,,,,,,,,,,,,,
fantech-gs203-computer-speaker-mini-rgb-lighting-speaker.html,https://www.neostore.com.np/assets/uploads/uploads/2020/10/2-39.jpg,https://www.neostore.com.np/assets/uploads/uploads/2020/10/3-31.jpg,https://www.neostore.com.np/assets/uploads/uploads/2020/10/1-42.jpg,https://www.neostore.com.np/assets/uploads/uploads/2020/10/4-18.jpg,FANTECH GS203 Computer Speaker Mini RGB Lighting Speaker,Lighting Effect Fantech GS 203 is designed with Chroma lights IO to enhance your gaming experience Bass Membrane Beat GS 203 Is complete with bass membrane to the deepest bass you have ever heard Multi-Platform compatibility Easy and convenient Audio Control RGB Chroma Lighting Effect Magnet free Body Material Bass Membrane,"Current Price: Rs.1,499, Original Price: Rs.2,499",,,,,,50Hz-20KHz,,,"Fantech GS203 Speaker is one of the best products available in the market. A Fantech is an innovator of Gaming Gear and Lifestyle Products. An acoustic specialist designed the speaker, which has a perfect linear frequency response curve. Similarly, the speaker has incredible dynamics, depth, and bass. The speaker, in particular, is suited for all sorts of audio playback. This speaker also has a solo amplifier device with easy front controls. As a consequence, you can avoid distortions and enjoy music that is free of interference. Design This tiny PC speaker has a brilliant black finish that is as dazzling as a mirror and is packaged in an ecologically friendly container. The top exclamation point flashed in time with the music. Because of its gleaming and clear look, the loudspeaker is stunning. Therefore, Lighting Effect Fantech GS 203 has Rgb lighting Designed to improve your gaming experience. Easy Controls Thanks to the conveniently accessible controls on this speaker, you can skip tracks, turn it on or off, and adjust the volume with ease. Also, With its simple control, it is easy to use. Bass Membrane GS 203 Is complete with a bass membrane to the deepest bass you have ever heard. Additional features Description ",,,,,,,,45 W,,,,,,,,,,,,,Black & White,,,,,,,,FANTECH,USB,Full-Range,N/a,N/a,100W,,,,,,,,,,,,,,,,,,,,,,,,,,,,,,,,,,,,,,,,,,,,,,,,,,,,,,,,,
gravastar-g1-mars-pro-sci-fi-themed-bluetooth-speaker.html,https://www.neostore.com.np/assets/uploads/Gravastar_G1_31.jpg,https://www.neostore.com.np/assets/uploads/Gravastar_G1_21.jpg,https://www.neostore.com.np/assets/uploads/Gravastar_G11.jpg,https://www.neostore.com.np/assets/uploads/Gravastar_G1_31.jpg,Gravastar G1 Mars Pro Sci-fi Themed Bluetooth Speaker,"Take partying or simple music listening to the next level with GravaStar's G1 Bluetooth Speaker. This tiny audio bomb is carefully engineered with full-range and subwoofer driver plus Qualcomm's Bluetooth wireless audio code drivers to provide crystal clear and distortion-free sound. Realistic audio with minimal to zero background noise! More than a simple speaker, GravaStar sports a sci-fi inspired design with its zinc alloy sphere, metal legs, and suspension design.","Current Price: Rs.37,990, Original Price: Rs.39,990",Gravastar G1 Mars Pro Bluetooth Speaker,,Gravastar,Black,,,,," Crafted Design, Crafted Sound The GravaStar Mars Pro is created for audiophiles. The Bluetooth speaker has built-in, exclusive DSP audio algorithms that give you a deep bass, accurate mids, and crisp highs. Combined with an equal-loudness contour, you get a powerful sound experience.  Punchy, Heavy Bass Mars Pro’s cutting-edge technology means you can feel the heavy bass at both low and loud volumes. The Bluetooth speaker gives you an ultra-powerful bass that sends vibrations through its sphere and into the room.  Design From a Different Planet Linking technology with mecha sci-fi, the industrial design transports you to a futuristic world. The wireless speaker is built from a zinc alloy sphere, and the triangular design ensures stability and absorbs minor shocks.  Better Sound With True Wireless Stereo Pair two Mars Pro speakers to get an explosive, immersive sound. Equipped with True Wireless Stereo Bluetooth 5.0 technology, your Mars Pro lets you level up your listening experience.  Built-in Light Show Get the party started with GravaStar’s 6 dynamic RGB lights. Set it to a single color, automatically change the colors gradually, or even light up your room to the beat of your music. Mars Pro sets the mood of your room.  Volume at Your Fingertips Turning up the volume shouldn’t be difficult. The highly sensitive touch volume control makes it easy to turn your room into a stadium concert.",Bluetooth Speaker,"7.5""H x 7.1""L x 7.9""W","Audio Player, Laptop, Mobile, Tablet",Bluetooth 5.0,,12 Months,,,,,,,,,Built-in Mic,,,,,,,,,,,,,,,,,,,,,,,,,,,,,,,,,,,,,,,,,,,,,,,,,,,,,,,,,,,,,,,,,,,,,,,,,,,,
gravastar-g5-supernova-bluetooth-speaker.html,https://www.neostore.com.np/assets/uploads/Supernova_41.jpg,https://www.neostore.com.np/assets/uploads/Supernova_31.jpg,https://www.neostore.com.np/assets/uploads/Supernova_21.jpg,https://www.neostore.com.np/assets/uploads/Supernova1.jpg,Gravastar G5 Supernova Bluetooth Speaker,"Supernova Bluetooth Speaker, a fusion of stylish design, powerful sound, and vibrant lighting that sets the mood. Whether you're at home, outdoors, or on-the-go, Supernova delivers a captivating audio-visual experience.  Multifunctional Device as a Bluetooth speaker and a lamp Mecha-Inspired Design 25W Powerful Sound 3 Different Lighting Modes with 8 colors Pair two devices for Stereo Sound Designed with a Handle for Easy Portability Bluetooth 5.3 and AUX compatibility 9 Hours Playtime","Current Price: Rs.34,190, Original Price: Rs.35,990",Gravastar G5 Supernova Bluetooth Speaker,,Gravastar,Black,,,,," SET THE ATMOSPHERE WITH THE LIGHT OF SUPERNOVA The built-in light makes Supernova a lamp for your space. Add the ambient to your room with 3 different light modes with 8 different colors: Dynamic light mode, Single color mode (with eight different colors available), and Camping light mode, intended to mimic the gentle flickering of a campfire, offering a luminous visual experience paired with enveloping audio.  MADE FROM ZINC ALLOY, BUILT TO LAST Supernova combines nostalgia with hyper-modern sci-fi influence while incorporating a classic lantern design. With a hard-core metallic body made from zinc alloy, Supernova’s eye-catching design also absorbs shocks and drops.  AMP UP YOUR LISTENING EXPERIENCE Supernova delivers powerful, high-fidelity audio with its DSP acoustics. The 3"" full-range speaker and 0.5"" high-frequency tweeter create deep bass, clear mids, and crisp highs. With its adaptable sound technology, Supernova creates immersive audio that makes your music come to life.  ROOM-FILLING BASS Supernova delivers deep, impactful bass with its high-performance speaker. With 25 watts of power, it produces rich and dynamic low frequencies, enhancing every beat, allowing users to experience room-filling, powerful bass.  HIGH-QUALITY AUDIO With its precision-tuned 0.5” high-frequency tweeter, Supernova offers clear, detailed sound with stunning clarity for high-quality, detailed audio. Enjoy crystal-clear vocals and every intricate detail in the music, making every moment sound incredible.  DOUBLE THE POWER, DOUBLE THE SOUND Bring Supernova to life with stereo pairing. Simply connect two Supernova speakers in the same room and experience dynamic audio like never before. Get ready to amplify all your favorite tunes and elevate your listening experience: turn up the music, movie, and podcasts.  A SUPERNOVA EXPERIENCE ANYWHERE Supernova comes with a handle that makes it a unique travel accessory, with its lantern physique bringing a fun element to any camping excursion, hanging in a tent, or guiding the way through hiking trails. With a usage time of seven hours and a long Bluetooth connection distance of 20 meters, Supernova is prepared to handle both long working hours and exciting outdoor adventures.",Bluetooth Speaker,206 x 185 x 285 mm ( Length*Width*Height ),"Audio Player, Laptop, Mobile, Tablet",Bluetooth 5.3,,12 Months,,,,,,,,,Built-in Mic,,,,,,,,,,,,,,,,,,,,,,,,,,,,,,,,,,,,,,,,,,,,,,,,,,,,,,,,,,,,,,,,,,,,,,,,,,,,
hifuture-music-box-100w-wireless-karaoke-speaker-.html,https://www.neostore.com.np/assets/uploads/Hifuture_music_box_black_2.jpg,https://www.neostore.com.np/assets/uploads/Hifuture_music_box_black.jpg,https://www.neostore.com.np/assets/uploads/Hifuture_music_box_black_3.jpg,https://www.neostore.com.np/assets/uploads/Hifuture_music_box_black_2.jpg,HiFuture Music Box 100W Wireless Karaoke Speaker,"Set your mood with mood lighting Dual Built-in Wireless Microphone Personalize your sound 100W Output Sing like a rockstar! Built-in DSP, supports multi-band EQ Portable design, easy-to-carry TWS Function Built-In Powerbank","Current Price: Rs.15,999, Original Price: Rs.",,,Hifuture,Black,,,,," Experience Powerful Sound Your non-stop party vibe is backed by a 100W output power with our wireless karaoke speaker MusicBox. Now you can make a party rock and listen to your favourite tracks as loud as you want.
The Two Tweeters in the MusicBox karaoke speaker handle the high-frequency vocals and melodies, while the Two Woofers produce the powerful bass and low-frequency sounds, creating a balanced and immersive audio experience.  Set Your Mood Create the perfect vibe for your next party with RGB LED lights that sync to the music. Watch as your room comes alive with dazzling colours and patterns, setting the perfect mood for your party. Have Clear and Limitless Conversations HiFuture's MusicBox wireless speaker is your go-to speaker for crystal-clear, hands-free conversations. With the built-in microphone, you can take calls without missing a beat. Go Live and Record Your Memorable Moments Share your talents with the world. Our MusicBox enables live broadcasts and recordings, so you can captivate audiences, create content, and relive your most memorable moments.  Double the Sound Experience Experience audio like never before with our MusicBox featuring True Wireless Stereo (TWS) technology. Pair two speakers for an immersive soundstage that engulfs your space, giving you the power to create your sonic universe.  Personalize Your Sound Fine-tune your audio like a pro. HiFuture’s MusicBox comes equipped with a built-in Digital Signal Processor (DSP) and supports multi-band EQ, allowing you to shape your sound to perfection. Sing Like a RockStar Collaborate, harmonize, and elevate your performances with dual wireless microphones. Perfect for duets and group sing-alongs, our MusicBox brings people together through music. Always Ready to Charge to the Max Now just enjoy your party vibe without any worry with our 12000mAh Power Bank, charge devices such as your iPhone14 smartphone three times faster and keep the music playing all night long. ",Karaoke Speaker,,,,,1 Year,,,,,,,,,,,,,,Music Box,,,,,,,,,,,,,,,Bluetooth/ Aux,100W Power Output,Yes,12000mAh,,,,,,,,,,,,,,,,,,,,,,,,,,,,,,,,,,,,,,,,,,,,,,,,,,,,,
hifuture-ripple-portable-wireless-speaker.html,https://www.neostore.com.np/assets/uploads/ripple_3.jpg,https://www.neostore.com.np/assets/uploads/ripple_2.jpg,https://www.neostore.com.np/assets/uploads/ripple.jpg,https://www.neostore.com.np/assets/uploads/ripple_3.jpg,Hifuture Ripple Portable Wireless Speaker,"20W81, 10W*1, in total 30W speaker with high bass 12 hrs continuous playback battery backup Pair-to play, Easy connectivity Portable and stylish IPX7 waterproof rating","Current Price: Rs.6,999, Original Price: Rs.",Hifuture Ripple Portable Wireless Speaker,,Hifuture,Black,,,,,,Speaker,N/a,"Audio Player, Laptop, Mobile, Tablet, Television",Bluetooth 5.3,,6 Months,,,,,,,,,-,,,,,,,,,,,,,,,,,,,,,,,,,,,,,,,,,,,,,,,,,,,,,,,,,,,,,,,,,,,,,,,,,,,,,,,,,,,,
iui-design-mustang-slim-boombox.html,https://www.neostore.com.np/assets/uploads/uploads/2020/10/mustang_slim_boombox.jpg,https://www.neostore.com.np/assets/uploads/uploads/2020/10/mustang_slim_boombox.jpg,,,IUI Design Mustang Slim Boombox,6 watts of output power (3 watts x 2) Incorporates passive radiator to improve bass sound Hands-free speaker with CVC digital echo cancellation and noise reduction Lithium-ion battery with 6 hours of playtime. Touch panel operation.,"Current Price: Rs.3,575, Original Price: Rs.5,500",Mustang Boombox,Speaker,IUI,Green,,N/a,,,"Full-range driver, Dia. 35mm, magnetically shielded speaker Unit Class D Power Amplifier >90dB @ 0.8W 350mV +/- 5mV 2000Hz – 16KHz Condenser microphone FEATURES Bluetooth 2.1: A2DP, AVRCP, HFP, HSP Speakerphone ( Noise Reduction & Echo Cancellation ) Receive call waiting Operated by Lithium-ion rechargeable batteries Playtime: up to 6 hours Touch keys Compatibility COMPATIBILITY Bluetooth 2.0 & above music device CONTROL & CONNECTION Main power switch Power & operations (Tact switch at the bottom) Volume Control (Touch keys on the top) Charging Jack Micro USB POWER SUPPLY Lithium-ion rechargeable battery SIZE AND WEIGHT Dimension: 106 x 122 x 47 mm Weight: 220 g",,,,,,,-,6 Watt,Yes,N/a,Speaker,"Music, Movies",Yes,Bluetooth,,,,,,,,,,,,,,,,,,,,,,,,,,,,,,,,,,,,,,,,,,,,,,,,,,,,,,,,,,,,,,,,,,,,,,,,,,,,,
jbl-bar-2-1-deep-bass-soundbar.html,https://www.neostore.com.np/assets/uploads/uploads/2020/09/bar1.jpg,https://www.neostore.com.np/assets/uploads/uploads/2020/09/bar2.jpg,https://www.neostore.com.np/assets/uploads/uploads/2020/09/bar3.jpg,https://www.neostore.com.np/assets/uploads/uploads/2020/09/bar4.jpg,JBL Bar 2.1 Deep Bass Soundbar,"With Dolby Digital and JBL Surround Sound settings, the sleek JBL BAR 2.1 Deep Bass Soundbar has Bluetooth, Optical, HDMI in, and ARC connectivity. Its four-strong full-range drivers, two 1” tweeters, and JBL designed 6.5” subwoofer produce a room-filling 300 Watts of total system power for an immersive experience. The Bar 2.1's onboard Bluetooth allows you to stream music from your favorite device in addition to providing a true JBL theater experience when paired with a flat-panel TV. Its beautiful, low-profile design will look fantastic beneath your television.","Current Price: Rs.58,000, Original Price: Rs.",JBL Bar 2.1,,JBL,Black,,,,,"Big Thrilling Bass with JBL BAR 2.1 Deep Bass Soundbar Bring the power You're in command of the sound of your JBL Bar 2.1 with a total system power of 300W. Your films and music have never sounded as amazing as they do now. Surround yourself with sound JBL Surround Sound brings movies, games, sports, and music to life in an instant. Upgrade your TV's sound without the need for any additional cords or speakers. All about the bass Why listen to the bass when you can actually feel it? The 6.5-inch wireless subwoofer produces rich, exciting sound. Visit the movies, from your sofa Prepare the popcorn. Dolby Digital surround sound is built-in, giving you a true movie experience at home. Stream it all You're not in the mood for a movie? It's not a problem. Wireless music streaming through Bluetooth from your smartphone or tablet is also possible with the JBL Bar 2.1 Deep Bass. Make a connection It's a cinch to connect JBL Surround Sound. Setting up and using the HDMI or optical connection is a breeze. Features Also, check out Riversong Vibe N SP30 2.1 HERE!",Speaker,96.5 x 5.8 x 6.8 cm; 7.1 Kilograms,"Audio Player, Laptop, Mobile, Tablet, Television",Bluetooth,,3 Months Warranty,,,,,,,,,-,45000,,,,,,,,,,,,,,,,,,,,,,,,,,,,,,,,,,,,,,,,,,,,,,,,,,,,,,,,,,,,,,,,,,,,,,,,,,,
jbl-charge-5-bluetooth-speaker.html,https://www.neostore.com.np/assets/uploads/JBL_Charge_5_Bluetooth_Speaker_3.jpg,https://www.neostore.com.np/assets/uploads/JBL_Charge_5_Bluetooth_Speaker_2.jpg,https://www.neostore.com.np/assets/uploads/JBL_Charge_5_Bluetooth_Speaker.jpg,https://www.neostore.com.np/assets/uploads/JBL_Charge_5_Bluetooth_Speaker_3.jpg,JBL Charge 5 Bluetooth Speaker,"Play and charge endlessly Take the party with you no matter what the weather. The JBL Charge 5 speaker delivers bold JBL Original Pro Sound, with its optimized long excursion driver, separate tweeter and dual pumping JBL bass radiators. Up to 20 hours of playtime and a handy powerbank to keep your devices charged to keep the party going all night. Rain? Spilled drinks? Beach sand? The IP67 waterproof and dustproof Charge 5 survives whatever comes its way. Thanks to PartyBoost, you can connect multiple JBL PartyBoost-enabled speakers for a sound big enough for any crowd. With all-new colors inspired by the latest street fashion trends, it looks as great as it sounds.","Current Price: Rs.27,900, Original Price: Rs.",JBL Charge 5 Bluetooth Speaker,,JBL,"Blue, Green, Black, Red, Grey",,,,," BOLD JBL ORIGINAL PRO SOUND Take the amazing power of JBL Pro Sound with you. The JBL Charge 5 has an optimized long excursion driver, a separate tweeter, and dual JBL bass radiators, all delivering impressively rich and clear audio. Get that big room sound, even when outdoors.  20 HOURS OF PLAYTIME The fun doesn't have to stop. Packed with an incredible 20 hours of battery life, JBL Charge 5 lets you party all day and into the night. ",Bluetooth Speaker,8.7 x 3.76 x 3.67 inch,"Audio Player, Laptop, Mobile, Tablet",Bluetooth 5.1,,12 Months,,,,,,,,,Built-in Mic,,,,,,,,,,,,,,,,,,,,,,,,,,,,,,,,,,,,,,,,,,,,,,,,,,,,,,,,,,,,,,,,,,,,,,,,,,,,
jbl-flip-6-speaker.html,https://www.neostore.com.np/assets/uploads/JBL_Flip_6_Speaker_2.jpg,https://www.neostore.com.np/assets/uploads/JBL_Flip_6_Speaker.jpg,https://www.neostore.com.np/assets/uploads/Flip_6_Speaker.jpg,https://www.neostore.com.np/assets/uploads/JBL_Flip_6_Speaker_2.jpg,JBL Flip 6 Speaker,"Bold sound for every adventure Your adventure. Your soundtrack. The bold JBL Flip 6 delivers powerful JBL Original Pro Sound with exceptional clarity thanks to its 2-way speaker system consisting of an optimized racetrack-shaped driver, separate tweeter, and dual pumping bass radiators. This big-sounding, yet easy to carry speaker is waterproof and dustproof, so you can take it anywhere in any weather. And with 12 hours of battery life, you can party 'til the sun goes down—or comes up—wherever the music moves you. Use PartyBoost to link multiple compatible speakers. The Flip 6 comes in a variety of cool colors.","Current Price: Rs.16,500, Original Price: Rs.",JBL Flip 6 Speaker,,JBL,"Blue, Green, Black, Red, Grey",,,,," LOUDER, MORE POWERFUL SOUND The beat goes on with the JBL Flip 6 2-way speaker system, engineered to deliver loud, crystal clear, powerful sound. Its racetrack-shaped woofer delivers exceptional low frequencies and midrange, while a separate tweeter produces crisp, clear high-frequencies. Flip 6 also features optimized dual passive radiators for deep bass, fine-tuned with using Harman's advanced algorithm.  IP67 WATERPROOF AND DUSTPROOF To the pool. To the park. JBL Flip 6 is IP67 waterproof and dustproof, so you can bring your speaker anywhere.  12 HOURS OF PLAYTIME Don't sweat the small stuff like charging your battery. JBL Flip 6 gives you up to 12 hours of playtime on a single charge.  ",Bluetooth Speaker,17.8 x 6.8 x 7.2,"Audio Player, Laptop, Mobile, Tablet",Bluetooth 5.1,,12 Months,,,,,,,,,Built-in Mic,,,,,,,,,,,,,,,,,,,,,,,,,,,,,,,,,,,,,,,,,,,,,,,,,,,,,,,,,,,,,,,,,,,,,,,,,,,,
jbl-go-4-ultra-portable-speaker.html,https://www.neostore.com.np/assets/uploads/jbl_go_4_2.jpg,https://www.neostore.com.np/assets/uploads/jbl_go_4_3.jpg,https://www.neostore.com.np/assets/uploads/jbl_go_4.jpg,https://www.neostore.com.np/assets/uploads/jbl_go_4_4.jpg,JBL GO 4 Ultra Portable Speaker,"Grab and go Take big JBL Pro sound wherever you go. The bold, colorful JBL Go 4 ultra-portable Bluetooth speaker fits in the palm of your hand, delivering clear, loud JBL Pro Sound with rich, punchy bass. Its newly redesigned integrated loop makes it easy to bring anywhere, and the variety of colorways means you can choose one that fits your vibe. Plus it's waterproof and dustproof, so it loves to go outside. And up to 7 hours of playtime means it will keep the good times rolling throughout a fun day trip or an evening chilling under the stars. Pair two Go 4's for stereo sound, or wirelessly connect multiple JBL Auracast-enabled speakers for even bigger sound. Crank it up and let your music take you anywhere.","Current Price: Rs., Original Price: Rs.",,,JBL,,,,,,"  Ultra-portable JBL Pro Sound with punchier bass Don't let its little size fool you. The JBL Go 4 packs a serious musical punch, delivering big JBL Pro Sound with punchy bass. Your friends won't believe how much great JBL Pro Sound comes out of such a small speaker.  Up to 7 hours of playtime plus 2 hours with Playtime Boost Don't sweat the small stuff like charging your battery. JBL Go 4 gives you up to 7 hours of playtime on a single charge. Simply tap Playtime Boost to prolong the playtime, adding up to 2 hours to your battery life. It tunes and optimizes the performance for louder and crisper sound.  Waterproof and dustproof The JBL Go 4's IP67 waterproof and dustproof rating ensures this portable speaker can handle almost any environment, from a poolside party to a seaside picnic.",,,,,,1 Years,,,,,,,,,,,,,,GO 4,,,,,,,,,,,,,,,,,,,90 Hz – 20 kHz,5.3,3 Hrs,7 Hrs,Yes,Yes,IP67,"1 x JBL Go 4
			1 x Type-C cable
			1 x Quick Start Guide
			1 x Warranty Card and Safety Sheet",,,,,,,,,,,,,,,,,,,,,,,,,,,,,,,,,,,,,,,,,,,,,
jbl-portable-speaker-clip-4.html,https://www.neostore.com.np/assets/uploads/uploads/2021/03/JBL-_0053_Clip4-3.jpg,https://www.neostore.com.np/assets/uploads/uploads/2021/03/JBL-_0055_Clip4-5.jpg,https://www.neostore.com.np/assets/uploads/uploads/2021/03/JBL-_0054_Clip4-4.jpg,https://www.neostore.com.np/assets/uploads/uploads/2021/03/JBL-_0052_Clip4-2.jpg,JBL Portable Speaker CLIP 4,"Cool, portable, and waterproof. The vibrant fresh-looking JBL Clip 4 delivers surprisingly rich JBL Original Pro Sound in a compact package. The unique oval shape fits easily in your hand. Fully wrapped in colorful fabrics with expressive details inspired by current street fashion, it’s easy to match your style. The fully integrated carabiner hooks instantly to bags, belts, or buckles, to bring your favorite tunes anywhere. Waterproof, dustproof, and up to 10 hours of playtime, it’s rugged enough to tag along wherever you explore.","Current Price: Rs.8,500, Original Price: Rs.",Clip 4,Speaker,,,,,,,"Rich JBL Original Pro Sound JBL Pro Sound delivers surprisingly rich audio and punchy bass from Clip 4's compact size. Bold style and ultra-portable design JBL Clip 4's ultra-portable design goes great with the latest styles, and its colorful fabrics and expressive details make it look as great as it sounds. Upgraded integrated carabiner With a redesigned carabiner that's integrated into the speaker itself for extra protection, take your JBL Clip 4 anywhere and everywhere. Just clip on a belt, strap, or buckle and go explore the world. IP67 Waterproof and Dustproof To the pool. To the park. JBL Clip 4 IP67 is waterproof and dustproof, so you can bring your speaker anywhere. Wireless Bluetooth Streaming Wirelessly stream music from your phone, tablet, or any other Bluetooth- enabled device. 10 hours of battery life Don’t sweat the small stuff like charging your battery. JBL Clip 4 gives you up to 10 hours of playtime on a single charge.",,,,,,3 Months,,5 W RMS,,,,,,,,,,,,,,,,,,,0.239 kg,,,,,,,,,,,,100Hz-20kHz,,,,,,,,JBL,3.4 x 5.3 x 1.8,Bluetooth ( 5.1 ),3 hours (5V/500mA),Lithium-ion polymer 3.885Wh,40 mm/ 1.5”,>85dB,"A2DP 1.3, AVRCP 1.6",2400 – 2483.5MHz,≤ 10 dBm (EIRP),"GFSK, π/4 DQPSK, 8DPSK","JBL CLIP4, Type C-cable, Safety Card, Warranty card, Manual",,,,,,,,,,,,,,,,,,,,,,,,,,,,,,,,,
logitech-portable-speaker-s125i.html,https://www.neostore.com.np/assets/uploads/uploads/2021/03/logitech_0011_Portable-S125i.jpg,https://www.neostore.com.np/assets/uploads/uploads/2021/03/logitech_0010_Portable-S125i-1.jpg,https://www.neostore.com.np/assets/uploads/uploads/2021/03/logitech_0009_Portable-S125i-2.jpg,https://www.neostore.com.np/assets/uploads/uploads/2021/03/logitech_0011_Portable-S125i.jpg,Logitech Portable Speaker S125I,Made for iPod You can play and charge any iPod model with a dock connector. Bass boost A push of a button lets you feel the beat even more. Portable design Its compact size makes it easy to take your music with you from room to room. You can unplug your speaker and enjoy up to 10 hours of battery life.* Auxiliary input You can connect just about any portable music player—and even your PC or CD player—with a standard 3.5 mm stereo jack.,"Current Price: Rs.5,320, Original Price: Rs.5,601",,,Logitech,,,,,,"Feel Every Beat With Logitech Portable Speaker S125I The Logitech Portable Speaker S125i is a low-cost speaker with a built-in dock. The S125i supports all docking iPod models (excluding the 3rd generation), as well as connecting other portable music devices via the auxiliary line-in. The speaker has a Bass Boost button that, with a simple touch, brings the beat out in your music. Adaptability The Logitech S125I speaker is small and portable, so you can take it with you everywhere you go. Life of the Batteries On battery power alone, you can listen for up to 10 hours (batteries not included). It may also be powered by four AA batteries (not included), allowing you to take it with you wherever you go. Furthermore, the S125i can run for up to 10 hours only on battery power. AC power is also available thanks to the supplied power supply. Boosting the bass With just a touch of the Bass button on the Logitech Portable Speaker S125I, you can feel the beat even more. Compatibility with iPod Any docking iPod will dock and play in S125I Logitech Speaker because it is universally compatible (except 3rd gen). The auxiliary line-in can be used to connect all other portable audio devices that have been certified by Apple as ""Made for iPod."" More Info: Speaker System Amplification Type: active Audio Amplifier: integrated Connectivity Technology: wired Power Form Factor: external Audio System Designed for: for portable use Type: speaker dock Power Device Power Source: battery Battery Required Qty: 4 Form Factor: AA type Check out the portable Logitech X50 Mobile Wireless Speaker HERE!",,,,,,1 Year,,,,,,,,,,,,,,S125I AP,,,,,,,14.11 oz,,,,,,,,,,,,,,,,,,,,,7.7 x 3.5 x 3.3inch,,,,,,,,,,,mini-phone stereo 3.5 mm,portable speakers with digital player dock,,,,,,,,,,,,,,,,,,,,,,,,,,,,,,,
logitech-z313-2-1-speaker-system-with-sub-woofer.html,https://www.neostore.com.np/assets/uploads/z313.jpg,https://www.neostore.com.np/assets/uploads/z313_2.jpg,https://www.neostore.com.np/assets/uploads/z313_3.jpg,https://www.neostore.com.np/assets/uploads/z313.jpg,Logitech Z313 2.1 Speaker System With Sub-Woofer,The Logitech Z313 2.1 speaker system delivers balanced acoustics and provides enhanced bass from a compact subwoofer. Connect any device via the 0.14 in (3.5 mm) input and easily access power and volume using the wired control pod.,"Current Price: Rs.8,455, Original Price: Rs.8,900",Logitech Z313 Speaker System With Sub-Woofer,2.1 Sound System,Logitech,Black,n/a,48 Hz to 20 kHz,"Television
Computer
Smartphone
Tablet
Music player",,"  RICH SOUND 50 Watts Peak/25 Watts RMS power delivers a full range of sound tuned for balanced acoustics. Enhanced bass is delivered by the compact subwoofer. Enjoy a rich audio experience straight out-of-the-box.  SIMPLE SETUP Connect any device via the 0.14 in (3.5 mm) input on the back of the subwoofer. Simple setup; always great sound.  EASY CONTROLS Easily access power, volume and the headphone jack using the wired control pod.",,,,,,,,,,,,,,,,,,,,,,,,,,,,,,,,,,,,,,,,,,,,,,,,,,,,,,,,,,,,,,,,,,,,,,,,,,,,,,,,,,,,,,,,,,,
logitech-z906-5-1-surround-sound-speaker-system.html,https://www.neostore.com.np/assets/uploads/uploads/2020/12/Z906-5.1-Surround-Sound-Speaker-System.jpg,https://www.neostore.com.np/assets/uploads/uploads/2020/12/Z906-5.1-Surround-Sound-Speaker-System1.jpg,https://www.neostore.com.np/assets/uploads/uploads/2020/12/Z906-5.1-Surround-Sound-Speaker-System.jpg,https://www.neostore.com.np/assets/uploads/uploads/2020/12/Z906-5.1-Surround-Sound-Speaker-System1.jpg,Logitech Z906 5.1 Surround Sound Speaker System,Immerse yourself in a theater-quality audio experience in the comfort of your home from this Logitech Z906 5.1 Surround Sound Speaker System 5.1 speaker system. 1000 Watts peak/500 Watts RMS power delivers powerful surround sound that is THX Certified to bring you a premium audio experience as well as designed to decode Dolby Digital and DTS encoded soundtracks for premium movie and music playback.,"Current Price: Rs.61,650, Original Price: Rs.64,900",,,,,,,,,"Logitech Z906. The THX Certified Powerful 5.1 speaker! Logitech Z906 5.1 Surround Sound Speaker System THX-certified speaker system makes converting any space into a home theater a breeze. Every tire screech, footstep, and rumbling are captured in 5.1 discrete channels of powerful, realistic surround sound, just as the studio intended. THX Certified Logitech Z906 5.1 Surround Sound Speaker has met strict performance standards to achieve THX certification. It’s your ultimate assurance of a cinematic sound experience. Amazing Surround Sound Designed from the ground up so that you get the most immersive surround sound experience possible. The Logitech Z906 5.1 speaker system is designed to decode Dolby Digital and DTS encoded soundtracks and has received THX Certification, ensuring a high-quality audio experience. Watts Of Powerful Sound 1000 Watts peak/500 Watts RMS power delivers rich audio and booming bass so that you can enjoy an auditory experience that brings every detail to life, from the noise of the crowd to the footsteps just behind you. The true sound that you can hear and feel. Versatile Setup Supports multiple inputs at the same time like 3.5mm, RCA, six-channel direct, digital coaxial, and optical inputs. Using the control console or the remote control you can select the audio input. Integrated Controls From the control panel or the wireless remote control, independently alter the volume levels of each satellite speaker and the subwoofer, as well as access power and mute. Choose between 2.1, 4.1, or 3D surround sound to customize your listening experience. Surround sound with 3D stereo Logitech Z906 speakers convert the two-channel stereo from your favorite old movies, music, and games into an immersive surround sound experience. Also, check out Logitech Z607 5.1 Surround Sound Speaker HERE!",,,,,,,,,,,,,,,,,,,,,,,,,,,,,,,,,,,,,,,,,,,,,,,,,,,,,,,,,,,,,,,,,,,,,,,,,,,,,,,,,,,,,,,,,,,
mivi-fort-s100-soundbar.html,https://www.neostore.com.np/assets/uploads/s100_23.jpg,https://www.neostore.com.np/assets/uploads/s100_2.jpg,https://www.neostore.com.np/assets/uploads/s100.jpg,https://www.neostore.com.np/assets/uploads/s100_23.jpg,Mivi Fort S100 Soundbar,Liven up your movie experience with theater-like room filling sound,"Current Price: Rs.11,999, Original Price: Rs.12,500",,,Mivi,,,,,,,SoundBar,,,,,1 Year,,,,,,,,,,,,,,Mivi Fort S100 Soundbar,,,,,,,,,,,,,,,,,,,80 - 20000 Hz,,,,,,,,,11 x 89.5 x 8 cm,,,,,,,,,,,,,"Bluetooth, aux , USB, Coaxial Input",N/a,N/a,DC Adapter,,,,,,,,,,,,,,,,,,,,,,,,,,,
mivi-fort-s60-soundbar.html,https://www.neostore.com.np/assets/uploads/mivi_3.jpg,https://www.neostore.com.np/assets/uploads/mivi1.jpg,https://www.neostore.com.np/assets/uploads/mivi_21.jpg,https://www.neostore.com.np/assets/uploads/mivi_3.jpg,Mivi Fort S60 Soundbar,Experience the magic of cinema at home with room filling sound. Transform your space into a theater.,"Current Price: Rs.8,999, Original Price: Rs.",,,Mivi,,,,,,,SoundBar,,,,,1 Year,,,,,,,,,,,,,,Mivi Fort S60 Soundbar,,,,,,,,,,,,,,,,,,,80 - 20000 Hz,,,,,,,,,9 x 80 x 8 cm,,,,,,,,,,,,,"Bluetooth, aux , USB, Coaxial Input",N/a,N/a,DC Adapter,AC100~245V/50-60Hz,,,,,,,,,,,,,,,,,,,,,,,,,,
mivi-roam-2-portable-bluetooth-speaker.html,https://www.neostore.com.np/assets/uploads/mivi_2.jpg,https://www.neostore.com.np/assets/uploads/mivi.jpg,https://www.neostore.com.np/assets/uploads/mivi_2.jpg,https://www.neostore.com.np/assets/uploads/mivi.jpg,Mivi Roam 2 Portable Bluetooth Speaker,The Roam 2 wireless speaker with a boosted bass radiator is as travel friendly as a speaker can get. It is durable enough to bounce around and light enough for the life on-go.,"Current Price: Rs.2,600, Original Price: Rs.",Mivi Roam 2 Portable Bluetooth Speaker,,Mivi,"Black, Blue & Red",,,,,"  Small Frame. Big Sound- Roam 2 wireless speaker is designed to deliver loud and clear music by pumping out sharp trebles, detailed mids and punchy bass. Now enjoy more richer & immersive notes to fill your room with music.  Heavy Bass - Small in size yet big on Bass, get the party started by taking your music up a notch with resonating bass of Roam 2. Dust and Waterproof  24 Hours Play Time - The only portable 5W speaker which gives you not 4or 5 but a whopping 24hrs playtime at 70% volume. Now, there is nothing else that can top that  The wireless speaker is a perfect device for High-Definition audio with a 24 hours playback time. Mivi’s latest wireless speaker, Mivi Roam 2 is a MUST BUY, for sure.",Bluetooth Speaker,: 85 x 100 x 45 mm ( Length*Width*Height ),"Audio Player, Laptop, Mobile, Tablet, Television",Bluetooth 5.0,,12 Months,,,,,,,,,Built-in Mic,,,,,,,,,,,,,,,,,,,,,,,,,,,,,,,,,,,,,,,,,,,,,,,,,,,,,,,,,,,,,,,,,,,,,,,,,,,,
promate-hook-neckband-speaker.html,https://www.neostore.com.np/assets/uploads/Promate_hook_3.jpg,https://www.neostore.com.np/assets/uploads/Promate_hook_2.jpg,https://www.neostore.com.np/assets/uploads/Promate_hook.jpg,https://www.neostore.com.np/assets/uploads/Promate_hook_3.jpg,Promate Hook Neckband Speaker,"A wearable speaker packed with a thump, Hook creates a unique sound experience. This dynamic speaker surrounds you with clear, high-definition sound while keeping you aware of your surroundings. The lightweight silicon design leans lightly on your shoulder providing a comfortable and secure fit.","Current Price: Rs.5,999, Original Price: Rs.6,499",Promate Hook Neckband Speaker,,Promate,Black,,,,,"Dynamic 6W Speaker with Exceptional HD Sound Quality: The Promate Hook wearable speaker has a 6W speaker with a rich bass response and an excellent wide range of audio quality. This compact speaker delivers sound way beyond its size, with custom-designed drivers producing clear highs. Concert-like 360-Degree Surround Sound: The wearable, neckband design of the Hook provides an excellent bass effect. High-definition stereo and impressive 360-degree surround sound volume take you into experiencing the world of music. Just wear it and enjoy it completely. Skin-Friendly Silicone with Lightweight Design: This neckband speaker can be adjusted to fit your neckline and rest on your shoulders providing a comfortable and secure fit. Because of the silicone, skin-friendly make you can enjoy these headphones with utmost comfort for long durations. The lightweight design makes Hook a very portable accessory to use while traveling or even while working out/ running. Faster Pairing with Bluetooth v5.0: This Bluetooth wearable speaker uses the v5.0 version, which provides efficiency and better connectivity with a working range of up to 10m. This latest Bluetooth technology also provides faster pairing, a more stable connection, and universal compatibility with epic sound quality. 9 Hours Impressive Playing Time: Hook neckband speaker provides a stunning 8-9 hours of continuous music time with no disturbance. Now, no need to worry about the speaker's battery when you are in the mood to listen to music. Have a long hour of enjoyment with Hook. Built-In Mic for High-Quality Calling: Make and receive crystal clear calls at the touch of a button with the built-in mic with precise voice pickup. Keep your phone in your pocket and your head up to the world with easy access to all calls. Long-Lasting Power with 600mAh Battery Capacity: Built-in 600mAh rechargeable lithium battery recharged within 2-3 hours. No need to worry about the speaker's battery. Have a long 8-9 hours of enjoyment with our stunning wireless wearable speaker. Easy Re-Charge with USB-C™ Port: You can easily power up your Hook Speaker with the in-built USB-C™ charging Port which provides super-fast charging. You can use a Type-C™ cable to power up this device and avoid carrying multiple wires. Button Control Feature for Hands-Free Function: Buttons are placed on the speaker to change, pause, play, and control the volume of your music. Enjoy hands-free call access as well. Now have complete control at your fingertips with this wireless wearable speaker. Universal Compatibility: The Promate Hook is compatible with all Bluetooth-enabled devices such as iPhone 13, 13 Pro, 13 Pro Max, iPhone 12, iPhone 12 Pro, iPhone 12 Pro Max, iPhone 12 Mini, Samsung Galaxy S22/S21/S20/S10, Galaxy A52 5G, Samsung Galaxy Note 20 series, Samsung Galaxy Z Fold 2, Google Pixel 5, Google Pixel 4A, Oppo Find X3 Pro, OnePlus 9 series, Xiaomi Mi 11, Sony Xperia 1 III and more.",Bluetooth Speaker,‎4.4 x 20.7 x 24 cm,"Audio Player, Laptop, Mobile, Tablet, Television",Bluetooth 5.0,,2 Years,,,,,,,,,Built-in Mic,,,,,,,,,,,,,,,,,,,,,,,,,,,,,,,,,,,,,,,,,,,,,,,,,,,,,,,,,,,,,,,,,,,,,,,,,,,,
remax-bottle-speaker-rb-m48.html,https://www.neostore.com.np/assets/uploads/RB-M48_2.jpg,https://www.neostore.com.np/assets/uploads/RB-M48_3.jpg,https://www.neostore.com.np/assets/uploads/RB-M48.jpg,https://www.neostore.com.np/assets/uploads/RB-M48_2.jpg,Remax Bottle Speaker RB-M48,"Super durable, over 9 months of standby period wireless 5.0, supports TF card use water-bottle shaped, light and compact widely applicable, outdoor professional","Current Price: Rs.2,999, Original Price: Rs.",Bottle Speaker,Speaker,HiFuture,Black,,,,,"The Remax Bottle speaker RB-M48 comes with a super standby time of 6000 hours/ almost 9 months. Powerful sound with 360 degrees of surround sound The high-power speaker within a pillar-sealed acoustic cavity generates a powerful 360-degree surround sound. Comes with dual speakers for clear smooth sound The Remax Bottle speaker RB-m48 comes with a full-frequency 12.5W large speakers, a sound up to 120dB covering 100 square meters, with a real smooth loud sound. Ultra Long life battery The RB-m48 comes with a 1200mAh battery with a standby time of 6000 hours. It also charges completely within 3-4 hours. Portable Music
Stunningly Heard A compact design to be held in one hand, with a nylon lanyard. Hang it on your bag and carry it all day long. Wireless 5.0 Bluetooth Upgraded wireless 5.0 chip with low latency. Stable even 10 meters away! ",,,,,,6 Months,,,,,,,,,,-,,,,,,,,,,N/a,n/a,,,,,,,,,,,,N/a,,,,,,,,,,,,,,,,,,,,,,,,,,,Bluetooth,10 Meters,3.5 Hours,3-4 Hours,Waterproof IPX4,,,,,,,,,,,,,,,,,,,,,
remax-rb-m56-bluetooth-speaker.html,https://www.neostore.com.np/assets/uploads/RB-M56.jpg,https://www.neostore.com.np/assets/uploads/RB-M56_3.jpg,https://www.neostore.com.np/assets/uploads/RB-M56_2.jpg,https://www.neostore.com.np/assets/uploads/RB-M56.jpg,Remax RB-M56 Bluetooth Speaker,"Battery backup of 4 hours on playback & 24 hours standby. Charges fully from zero in just 2.5 hours. IPX6 Waterproof: can withstand pressurized water from any angle. Compatible with most Bluetooth-enabled devices. Transmission range of 18 meters, almost 80% more than traditional wireless speakers. Stylish design with non-stick nano-coating.","Current Price: Rs.3,699, Original Price: Rs.",Bluetooth speaker,,Remax,Black,,,,,You will be amazed at how a small package like the Remax RB-M56 Bluetooth Speaker packs this much quality. The speakers provide excellent sound quality with surging mid-range tones and balanced bass-treble output. Portability & Performance This product is jam-packed with performance quality that most speakers do not have while being incredibly portable. It comes with a lanyard that helps you carry it around securely. Completely Waterproof! Make your life easier in the summer with a waterproof speaker that you can use in rain or at pool parties. The IPX6 waterproof rating means that even high-pressure water from any angle won’t ruin this speaker. Battery That Lasts All Day Get 4.5 hours of continuous pristine playback and up to 24 hours standby. This product delivers brilliant sound all the time and charges up in just 2.5 hours. Your party doesn;t have to stop with the long-lasting battery.,Speaker,N/a,"Audio Player, Laptop, Mobile, Tablet, Television",Bluetooth 5.0,,6 Months,,,,,,,,,-,,,,,,,,,,,,,,,,,,,,,,,,,,,,,,,,,,,,,,,,,,,,,,,,,,,,,,,,,,,,,,,,,,,,,,,,,,,,
ultima-dynamite-bluetooth-speaker.html,https://www.neostore.com.np/assets/uploads/Ultima_311.jpg,https://www.neostore.com.np/assets/uploads/Ultima_2.jpg,https://www.neostore.com.np/assets/uploads/Ultima_.jpg,https://www.neostore.com.np/assets/uploads/Ultima_31.jpg,Ultima Dynamite Bluetooth Speaker,"Introducing the Dynamite Wireless Speaker: Powerful 5W output, 11-hour playtime, IPX6 water-resistant, and more! Elevate your music experience.","Current Price: Rs.2,199, Original Price: Rs.3,499",Ultima Dynamite Speaker,,Ultima,Black,,,,, ,Speaker,N/a,"Audio Player, Laptop, Mobile, Tablet, Television",Bluetooth 5.0,,1 Year,,,,,,,,,Built-in Mic,,,,,,,,,,,,,,,,,,,,,,,,,,,,,,,,,,,,,,,,,,,,,,,,,,,,,,,,,,,,,,,,,,,,,,,,,,,,
ultima-marvel-bluetooth-speaker.html,https://www.neostore.com.np/assets/uploads/marvel_411.jpg,https://www.neostore.com.np/assets/uploads/marvel_21.jpg,https://www.neostore.com.np/assets/uploads/marvel_31.jpg,https://www.neostore.com.np/assets/uploads/one_21.jpg,Ultima Marvel Bluetooth Speaker,"Introducing Ultima Marvel – Your ultimate wireless speaker with 16W RMS stereo sound, delivering immersive, crystal-clear audio. Built with dynamic RGB LED lights and a robust 50mm full-range driver, it’s designed for a superior listening experience. With up to 12 hours of playtime and IPX5 water & dust resistance, the Marvel is perfect for any adventure. Its TWS functionality allows you to connect two speakers for a total output of 32W, while Bluetooth 5.3 ensures seamless connectivity up to 10 meters. Compact, portable, and equipped with a 3600mAh battery, the Marvel speaker is your go-to companion for quality sound and vibrant lighting on the go. Available in black and blue.","Current Price: Rs., Original Price: Rs.",,Wireless Speaker,,Black & Blue,,,,," Model: Ultima Rock | Portable Bluetooth Speaker | A Product from Nepali Brand  Design & Built: Marvel’s Sleek Cylindrical design, crafted with high-quality materials and robust engineering ensures that it remains functional and reliable for an extended period | Dimensions: 15.8 (W) x 9.4 (H) CM | Weight: 940gm  Ultima Supreme Sound: Marvel's precisely tuned 50mm drivers deliver phenomenal bass, clear mids, and crisp highs for a pure, dynamic audio experience. Power Output:  Playtime & Bluetooth: Bluetooth V5.3 | Range up to 10 metres | Upto 12 Hours playtime at 60% volume   3600mAh Battery Capacity | Type-C Charging port | Charging time: 1.5 – 2 Hrs TWS & Connectivity: Wireless Stereo Pairing ( Can connect 2 Marvel Speakers) | Connectivity:  Bluetooth, AUX Port, SD Card | Dynamic RGB LED lights sync with the audio | Built-In Mic for crystal calls | Compatibility: Mobile,  Laptop, and Tablet  Portability: Take your favorite tunes on the go with this durable, IPX5-rated Marvel speaker. It's designed to withstand splashes and light rain, making it perfect for outdoor adventures. Double the volume with two marvel speakers and immerse yourself in bold stereo sound with a massive power output of 32Watt Warranty & Replacement: 1 Year Brand Warranty | 30 Days Replacement Guarantee | Excellent after Sales Support | Available on Black and Blue",,,,,,1 Year Brand Warranty,,,,,,,,,,,,,,Marvel,,,"Bluetooth, AUX Port, SD Card",,,,940gm,,,,,,,,,,,3600mAh,,,,,,,,,,15.8 (W) x 9.4 (H) CM,,1.5 - 2 Hours,,,,,,,,,,,,,,,,,,,,IPX5 Dust & Water Resistance,Specs,Ergonomic Design,High-Quality Plastic with RGB LED Lights,Bluetooth V5.3,Upto 10 Metres,Stereo,Ultima Supreme Sound,16W RMS Stereo Sound,"Yes, portable.",50mm Full Range Driver,Mono Built-in Passive Bass Radiator,20Hz - 20KHz,Upto 12 Hours,"Yes, Dynamic RGB Led Lights","Yes, can connect 2 Rock Speakers for the stereo Effect. The total output will be 32W.",Type-C,Yes,"Volume Controls, Play/Pause, Call, Power ON/OFF, Switch Modes, RGB Controls, Reset","Mobile, Laptop & Tablet","1 Speaker, 1 Charging Cable, 1 AUX Cable,  1 User Manual, 1 Catalogue, 1 Sticker, 1 Warranty Card",30 Days Replacement Guarantee
ultima-rock-bluetooth-portable-speaker.html,https://www.neostore.com.np/assets/uploads/zero21.jpg,https://www.neostore.com.np/assets/uploads/one7.jpg,https://www.neostore.com.np/assets/uploads/two10.jpg,https://www.neostore.com.np/assets/uploads/three6.jpg,Ultima Rock Bluetooth Portable Speaker,"Meet Ultima Rock: Style meets sound. Bluetooth V5.3, 12W RMS stereo, 10m range, 12hr playtime, TWS, RGB LEDs, IPX5, compact design, button controls. Complete package, 1-year warranty. Your on-the-go companion.","Current Price: Rs.2,999, Original Price: Rs.3,999",Ultima Rock Bluetooth Portable Speaker,,Ultima,Black & Blue,,,,,"Introducing the Ultima Rock Wireless Speaker, where style meets superior sound. Engineered for exceptional performance, this portable stereo speaker boasts Bluetooth V5.3 connectivity with a range of up to 10 meters. Immerse yourself in a rich audio experience with 12W RMS stereo sound, powered by dual 2"" fullrange drivers and two built-in passive bass radiators.

The speaker's high-quality plastic build, accented with a soft fabric finish, adds a touch of elegance. Enjoy the convenience of portability with a compact design and a playƟme of up to 12 hours at 60% volume. The RGB LED lights on both sides not only enhance the aesthetic but also set the mood for your music. With TWS functionality, you can connect two Rock speakers for a powerful stereo effect, delivering a total output of 24W. The speaker is equipped with a 2200mAh battery, Type-C charging port, and IPX5 water resistance for durability.

Navigate seamlessly with easy-to-use button controls for volume, playback, calls, and more. Compatible with various devices, the UlƟma Rock comes with a complete package, including charging and AUX cables, a user manual, a catalog, a sticker, and a warranty card. Elevate your audio experience with Ultma Rock, backed by a 1-year brand warranty and a 30-day replacement guarantee. Available in sleek Black & Blue, this speaker is your perfect companion for on-the go entertainment.",Bluetooth Speaker,18.8*7*7.3 CM ( Length*Width*Height ),"Audio Player, Laptop, Mobile, Tablet, Television",Bluetooth 5.3,,12 Months,,,,,,,,,Built-in Mic,,,,,,,,,,,,,,,,,,,,,,,,,,,,,,,,,,,,,,,,,,,,,,,,,,,,,,,,,,,,,,,,,,,,,,,,,,,,
ultima-wavebar-120-sound-bar.html,https://www.neostore.com.np/assets/uploads/Ultima_Wavebar_120W_Soundbar_31.jpg,https://www.neostore.com.np/assets/uploads/Ultima_Wavebar_120W_Soundbar_2.jpg,https://www.neostore.com.np/assets/uploads/Ultima_Wavebar_120W_Soundbar.jpg,https://www.neostore.com.np/assets/uploads/Ultima_Wavebar_120W_Soundbar_31.jpg,Ultima Wavebar 120 Sound Bar,"Wavebar 120: 2.1 Channel Soundbar with 120W RMS, 3D Surround Sound, EXTRA BASS Technology, and Bluetooth V5.1 connectivity. Includes wired subwoofer and remote control with EQ modes.","Current Price: Rs.12,999, Original Price: Rs.15,999",,,,,,,,,,,,,,,,,,,,,,,,,,,,,,,,,,,,,,,,,,,,,,,,,,,,,,,,,,,,,,,,,,,,,,,,,,,,,,,,,,,,,,,,,,,,,,,,,,,,
