html_filename,image1,image2,image3,image4,product_title,short_description,price,Brand,Model,Connection Type,Wireless Version,OS Support,Wrist rest,Maximum Battery Life,Dimensions,Weight,Warranty,label,description2,Category,Color,Cable Length,Light,Connector Type,Selling Price,Product,color,Compatibility,Illuminated Key,Dimension,Connector type,Cost,Cable_length,Show_countdown
ant-esports-mk1400-gaming-keyboard.html,https://www.neostore.com.np/assets/uploads/ant_mk1400_4.jpg,https://www.neostore.com.np/assets/uploads/ant_mk1400_2.jpg,https://www.neostore.com.np/assets/uploads/ant_mk1400_3.jpg,https://www.neostore.com.np/assets/uploads/ant_mk1400.jpg,Ant Esports MK1400 Gaming Keyboard,"Type : Full Size 104 key Layout Lifespan : 10 million Keystroke Lighting: Rainbow LED OS: Windows, Mac & Linux Connectivity : USB(Wired) Cable : 1.5m Durable PVC Cable Working Voltage : 5V Working Temp; 0-45C Relative Humidity : 20-80%","Current Price: Rs.1,400, Original Price: Rs.",ANT Esports,MK1400,Wired,n/a,"Full functionaity OS Support to IOS, Mac",No,n/a,‎44.5L x 13.3W x 3.6H Centimeters,‎471 g,1 Year,,"The Ant Esports MK1400 gaming keyboard is an extraordinary membrane keyboard, designed to take your gaming experience to new heights. With its stunning RGB illumination, every keystroke comes alive with vibrant colors, adding a mesmerizing touch to your gaming setup. The black and white key-cap color scheme gives it a sleek and stylish look that perfectly complements any gaming rig. But it's not just about looks; the Ant Esports MK1400 is built for performance. Equipped with dedicated media key combinations, you have easy and convenient control over your audio and multimedia settings without interrupting your gameplay. With a remarkable 10 million click cycles, this keyboard ensures long-lasting durability, allowing you to unleash your gaming skills without worrying about wear and tear.Versatility is a key feature of the Ant Esports MK1400. Whether you're a Windows, Linux, or Mac user, this keyboard has got you covered. It's compatible with all major operating systems, ensuring seamless integration with your preferred gaming platform. Get ready to dominate the virtual realm with the Ant Esports MK1400 gaming keyboard and experience gaming like never before! ",,,,,,,,,,,,,,,
dell-multimedia-keyboard---kb216.html,https://www.neostore.com.np/assets/uploads/KB216_2.jpg,https://www.neostore.com.np/assets/uploads/KB2161.jpg,https://www.neostore.com.np/assets/uploads/KB216_21.jpg,https://www.neostore.com.np/assets/uploads/KB216_2.jpg,Dell Multimedia Keyboard - KB216,The Dell Multimedia Keyboard provides a convenient keyboard solution for everyday home or office computing uses.,"Current Price: Rs.1,140, Original Price: Rs.1,200",Dell,Dell Multimedia Keyboard - KB216,,,,,,17.4 in*5 in*1 in,17.74 oz,,,"The Dell Multimedia Keyboard provides a convenient keyboard solution for everyday home or office computing uses. The keyboard's full layout with chiclet-style keys allows for efficient, comfortable typing - excellent for everyday usage on virtually any task at hand. Durable and made of flexible materials, the Dell Multimedia Keyboard is also spill-resistant. Type fast and accomplish a number of tasks on your personal computer with the Dell KB 216 Wired USB Desktop Keyboard. The full layout of this keyboard features chiclet-style keys for comfortable and efficient typing. Multimedia keys for quick actions and commands The convenient multimedia keys let you easily access functions such as play, pause, rewind, and fast-forward plus volume control. Comfortable, desk-centric design Compact, yet featuring a full-sized keyboard and number pad, the Dell Multimedia Keyboard is ideal for home and office environments. With a durable build and quiet keys, it’s designed to provide comfort for the everyday demands of desktop usage. The Dell Multimedia Keyboard also has a palm rest that is available for separate purchase. What's in the box Dell Multimedia Keyboard - KB216.  ",Keyboard,Black,N/a,No,USB,,,,,,,,,,
digicom-mechanical-gaming-keyboard-dg-g80.html,https://www.neostore.com.np/assets/uploads/DG-G80-3.jpg,https://www.neostore.com.np/assets/uploads/DG-G80-2.jpg,https://www.neostore.com.np/assets/uploads/DG-G80.jpg,https://www.neostore.com.np/assets/uploads/DG-G80-3.jpg,Digicom Mechanical Gaming Keyboard | DG-G80,104 Key Mechanical Gaming Keyboard 6 Backlit Modes Splash Proof Design Non-Slip Ergonomic,"Current Price: Rs.6,550, Original Price: Rs.6,900",Digicom,DG-80,,,,,,457*136*39mm,960 Grams,,,"Backlit Keyboard Digicom Mechanical Gaming Keyboard has three brightness settings to choose from. You can locate keys easily in both bright and low-light settings. So, you can play even after the sun goes down. Gaming Keyboard Mechanical gaming keyboard comes with 104-key removable mechanical blue switches. Moreover, this is built for durability, reliability, and responsiveness. Mechanical keys that are fast and have medium resistance, perfect actuation, an audible click sound. And also tactile bump feedback. Durability Switch Durability is possible by a 10 million keystroke test, a modest actuation force, and a low travel distance. Digicom keycaps are made with a special double-shot manufacturing that never fades the primary color. Digicom Gaming Keyboard is both waterproof and dust resistant. 6 Backlit Modes To switch between backlit modes, press [FN+ ScrLK-]. Rainbow LED changeable lighting with 6-themed backlights. Additionally, there are 8 lighting models by default. So, you may also change their brightness by pressing FN+“↑” and“↓”. Backlit Anti-Ghosting ALL 104 Digicom Mechanical Gaming Keyboard keys are conflict-free (n-Key Rollover) for maximum gaming performance. Featuring 12 multimedia keys, a non-slip ergonomic design, and a splash-proof finish. Moreover, it has a full numeric keypad and a gold-plated corrosion-free USB connector for a secure connection. Gaming Keyboard Compatibility Computer systems supported include Windows 10, Windows 8, Windows 7, and Mac OS X.",Keyboard,Black,1.8 Meter,Yes,USB,-,,,,,,,,,
digicom-multi-device-bluetooth-keyboard-dg-ik8500.html,https://www.neostore.com.np/assets/uploads/uploads/2021/06/3-24.jpg,https://www.neostore.com.np/assets/uploads/uploads/2021/06/1-36.jpg,https://www.neostore.com.np/assets/uploads/uploads/2021/06/2-32.jpg,https://www.neostore.com.np/assets/uploads/uploads/2021/06/3-24.jpg,Digicom Multi-Device Bluetooth Keyboard DG-IK8500,"3 Device Multi-Device Rechargeable Battery Bluetooth Keyboard Windows 8 or later, Mac OS X 10.10 or later, iOS 5 or later, Android 5.0 or later are all compatible.","Current Price: Rs.6,425, Original Price: Rs.6,765",Digicom,,,,,,,N/a,N/a,1 Year,,"Digicom Bluetooth Keyboard The integrated phone and tablet stand in Digicom Multi-Device Bluetooth Keyboard DG-IK8500 allows you to hold your devices in the ideal position for typing and reading. Additionally, it has large, quiet keys and a convenient number pad created specifically for your finger for long typing. Furthermore, this feature helps to increase the opulence and impact of your typing. For you, DIGICOM has brought the greatest KEYBOARD. A beautiful type-on-anything keyboard that allows you to switch between three devices at once. Features What’s in the Digicom Bluetooth Keyboard box? ",,,,,Bluetooth,,DG-IK8500,Black,"Win, Mac, Android, IOS",N/a,,,,,
digicom-wired-slim-keyboard-dg--w12.html,https://www.neostore.com.np/assets/uploads/uploads/2021/06/W12-KEYBOARD-3.jpg,https://www.neostore.com.np/assets/uploads/uploads/2021/06/W12-KEYBOARD-3.jpg,,,Digicom Wired Slim Keyboard DG- W12,"plug and play ( no need to install) Durable, spill-resistant design and sturdy adjustable tilt legs. Simple wired USB connection – works with Windows-based PCs and mac, os/chrome os comfortable buttons. Nepali as well as English front Keyboard","Current Price: Rs.1,050, Original Price: Rs.1,110",Digicom,DG-W12,,,,,,,489 Grams,,,"All You Need With this Digicom Wired Slim keyboard, you get reliability, comfort, and style. Compact Design, Full-size Keys The normal layout with full-size keys and a number pad keeps you comfortable without taking up a lot of area on the keyboard. Design For Spill Resistance You won't have to worry about spills damaging your investment because liquid drains from the keyboard. Build to Last This stylish Digicom Wired Slim Keyboard not only looks and feels nice, but it's also built to last, thanks to its slim profile, spill-resistant construction, durable keys that can survive up to 10 million keystrokes, and sturdy, adjustable tilt legs. It's also simple to set up. Better Typing A smoother typing experience that will stand the test of time. Low-profile keys that scarcely create a sound, as well as a standard layout with full-size F-keys and a number pad, provide a comfortable and silent typing experience. Features Highlights What's in the box? Wired Keyboard, User manual",Keyboard,Black,N/a,No,USB,-,,,,,455*140*25mm,,,,
fantech-hunter-pro-k511-gaming-keyboard.html,https://www.neostore.com.np/assets/uploads/uploads/2020/10/1-24.jpg,https://www.neostore.com.np/assets/uploads/uploads/2020/10/2-24.jpg,https://www.neostore.com.np/assets/uploads/uploads/2020/10/1-24.jpg,https://www.neostore.com.np/assets/uploads/uploads/2020/10/2-24.jpg,Fantech HUNTER-Pro K511 Gaming Keyboard,LED: 3 Color Rainbow Combination Backlit Mode: one mode Media Keys: 12 keys Total keys: 104 keys Anti-ghosting: 19 Keys Anti-Ghosting,"Current Price: Rs.1,999, Original Price: Rs.3,999",Fantech,Hunter Pro K511,,,,,,458 * 187 * 34mm,N/a,,,"Mechanical Durable Switch Fantech Mechanical Gaming Keyboard allows you to think and react rapidly. The mechanical switches on your K511 feature a 4mm key travel distance and a 50 million keystroke life expectancy. To put it another way, if you own it, you'll be able to experience it even more quickly, precisely, and for longer. Customized Keys Customize it to meet your requirements: The single, combination, and macro keys on the K511 keyboard are entirely programmable, enabling you to design a truly customized tool that responds to your every keystroke. RGB Modes The RGB backlight technology of the Fantech HUNTER-Pro K511 Gaming Keyboard provides a multitude of intriguing illumination choices. The driver may adjust the lights, allowing you to modify the color and breathing manner. 104 Keys Mechanical switches on the Fantech Mechanical Gaming Keyboard may be adjusted. It has an RGB backlighting system as well as 104 fully programmable keys. Durable The Fantech HUNTER-Pro K511 Gaming Keyboard not only looks and feels amazing, but it also has a lengthy lifespan. Because of its long-lasting, adjustable tilt legs and strong keys that can sustain up to 60 million keystrokes. It's also simple to put together. Huge Compatibility Fantech's onboard mechanical switches work with Windows Vista, Win7, Win8/10, Mac OS X 10.5 or newer, Linux, Chrome OS, and there's even a USB connector.",Keyboard,Black,1.6 Meter,No,USB,-,,,,,,,,,
fantech-shikari-k515-rgb-membrane-gaming-keyboard.html,https://www.neostore.com.np/assets/uploads/k515_2.jpg,https://www.neostore.com.np/assets/uploads/k515_.jpg,https://www.neostore.com.np/assets/uploads/k515_2.jpg,https://www.neostore.com.np/assets/uploads/k515_.jpg,Fantech Shikari K515 RGB Membrane Gaming Keyboard,Product Name: SHIKARI K515 Number of Keys: 104 keys Switch Type: Membrane Anti-Ghosting: 6 keys Connection: Wired Size: 440(L)x130(W)x30(H)mm,"Current Price: Rs.1,449, Original Price: Rs.1,779",Fantech,Fantech Shikari K515 RGB Membrane Gaming Keyboard,,,,,,440(L)x130(W)x30(H)mm,645 gr,1 Year,,"Introducing the Fantech Shikari K515 RGB Membrane Gaming Keyboard with Advance Anti-Ghosting – the perfect addition to your gaming setup. With 104 keys and a membrane switch type, this keyboard provides a comfortable and responsive typing experience. Anti-Ghosting technology ensures that up to 6 keys can be pressed simultaneously without any confusion or delay, giving you an edge in intense gaming situations. Measuring at 440 x 130 x 30mm and weighing only 429.3g, this keyboard offers both comfort and convenience. The wired connection type ensures a stable connection for uninterrupted gameplay while the RGB lighting adds an aesthetic touch to your setup. Upgrade your gaming experience today with Fantech Shikari K515 RGB Membrane Gaming Keyboard with Advance Anti-Ghosting!",Gaming Keyboard,Transparent grey,1.6 Meters,RGB,Wired,,,,,,,,,,
havit-hv-kb376-wired-usb-keyboard.html,https://www.neostore.com.np/assets/uploads/HV-KB378_3.jpg,https://www.neostore.com.np/assets/uploads/HV-KB378_2.jpg,https://www.neostore.com.np/assets/uploads/HV-KB378.jpg,https://www.neostore.com.np/assets/uploads/HV-KB378_3.jpg,Havit HV-KB376 Wired Usb keyboard,"USB Compatibility: Windows 2000/XP/Vista/Windows 7/Windows 8/Windows 10. Dimensions: 438,5 x 136 x 16.6 mm Number of Keys: 104 keys . Keys Life: 8 million times . Cable: 1.4 m. Operating Voltage: 5 V Havit Hv-KB376 Wired Keyboard - Black Easy to use Good Quality Unique and fashionable design.","Current Price: Rs.660, Original Price: Rs.",Havit,Havit HV-KB378 Wired Usb keyboard,,,,,,,470 gr,1 Year,,,USB Keyboard,Black,1.4 Meters,N/a,Wired,,,,,,,,,,
havit-hv-nk01-usb-numeric-keypad.html,https://www.neostore.com.np/assets/uploads/HV-NK01_2.jpg,https://www.neostore.com.np/assets/uploads/HV-NK01.jpg,https://www.neostore.com.np/assets/uploads/HV-NK01_2.jpg,https://www.neostore.com.np/assets/uploads/HV-NK01.jpg,Havit HV-NK01 USB Numeric Keypad,"Compatible Devices Computer, Laptop. USB communication technology. Number of keys 19. Plug included USB Cable. Ultra Slim Keycap Design , adopt entire silicone ,feeling good. Fashionable apperance , also have an anti-theft password mask key characters UK printing and light solid oil,gloss wear.","Current Price: Rs.720, Original Price: Rs.",Havit,Havit HV-NK01 USB Numeric Keypad,,,,,,139*23*94 mm,148g,,,"Since the establishment of brand, HAVIT has been adhering the corporate philosophy of ""technological innovation and serving the world"". With a ""responsible for every product"" attitude, we insist on independent research and development, original design, and constantly improve every-detail of the product to improve users' experience. We strive to enable users all over the world to enjoy the technological fun brought by high-quality products. We have a modern factory specializing in R & D (Research and development) and manufacturing of 3C products. We have a management model whit high standards and strict requirements. Through strict evaluation, we supervise the operation specifications of multiple production line to achieve the best quality of production.  Key Specification: ",Numeric Keypad,Black,N/a,No,USB,,,,,,,,,,
havit-kb488l-multi-function-gaming-backlit-keyboard.html,https://www.neostore.com.np/assets/uploads/KB488L_3.jpg,https://www.neostore.com.np/assets/uploads/KB488L_2.jpg,https://www.neostore.com.np/assets/uploads/KB488L_.jpg,https://www.neostore.com.np/assets/uploads/KB488L_3.jpg,Havit KB488L Multi-function Gaming Backlit Keyboard,"Eye-catching gaming design 19 anti-ghosting keys, enable free control Fashionable and practical style design The characteristic mobile phone bracket design on the keyboard FN multimedia keys 4 standard multimedia keys.","Current Price: Rs.2,200, Original Price: Rs.",Havit,Havit KB488L Multi-function Gaming Backlit Keyboard,,,,,,,695g,1 Year,,,USB Membrane Keyboard,Black,1.5 Meters,RGB Gaming,Wired,,,,,,,,,,
havit-kb866l-multi-function-gaming-backlit-keyboard.html,https://www.neostore.com.np/assets/uploads/KB866L_3.jpg,https://www.neostore.com.np/assets/uploads/KB866L_2.jpg,https://www.neostore.com.np/assets/uploads/KB866L_.jpg,https://www.neostore.com.np/assets/uploads/KB866L_3.jpg,Havit KB866L Multi-function Gaming Backlit Keyboard,"Eye-catching gaming design Streamlined and human engineering design; elegant and beautiful. 19 anti-ghosting keys, enable free control With Fn multimedia keys, you can carry out quick operations on music play, volume control and Internet browsing to save your time. The colors of the upper and lower covers are free to choose.","Current Price: Rs.2,000, Original Price: Rs.",Havit,Havit KB866L Multi-function Gaming Backlit Keyboard,,,,,,462*147*29mm,613g,1 Year,,,Gaming Membrane Keyboard,Black,1.4m,RGB,Wired,,,,,,,,,,
imperion-centipada-104-keys-led-mechanical-usb-gaming-keyboard-kg-c10r.html,https://www.neostore.com.np/assets/uploads/centipada_3.jpg,https://www.neostore.com.np/assets/uploads/centipada_2.jpg,https://www.neostore.com.np/assets/uploads/centipada.jpg,https://www.neostore.com.np/assets/uploads/centipada_3.jpg,Imperion Centipada 104 Keys LED Mechanical USB Gaming Keyboard KG-C10R,Blue Switch Mechanical Keyboard Custom RGB Light effect Gold Plated USB Connector Full Keys Antighosting Double Color Injection Keycaps suspended Keycaps Design,"Current Price: Rs.8,010, Original Price: Rs.8,900",Imperion,KG-C10R,,,,,,144x455x41 mm,530g,1 year,,,Mechanical Gaming Keyboard,Black,n/a,RGB,Wired,,,,,,,,,,
imperion-kb-110-wired-multimedia-keyboard.html,https://www.neostore.com.np/assets/uploads/kb-110_2.jpg,https://www.neostore.com.np/assets/uploads/kb-3103.jpg,https://www.neostore.com.np/assets/uploads/kb-110_2.jpg,https://www.neostore.com.np/assets/uploads/kb-3103.jpg,Imperion KB-110 Wired Multimedia Keyboard,USB Multimedia Keyboard 12 Dedicated Multimedia Hotkeys Anti-Fade Keys with long Usage Injection Rubber for Better Type Feeling Spill Resistance,"Current Price: Rs.2,000, Original Price: Rs.",,,,,,,,,,,,,,,,,,,,,,,,,,,
imperion-kb-210-wired-multimedia-keyboard.html,https://www.neostore.com.np/assets/uploads/KB-210_2.jpg,https://www.neostore.com.np/assets/uploads/KB-210.jpg,https://www.neostore.com.np/assets/uploads/KB-210_2.jpg,https://www.neostore.com.np/assets/uploads/KB-210.jpg,Imperion KB-210 Wired Multimedia Keyboard,"ABS Material Low Profile Keys Anti-Fade keys, Long Life High quality Membrane to prevent oxidation Injection rubber for better typing experience Spill resistance","Current Price: Rs.2,000, Original Price: Rs.",Imperion,KB-210,,,,,,n/a,n/a,1 year,,,Office Keyboard,Black,n/a,No,Wired,,,,,,,,,,
imperion-kb-310-slim-wired-multimedia-keybaord.html,https://www.neostore.com.np/assets/uploads/kb-310_21.jpg,https://www.neostore.com.np/assets/uploads/kb-3102.jpg,https://www.neostore.com.np/assets/uploads/kb-310_21.jpg,https://www.neostore.com.np/assets/uploads/kb-3102.jpg,Imperion KB-310 Slim Wired Multimedia Keybaord,"USB Powered Durable and Sleek Design High quality Membrane to prevent oxidation 10 single multimedia hotkeys, easy to use Slim multimedia USB keyboard Anti-fade keys, long life","Current Price: Rs.1,800, Original Price: Rs.2,000",Imperion,KB-310,,,,,,n/a,n/a,1 year,,,Office Keyboard,Black,n/a,No,Wired,,,,,,,,,,
imperion-mech-10-led-mechanical-usb-gaming-keyboard-kg-m10r.html,https://www.neostore.com.np/assets/uploads/m10R.jpg,https://www.neostore.com.np/assets/uploads/m10r_2.jpg,https://www.neostore.com.np/assets/uploads/m10R.jpg,https://www.neostore.com.np/assets/uploads/m10r_2.jpg,Imperion Mech 10 LED Mechanical USB Gaming keyboard KG-M10R,Keyboard : 104 keys KAILH Blue Switch High Quality Aluminum Panel Custom RGB Light Effect Gold Plated USB USB Connector Full Keys Antighosting Double Colour Injection Keycaps Suspended keycaps Design Keycaps,"Current Price: Rs.6,210, Original Price: Rs.6,900",Imperion,KG-M10R,,,,,,141x452x56 mm,n/a,1 year,, ,Mechanical Gaming Keyboard,Black,n/a,RGB,Wired,,,,,,,,,,
imperion-sledgehammer-104-led-membrane-usb-gaming-keyboard-kg-s10b.html,https://www.neostore.com.np/assets/uploads/KG-S10B_2.jpg,https://www.neostore.com.np/assets/uploads/KG-S10B.jpg,https://www.neostore.com.np/assets/uploads/KG-S10B_2.jpg,https://www.neostore.com.np/assets/uploads/KG-S10B.jpg,Imperion Sledgehammer 104 LED Membrane USB Gaming Keyboard KG-S10B,"Type : Wired, illuminated, backlight Key Life : More Than 10 Million Times 19 Keys anti ghosting capability U.S / English Language Double Injection Keycaps 104 Keys Semi Mechanical Gaming Keyboard Material : ABS USB Connection Spill Resistant","Current Price: Rs.1,800, Original Price: Rs.2,000",Imperion,KG-S10B,,,,,,132x444x50 mm,n/a,1 year,,,Membrane USB Gaming Keyboard,Black,n/a,RGB,Wired,,,,,,,,,,
imperion-sledgehammer-87-keys-membrane-rgb-usb-gaming-keyboard-kg-s07c.html,https://www.neostore.com.np/assets/uploads/sledgehammer_7_3.jpg,https://www.neostore.com.np/assets/uploads/sledgehammer_7.jpg,https://www.neostore.com.np/assets/uploads/sledgehammer_7_2.jpg,https://www.neostore.com.np/assets/uploads/sledgehammer_7_3.jpg,Imperion Sledgehammer 87 Keys Membrane RGB USB Gaming Keyboard KG-S07C,"Type : Wired, illuminated, backlight 87 Floating Type Keys Mixed Colour Light With Breathing 19 Keys Anti Ghosting Rustfree Aluminum Plate USB Connection Spill Resistant U.S / English Language Key Life : More Than 10 million times Everlasting Laser Engraved Characters","Current Price: Rs.1,800, Original Price: Rs.2,000",Imperion,KG-S07C,,,,,,134x362x50 mm,n/a,1 year,,,Membrane Gaming Keyboard,Black,n/a,RGB,Wired,,,,,,,,,,
imperion-trooper-10-led-mechanical-usb-gaming-keyboard-kg-m10f.html,https://www.neostore.com.np/assets/uploads/m10f_2.jpg,https://www.neostore.com.np/assets/uploads/m10f_.jpg,https://www.neostore.com.np/assets/uploads/m10f_2.jpg,https://www.neostore.com.np/assets/uploads/m10f_.jpg,Imperion Trooper 10 LED Mechanical USB Gaming Keyboard KG-M10F,"OTUM Blue Switch Built for Comfort and Durability, OTUM Switch give a lifespan up to 50 million keystroke High Quality Aluminum Panel Solid Aluminum Structure Stability and Durability Golden USB Plated USB Connector Ensures the Perfect Data Transmission in Your Gaming Full Keys Anti-Ghost Full n-keys Rollover Double Injection Keycaps Character Never Fade Even Under Heavy Use Suspended Keycap Design Stylish and Easy to Clean","Current Price: Rs.4,950, Original Price: Rs.5,500",Imperion,KG-M10F,,,,,,140x487x46 mm,n/a,1 year,,,Mechanical Gaming Keyboard,Black,n/a,RGB,Wired,,,,,,,,,,
logitech-g213-prodigy-gaming-keyboard-with-rgb-anti-ghosting-.html,https://www.neostore.com.np/assets/uploads/2131.jpg,https://www.neostore.com.np/assets/uploads/213_2.jpg,https://www.neostore.com.np/assets/uploads/213_3.jpg,https://www.neostore.com.np/assets/uploads/214_4.jpg,Logitech G213 Prodigy Gaming Keyboard with RGB & Anti-Ghosting,Durable with gaming-grade performance. Tactile Mech-Dome keyswitches are spill-resistant. Customizable LIGHTSYNC RGB lighting. Integrated palm rest and adjustable feet. Dedicated media controls.  4xFASTER THAN STANDARD KEYBOARDS LIGHTSYNC RGB LIGHTING ONBOARD MEDIA CONTROLS,"Current Price: Rs.9,490, Original Price: Rs.9,990",Logitech,G213,,,,,,Height: 218 mm Width: 452 mm Depth: 33 mm,1000g,1 year,," GAMING GRADE PERFORMANCE The G213 gaming keyboard features Logitech G Mech-Dome keys that are specially tuned to deliver a superior tactile response and overall performance profile similar to a mechanical keyboard. Mech-Dome keys are full height, deliver a full 4mm travel distance, 50g actuation force, and a quiet sound operation.  LIGHTSYNC RGB G213 features five individual lighting zones, each customizable from a palette of approximately 16.8 million colors and different brightness levels to match your style, system or space. LIGHTSYNC technology provides next-gen RGB lighting that synchronizes lighting and game profiles with your content. Customize it all quickly and easily using Logitech G HUB.  SPILL-RESISTANT AND DURABLE The G213 membrane and keyframe construction design is built for real life, delivering spill resistance tested to 60ml liquid rating. The result is a keyboard built to contend with the realities of everyday gaming.  INTEGRATED PALM REST & ADJUSTABLE FEET The two-level angle adjustment lets you set your keyboard so it feels just right, while the integrated palm rest relieves discomfort or fatigue, so you can keep playing comfortably round after round.  DEDICATED MEDIA CONTROLS The G213 features dedicated media controls that can be used to play, pause, and mute music and videos instantly. Adjust the volume, or skip to the next song with a touch of a button.  CUSTOMIZE WITH LOGITECH G HUB G HUB lets you customize your G213 for added convenience and personalization. Set the RGB lighting, save time by assigning multiple functions to certain keys, and much more. ",Gaming Keyboard,Black,1.8m,Yes. Customizable RGB,Wired,,,,,,,,,,
logitech-g512-carbon-rgb-mechanical-gaming-keyboard.html,https://www.neostore.com.np/assets/uploads/512.jpg,https://www.neostore.com.np/assets/uploads/512_2.jpg,https://www.neostore.com.np/assets/uploads/512_3.jpg,https://www.neostore.com.np/assets/uploads/512.jpg,Logitech G512 Carbon RGB Mechanical Gaming Keyboard,"High-performance gaming keyboard featuring your choice of advanced GX mechanical switches. Includes 1 ms report rate, USB passthrough, LIGHTYSNC RGB, and aluminum-alloy construction.  USB PASSTHROUGH DATA AND POWER CONNECTIVITY LIGHTSYNC CUSTOMIZABLE, REACTIVE LIGHTING AL MG ALLOY ANODIZED, BRUSHED","Current Price: Rs.18,325, Original Price: Rs.19,290",Logitech,G512 Carbon,,,,,,Length: 132 mm x Width: 445 mm x Height: 35.5 mm,1130g,1 year,," LIGHTSYNC RGB G512 can be customizable per key with approximate 16.8 M colors. Create your own animations or choose from a selection of preset effects. And with LIGHTSYNC technology, lighting is driven by games, audio, or your screen to deliver the most immersive RGB experience ever.  AIRCRAFT-GRADE ALUMINUM ALLOY G512 is crafted from incredibly strong and durable 5052 aluminum-magnesium alloy which allows for both a minimal design and a beautiful aesthetic. The rigidity of 5052 alloy also provides a sturdy, non-slip chassis that houses a full suite of features for an unbeatable gaming experience. USB PASSTHROUGH Convenience and speed are directly within reach. The additional, dedicated USB cable connects the USB passthrough port to its own input for full power throughput and data speed. Plug in a device to charge or plug in a mouse to charge your adversaries, without missing a beat. FULL FUNCTION KEYS Media and lighting controls are right at your fingertips. Use the FN key to control volume, play and pause, mute, toggle game mode, change lighting effects, etc. Use the FN toggle feature in Logitech G HUB and configure your function keys to perform these alt commands by default.  DEDICATED GAMING FEATURES Don’t lose a game because you fat-fingered the Windows® key. Toggle game mode with FN+F8. Deactivate additional keys using Logitech G HUB. Store per-key RGB lighting profiles in the onboard memory for use on any system. 26-KEY ROLLOVER AND ANTI-GHOSTING Press multiple keys simultaneously in any order and get exactly what you intended with 26-key rollover.
Performance-tuned anti-ghosting gives you reliable control when multiple gaming commands are given simultaneously.  PROGRAMMABLE MACROS Use Logitech G HUB to program custom functions and macro commands on F1-F12 buttons. Make your gaming life easier. Execute complex commands, or unleash a timed series of actions or spells with the press of a button.",Mechanical Gaming Keyboard,Black,1.83m,Yes. Customizable RGB,Wired,,,,,,,,,,
logitech-usb-keyboard-k120.html,https://www.neostore.com.np/assets/uploads/uploads/2021/03/logitech_0001_k120-1.jpg,https://www.neostore.com.np/assets/uploads/uploads/2021/03/logitech_0000_k120.jpg,https://www.neostore.com.np/assets/uploads/uploads/2021/03/logitech_0003_k120-3.jpg,https://www.neostore.com.np/assets/uploads/uploads/2021/03/logitech_0002_k120-2.jpg,Logitech USB Keyboard K120,"The Logitech Keyboard K120 provides a superior typing experience that is built to last, with comfortable, quiet typing, a sleek yet strong design, and a plug-and-play USB connection. Requirements for the Operating System: XP (Windows XP Professional) Vista is the latest version of Microsoft's operating system Windows 7 is the latest version of Microsoft's operating Windows 8 is the latest version of Microsoft's operating USB port|Windows 10|Linux kernel 2.6+","Current Price: Rs.1,700, Original Price: Rs.1,790",Logitech,,,,,,,155 mm x 450 mm x 23.5 mm,19.4 oz (550 g),1 Year,,"Logitech K120 Ergonomic Desktop USB Wired Keyboard. Reliable Simplicity With Logitech USB Keyboard K120, getting things done should be simple. That is why this full-sized keyboard is ideal. It's a dependable and long-lasting buddy with a number pad and an easy-to-use design that works right out of the box. Simply connect this corded keyboard to your computer through USB and you're ready to go. Comfortable And Full Size This full-size keyboard with an integrated number pad makes data entry, calculations, and navigation a breeze. Additionally,  The curved space bar along with easy-to-read keys provide a comfortable and familiar typing experience. Easy Plug & Play USB Keyboard- K120 works right out of the box. Just plug into the USB port, and it's ready to go. thus no downloads, no setup, and no fuss. Durable And Spill-Resistant Spill-resistant design Tested under limited conditions (maximum of 60 ml liquid spillage). Built To Keep Going Logitech USB Keyboard K120 is built with the same high quality and reliability standards that have made Logitech the #1 global leader for mice and keyboards Based on independent sales data (in units) aggregated for Logitech mice and keyboards from major global markets thus making your keyboard last. Typing Feel You Love This stable keyboard delivers a familiar typing feel, with deep-profile keys, and a springy, responsive bounce-back so you will enjoy every moment of typing. Environment Friendly K120's plastic parts contain 52 percent certified post-consumer recycled plastic, giving end-of-life plastic from old consumer electronics a second life and helping to reduce our carbon footprint.",,Black,,,,,K120  KEYBOARD,,Windows,No,,Corded,,,
micropack-gk-10-gaming-keyboard.html,https://www.neostore.com.np/assets/uploads/GK-10_3.jpg,https://www.neostore.com.np/assets/uploads/GK-10_2.jpg,https://www.neostore.com.np/assets/uploads/GK-10.jpg,https://www.neostore.com.np/assets/uploads/GK-10_3.jpg,Micropack GK-10 Gaming Keyboard,"Dive into gaming with the spill-resistant Micropack GK-10L. Illuminate victory with dynamic LED lights! - SPILL RESISTANT STURCTURE
- RAINBOW BACKLIT
- 19 ANTI GHOST KEYS FOR GAMING
- FN+MULTIMEDIA KEYS AND WINDOWS LOCK","Current Price: Rs.1,820, Original Price: Rs.",Micropack,GK-10,,,,,,474x195x34 mm,n/a,1 year,,"Immerse yourself in the world of gaming with the MICROPACK GK-10L Gaming Keyboard – a masterpiece of precision and style. With its spill-resistant design, liquid accidents are no match for your gameplay. The 19 Keys Anti Ghosting feature elevates your gaming prowess, effortlessly translating every fingertip command into lightning-fast in-game actions. As your fingers dance across the high key cap, the keyboard comes alive with a mesmerizing symphony of colors, thanks to its dynamic Breathing LED Lights. Effortless setup is guaranteed with the Plug & Play USB 2.0 interface. This gaming marvel boasts 104 keys, including 12 multimedia shortcuts, ensuring both immersive gameplay and convenient control. The membrane switch type and sleek design combine to offer a tactile gaming experience. MICROPACK’s dedication to quality shines through with the sturdy 1.5m cable and dimensions that perfectly fit the gamer’s arena. Unleash your skills and conquer virtual realms with this gaming keyboard, compatible with Windows and Mac systems. Unbox exhilaration with the MICROPACK GK-10L – where precision meets panache.",Gaming Keyboard,Black,1.5m,RGB,Wired,,,,,,,,,,
rapoo-k10-numeric-keyboard.html,https://www.neostore.com.np/assets/uploads/k10_2.jpg,https://www.neostore.com.np/assets/uploads/k10_1.jpg,https://www.neostore.com.np/assets/uploads/k10.jpg,https://www.neostore.com.np/assets/uploads/k10_2.jpg,Rapoo K10 Numeric Keyboard,Plug & Play Multimedia Keys Non-Slip Silicone Wide Compatibility Ergonomic Design,"Current Price: Rs.550, Original Price: Rs.790",Rapoo,K10,,,,,,N/a,N/a,,,"Plug & Play The Rapoo K10 Numeric Keyboard is compatible with computers and laptops. There is no need for a driver, battery, or software. All that is required is one USB port, resulting in the most accurate USB connection possible. Smooth Touch K10 provides you with the most comfortable impact angle while also reducing wrist pressure. The 23-key USB number pad produces very little noise and is ideal for working with spreadsheets, accounting records, and financial software. Perfect Accuracy The key name is visible, the key is lifted, and the nice pressing sensation increases your productivity. The laser print keys at the bottom never come loose and keep your number keypad in place. Portable The Rapoo K10 Numeric Keyboard is a lightweight and portable design. Traditional black numeric keypads are ideal for business travels or everyday usage, making your experience more pleasant and easy. Compatibility Any computer with a USB port (Mac OS X 10.6 or later Windows 7/8/10/XP/Vista) can use the USB numeric keypad. You can also buy Keyboard & Mouse Combo From Here.",Keyboard,Black,N/a,No,USB,-,,,,,,,,,
rapoo-mechanical-gaming-keyboard-v700-.html,https://www.neostore.com.np/assets/uploads/rapoo_v700.jpg,https://www.neostore.com.np/assets/uploads/rapoo_v700_3.jpg,https://www.neostore.com.np/assets/uploads/rapoo_v700_2.jpg,https://www.neostore.com.np/assets/uploads/rapoo_v700.jpg,Rapoo Mechanical Gaming Keyboard | V700,"Mechanical Switches 108 Fully Programmable Keys Adjustable RGB Backlight System Onboard Memory Windows XP/Vista/7/8/10, USB port","Current Price: Rs.5,170, Original Price: Rs.7,390",Rapoo,V700,,,,,,,1.5 Kg,,,"Mechanical Switch Think quickly and respond quickly with Rapoo Mechanical Gaming Keyboard. The mechanical switches on your V700RGB have a key travel distance of 4 mm and a life expectancy of up to 60 million keystrokes. To put it another way: Own it, and you'll have even more enjoyment that's quicker, more precise, and lasts longer. Fully Programmable Keys Customize it to fit your needs: The V700RGB keyboard's single, combination, and macro keys are all programmable, allowing you to create a completely personalized tool that responds to your every keypress. RGB Lights The V700RGB's RGB backlight technology delivers a variety of interesting lighting options. The illumination may be controlled via the driver, which allows you to change the hue and breathing style. Long-Lasting This stylish Rapoo Mechanical Keyboard not only looks and feels fantastic, but it's also long-lasting. Thanks to its strong keys that can survive up to 60 million keystrokes, and durable, adjustable tilt legs. It's also simple to put together. Full-Size Keyboard Rapoo Mechanical Gaming Keyboard has mechanical switches that are adjustable. It includes RGB Backlight System 108 Fully Programmable Keys. Compatibility Rapoo onboard mechanical switches are fully compatible with Windows XP/Vista/7/8/10, and there is a USB connector. For new gadgets, please check Neostore.",Keyboard,Black,N/a,Yes,USB,-,,,,,‎30 x 22 x 8 cm,,,,
rapoo-nk1800-wired-keyboard.html,https://www.neostore.com.np/assets/uploads/uploads/2021/01/Rapoo-NK1800-Wired-Keyboard-US-Black-18648.jpg,https://www.neostore.com.np/assets/uploads/uploads/2021/01/Rapoo-NK1800-Wired-Keyboard-US-Black-18648.jpg,,,Rapoo NK1800 Wired Keyboard,"The wired keyboard is well-spaced, with low keys for accurate and fast typing with low sound and better response. Durability, led lights make it a sleek design, and the comfortable, faster keyboard for effortless work and to make it fun.","Current Price: Rs.900, Original Price: Rs.1,290",Rapoo,,,,,,,,,1 Year,,"Laser carved keycap Keycap printing adopts laser carving technology that makes it wearable, durable, and long a lifetime. Spill-resistant design Spill-resistant design of the keyboard, so you don’t have to worry about the keyboard stop working with accidental spills. 1 600 DPI tracking engine You’ll enjoy responsive and smooth cursor control with the 1600 DPI high-definition optical tracking engine. Anti-oxidation sealed membrane The sealed membrane ensures a longer keyboard lifetime. It prevents oxidizing of the inside circuit, which may cause defective keys. Laser Carved Keycap Keycap printing adapts laser carving technology that makes it wearable, stronger and longer lifetime. Anti-Oxidant Sealed Membrane The sealed membrane ensures a longer keyboard lifetime as it protects the inner circuit from any oxidization. Durable Design The keyboard has a laser-carved key-cap, spill resistance, sealed membrane, etc all combined together to get you a durably designed product. Led Lights Rapoo’s NK1800 keyboard has led lights that help in indicating various functions such as caps lock, num lock, etc.",Keyboard,Black,,,,,Rapoo NK1800 wired keyboard(18648),,,,,Wireless,-,,
rapoo-ralemo-pre-5-multi-mode-wireless-keyboard.html,https://www.neostore.com.np/assets/uploads/ralemo_4.jpg,https://www.neostore.com.np/assets/uploads/ralemo_3.jpg,https://www.neostore.com.np/assets/uploads/ralemo.jpg,https://www.neostore.com.np/assets/uploads/ralemo_1.jpg,Rapoo Ralemo Pre-5 Multi-Mode Wireless Keyboard,"Rapoo mechanical keys Intelligently switch among multiple devices Supports Bluetooth 3.0, Bluetooth 5.0, 2.4GHz, and wired modes Rechargeable lithium battery Conflict-free design for all keys Compatible with Windows® and Mac®","Current Price: Rs.10,490, Original Price: Rs.14,990",Rapoo,Ralemo Pre-5,,,,,,N/a,N/a,,,"Full-Size Keyboard The Rapoo Ralemo Pre-5 Multi-Mode Wireless Keyboard Standard Full-Size Keyboard has the multiple features.  A 104-key full-size keyboard that can handle a lot of typing.  The full-size design makes it tough to feel exhausted even after long hours of usage. Illumination Keys The Rapoo Ralemo Pre 5 Edition has the same functions as the ordinary version but for the different materials. The pleated circular keys on the multi-device keyboard have six lighting options and four brightness adjustment levels. Different Connection Mode There are four distinct ways to connect with the Ralemo Pre 5 Fabric Edition. Bluetooth 3.0, Bluetooth 5.0, 2.4GHz Wi-Fi, and a wired USB-C mode are all included. Long Duration The Rapoo Ralemo Pre-5 Multi-Mode Wireless Keyboard is powered by a 4000mAh rechargeable lithium battery that supports quick charging. It takes four hours to fully charge and may last up to 13 days. Compatibility It's compatible with both Windows and macOS, and it can connect to up to five devices at once, according to Rapoo. There is no specific number pad, although there are multimedia shortcuts on the keyboard. ",Keyboard,Blue,Wireless,Yes,"USB, Bluetooth",-,,,,,,,,,
rapoo-v500pro-back-lit-mechanical-gaming-keyboard.html,https://www.neostore.com.np/assets/uploads/uploads/2020/08/45.jpg,https://www.neostore.com.np/assets/uploads/uploads/2020/08/1-1.jpg,https://www.neostore.com.np/assets/uploads/uploads/2020/08/2-1.jpg,https://www.neostore.com.np/assets/uploads/uploads/2020/08/45.jpg,Rapoo V500Pro Back-lit Mechanical Gaming Keyboard,"Rapoo V500Pro Back-lit Mechanical Gaming Keyboard comes with Durable and Fully Mechanical Keys that are also Individually Backlit. It also comes with a Conflict-free design so that you can game like a pro, every time you play - individually or online.","Current Price: Rs.4,190, Original Price: Rs.5,990",,,,,,,,,,1 Year Warranty,,"Durable Mechanical Keys This keyboard comes with mechanical key switches that individually offer up to 60 million operations. This ensures that you’ll be able to comfortably game on this keyword for a pretty long time. Individual Backlit Keys Your keyboard will look super cool while you’re gaming as it comes with individually backlit keys that also offer adjustable brightness. This feature also comes in handy when the lights are out and you want to pull an all-nighter. Conflict-free Design When it comes to the virtual battlefield, you not only have to frag first, but you also have to frag fast. All the keys on the keyboard adopt a non-conflict design, which allows you to press a number of keys simultaneously. This ensures that every command of yours is executed accurately and quickly, ensuring that you can carry out quick moves and defenses in your games. Media Control The Fn keys on Rapoo V500Pro Back-lit Mechanical Gaming Keyboard give you quick access to functions such as the media player, the homepage, volume adjustments, and so on.",,,,,,,,,,,,USB,,1.2 mm,Yes
rapoo-xk100-bluetooth-keyboard.html,https://www.neostore.com.np/assets/uploads/XK100.jpg,https://www.neostore.com.np/assets/uploads/XK100_2.jpg,https://www.neostore.com.np/assets/uploads/XK100.jpg,https://www.neostore.com.np/assets/uploads/XK100_2.jpg,Rapoo XK100 Bluetooth Keyboard,"Bluetooth 3.0 wireless connection Intelligently switch among multiple devices Integrated card slot stand design Scissor key structure for good typing experience Lithium batter Compatible with Windows, Android, Mac, and iOS system","Current Price: Rs.3,145, Original Price: Rs.4,490",Rapoo,Xk100,,,,,,13.07 x 6.57 x 1.14 inches,283 Grams,,,"Multiple Device Support The Rapoo XK100 Bluetooth Keyboard wireless keyboard can connect to three devices. Two through Bluetooth and one via a 2.4GHz USB adapter. You can quickly swap divide with one keystroke. Please keep in mind that you cannot control three devices at once. Compatible with Windows 7/8/10/XP Vista Linux Mac, Tablet, Cellphone, PC, Smart TV Integrated Cradle & Portable The keyboard has an inbuilt card cradle that keeps your phone or tablet at precisely the ideal angle for you to read while typing, roughly 110 degrees. It can hold a 9.7-inch iPad horizontally. The FN+1/2/3 button can swiftly switch between three devices thanks to Bluetooth connection technology, which enables robust signal transfer. Compact and light, it is easy to transport and is suitable for travel or business trips. Multimedia Keys FN+F1F12 may swiftly swap between multimedia function keys. Compatible with Android, Windows, iOS, and Mac OS systems on smartphones, tablets, laptops, and desktop computers. Long Battery Life Rapoo XK100 Bluetooth Keyboard has built-in 280mAh lithium-ion high-energy battery charges in about 2 hours and lasts for around 93 hours of use. Design that saves energy by automatically switching to sleep mode after 10 minutes.",Keyboard,Black,N/a,No,USB,-,,,,,,,,,
rapoo-xk200-bluetooth-keyboard.html,https://www.neostore.com.np/assets/uploads/XK200_rapoo_4.jpg,https://www.neostore.com.np/assets/uploads/XK200_rapoo.jpg,https://www.neostore.com.np/assets/uploads/XK200_rapoo_3.jpg,https://www.neostore.com.np/assets/uploads/XK200_rapoo_2.jpg,Rapoo XK200 Bluetooth Keyboard,Surface Pro3 / 4/5/6 applicable Bluetooth 3.0 wireless connection High-precision multi-touch trackpad Win10 gesture operation Win system multimedia shortcut keys Built-in 350mAh lithium battery,"Current Price: Rs.6,780, Original Price: Rs.9,690",Rapoo,Xk200,,,,,,11 x 9 x 1 inch,300 Grams,,,"Compatibility Model Rapoo XK200 Bluetooth Keyboard is compatible with Microsoft Surface Pro 6 (2018 New Release) / Surface Pro 5th Gen (2017 New Release) / Surface Pro 4 12.3-Inch / Surface Pro 3 2014 12-inch Windows with trackpad Please double-check the model of your tablet. More Surface Like a laptop, the keyboard is magnetically attached to the Surface Pro, and the connection is made via Bluetooth. Chiclet keyboards and touchpads make you feel like you're using a laptop once Bluetooth is connected. Type-C Charging The charging cord is a type c charging cable, which makes charging very simple and speedy. Based on 2 hours of completely charged time, the 350mAh built-in battery can support 35 hours of continuous use. Rapoo XK200 Bluetooth Keyboard goes into sleep mode after 15 minutes of inactivity. To activate, hold down any key for 5 seconds. Windows 10 Gesture Control your Microsoft Surface Pro with a high-precision multipoint touchpad that supports four fingers operation and up to 12 gestures. There are yet more amazing adventures to go around for. Please see the manual or description for further information. Built-in Battery Long keyboard life and continuous use thanks to the built-in rechargeable battery.",Keyboard,Black,N/a,No,USB,-,,,,,,,,,
satechi-aluminium-bluetooth-wireless-keyboard-st-ambkm.html,https://www.neostore.com.np/assets/uploads/satechi.st-ambkm3.jpg,https://www.neostore.com.np/assets/uploads/satechi.st-ambkm.jpg,https://www.neostore.com.np/assets/uploads/satechi.st-ambkm_4.jpg,https://www.neostore.com.np/assets/uploads/satechi.st-ambkm_2.jpg,Satechi Aluminium Bluetooth Wireless Keyboard ST-AMBKM,"Model Code:  ST-AMBKM  Featuring enhanced scissor-switch keys and an extended keyboard layout, the Satechi Aluminum Bluetooth Wireless Keyboard is a perfect solution for your modern setup.","Current Price: Rs.10,900, Original Price: Rs.",Satechi,ST-AMBKM,Bluetooth,Bluetooth 3.0,"Full functionaity OS Support to IOS, Mac",No,80 Hours (Operation),17 x 4.7 x 0.4 inches,498.95g,1 Year,," Enhance your desktop setup with the sleek and stylish Satechi Aluminum Bluetooth Wireless Keyboard for Mac. Featuring a full-sized QWERTY layout and scissor-switch keys, this keyboard provides all the essential keys and commands with a responsive and tactile typing experience. Dedicated keys for Cut, Copy, and Paste boost productivity, making tasks like drafting documents or entering data more efficient. With Bluetooth 3.0 connectivity, you can enjoy a wireless, clutter-free workspace, and the ability to sync with up to three devices allows for easy switching between systems. The keyboard includes a USB Type-C cable for recharging, offering up to 80 hours of battery life per charge. Extended Bluetooth Keyboard upgrade your existing Mac keyboard to a sleek wireless keyboard with full numeric keypad, Bluetooth connection and responsive scissor-switch keys  Wireless 3 Devices Sync Connect to 3 Bluetooth devices at a time and use the assigned Bluetooth keys to switch between your smartphone, tablet or laptop  Initutive Shortcut Keys Equipped with convenient shortcut function keys, specifically designed for Mac devices to switch apps, search, screenshot, copy/paste and more USB-C Rechargable Port Features a built-in USB-C rechargeable port for long-lasting battery life up to 80 hours of uninterrupted work time between charges  Device Compatibility This keyboard is compatible with a wide range of Apple devices released after 2012, including the iMac Pro, iMac, 2020/2018 Mac mini, 2020/2019/2018/2017/2016 MacBook Pro, 2020/2018 MacBook Air, MacBook, 2019 iPad, 2020/2018 iPad Pro, iPhone 11 Pro Max/11 Pro/11, XS Max/XS/XR/X, 8 Plus/8, as well as iOS and macOS devices. Requires macOS v10.4 or later. What's in the box? ",,,,,,,,,,,,,,,
