html_filename,image1,image2,image3,image4,product_title,short_description,price,Model,PoE standard,Interface,key function,PoE port,PoE Total,Power supply,RJ45 PoE power supply,PoE output-port,Indicator,Network media,MAC Address Table,jumbo frame,Packet buffer,Transfer Mode,Packet forwarding rate,Bandwidth,Fan,Device Dimension,Machine weight,Input Voltage,Output Voltage,Operating Temperature,Storage Temperature,Operating Humidity,Storage Humidity,Surge Protection,Certification,MTBF,Electrostatic standard,label,description2,Mode,Voltage Range,Consumption,Transmission Distance,Switching Capacity,Transfer Rate,MAC Adsress,Blinks,Off,PoE Pin Assignmnet,Humidity Non Condesing,Color,Ethernet,Throughput,Packet Buffer,MAC Address,Jumbo Frame,Network protocol,PoE Protocol,Industry Standard,Network Medium,Optical Media,Working Environment,PWR（power supply）,Mode（DIP）,1-6 Gree（Link&Data）,DIP Switch,Product Dimension,Package Dimension,N.W,G.W,Packing Info,Package List,Warranty,Power,LED Indicators,PWR,1-8 Green,Product Name,Product Model,Chipset,Standards,Number of Ports,Network Media (Cable),Transfer Method,Packet Forwarding Rate,Per Device,Power Supply,Power Consumption,Dimensions ( W x D x H ),Environment,Standard configurati,Structure Size,Power Voltage,Brand,Number of ports,Port Type,Dimension,Ports,PoE,Switching capacity,Forwarding rate,MAC address table,Maximum VLAN,Port surge,Dimensions (W x D x H),Weight (With package),Layer type,HARDWARE FEATURES,Network Media,Fan Quantity,Exchange Capacity,Mac Address Table,Power Adapter,Packet Buffer Memory,Port VLAN,Switch Dimension,Gross Weight,Net Weight,Package Contents,Working Temperature,Working Humidity,Standard,PoE Ports,PoE Power Budget,Hi-PoE 60W,LED Indicator,250m,PoE Watchdog,Protection Level,Package Content,Transmission Method,Advanced Functions,Interfaces,Physical environments,Cooling,Power consumption,,PoE ports ( RJ45 ),Mac Addresses Table,Dimensions,Temperature and humidity,Switching method,PoE ports (RJ45),mac address table,Temperature and Humidity
cudy-fs1006p-6-port-10-100m-poe-switch.html,https://www.neostore.com.np/assets/uploads/FS1006P.jpg,https://www.neostore.com.np/assets/uploads/FS1006P_2.jpg,https://www.neostore.com.np/assets/uploads/FS1006P.jpg,https://www.neostore.com.np/assets/uploads/FS1006P_2.jpg,Cudy FS1006P 6-Port 10/100M PoE+ Switch,"● Complies with IEEE802.3af/at Standard
● Supports PoE power up to 32W for each PoE port
● Auto detect non PoE device and PoE device
● Power prioritization guarantee power supply of key nodes
● CCTV/VLAN mode switch, remote power and data up to 250m
● Supports IEEE802.3 x full duplex / half duplex ﬂow control
● Supports storage and forward for Data exchange","Current Price: Rs.5,035, Original Price: Rs.5,300",FS1006P,IEEE802.3af/at,6*10/100Mbps RJ45 port,CCTV,1-4,60W,65W,Mode A Anode1/2 Cathode3/6,Max 32W,"PWR, LNK/ACT, PoE","10BASE-T: UTP category 3, 4, 5 cable(≤100m)；100BASE-TX: UTP category 5, 5e cable(≤100m)","2K, Automatic study, automatic updates",1528K Bytes,768K bit,Store-and-forward,0.89Mpps,1.2Gbps,Fanless,168*93*32mm,<1kg,AC 100-240V 50/60Hz,DC:55V/1.5A,0°C ~ 40 °C,-40 °C ~ 70 °C,10% ~ 90% non-condensing,5% ~ 90% non-condensing,±4KV,"CE, FCC Class A",>50000 hour,"Contact 4KV, air 6KV",,"    4-Port PoE + 2-Port Uplink ● 10/100 Mbps Ethernet Ports
● IEEE 802.3af/802.3at compliant
● 60W total PoE Power supply.
● Ideal for installations of 4 PoE/PoE+ devices
● Pin assignment: alternative 1/2 (+), 3/6 (-).  Rack Mount & Wall Mount & Desktop ● Provide a variety of installation methods for easy deployment in any environment
● Support Wall mount installation
● Support Desktop installation  Heat Dissipation ● Made of high-quality metal case, sturdy and durable with long service life, provide better heat dissipation, suitable for most environment.
● Venting holes help to dissipate heat quickly and ensure stable product operation  Texas Instruments PoE chipset inside ● Texas Instruments TPS POE chipset and Realtek switch chipset ensure High performance and stable operation of the product.  Auto-sensing ● Port-Power-Prioritization technology ensure continuous power supply of key nodes.
● Auto-sensing technology delivers up to 32W to an 802.3at PoE+ device with backwards compatibility for 802.3af PoE (15.4W) devices  Lightning protection ● Electrostatic standard: contact 6KV, air 8KV
● MTBF > 50000 hour",,,,,,,,,,,,,,,,,,,,,,,,,,,,,,,,,,,,,,,,,,,,,,,,,,,,,,,,,,,,,,,,,,,,,,,,,,,,,,,,,,,,,,,,,,,,,,,,,,,,,,,,,,
cudy-fs1018ps1-16-port-10-100m-poe-switch-with-2gbe-and-1-sfp-port.html,https://www.neostore.com.np/assets/uploads/FS1018PS1_3.jpg,https://www.neostore.com.np/assets/uploads/FS1018PS1_2.jpg,https://www.neostore.com.np/assets/uploads/FS1018PS1_.jpg,https://www.neostore.com.np/assets/uploads/FS1018PS1_3.jpg,Cudy FS1018PS1 16-Port 10/100M PoE+ Switch with 2GbE and 1 SFP Port,"● 200 watts PoE power supply, up to 30 watts per port
● 2 10/100/1000M uplink ports +1 SFP Port
● 16 10/100M PoE+ ports
● CCTV mode support remote PoE feeding up to 250m
● VLAN mode isolate each PoE Ports for security
● IEEE 802.3at / IEEE 802.3af standard compliant
● Plug&play, simple setup with no configuration needed
● Watchdog reactivates the abnormalPD by resuming POE power","Current Price: Rs.19,350, Original Price: Rs.20,350",,,,,,,,,,,,,,,,,,,,,,,,-40~70°C,,,,,,,,"  200 W Power budget & 30 W Maximum One Port Supports a total PoE power of 200 W and up to 30 W for one PoE port. Non-standard PoE devices or normal PoE switches are not burned. Meets IEEE802.3af / at standard.  Watchdog guarantees uninterrupted operation of the PoE devices The PoE watchdog continuously monitors the connection status of remote hosts. If an error is detected on the remote PoE device, the PoE switch immediately restarts the device to bring it back to normal operation. Plug&Play, Fanless design Plug and Play, Easy of use.Fanless design for silent operation.Made of high-quality metal case, sturdy and durable with long service life, provide better heat dissipation, suitable for most environment. Pin assignment, Mode A: 1/2(+),3/6(-) Surveillance Works with IP Cameras for home and office, small business VoIP Conference Call Works with VoIP phones for business conference

Wi-Fi Coverage Works with WiFi APs for office and business",FS1018PS1,AC100~240V,190W for 16 PoE,100Meter(328ft)for RJ-45,7.2G,14880 pps for 10Mbps,4K MAC sddress table,The port is receiving or transmitting data.,No PD is connected or power forwarding fails,"V+(RJ45 Pin 1, 2) - (RJ45 Pin 3,6)",0~85%,Gray,,,,,,,,,,,,,,,,,,,,,,,,,,,,,,,,,,,,,,,,,,,,,,,,,,,,,,,,,,,,,,,,,,,,,,,,,,,,,,,,,,,,,,,,,,,,,,
cudy-gs1005p-5-port-gigabit-poe-switch-with-1-sfp-slot.html,https://www.neostore.com.np/assets/uploads/GS1005P_21.jpg,https://www.neostore.com.np/assets/uploads/GS1005P_3.jpg,https://www.neostore.com.np/assets/uploads/GS1005P1.jpg,https://www.neostore.com.np/assets/uploads/GS1005P_21.jpg,Cudy GS1005P 5-Port Gigabit PoE+ Switch with 1 SFP Slot,"● 120 watts PoE power supply
● 4 Gigabit PoE+ ports and 1 Gigabit Ethernet ports+1Gigabit SFP
● Extend mode support remote PoE feeding up to 250m
● VLAN mode isolate each PoE Ports for security
● Watchdog reactivates the abnormalPD by resuming POE power
● IEEE 802.3at / IEEE 802.3af standard compliant
● Plug&play, simple setup with no configuration needed","Current Price: Rs.9,025, Original Price: Rs.9,500",GS1005PTS1,,,,,,,,,,,,,,Store and forward,,,,,,,,,,,,,,100000 hour,,,"    120 W Power budget & 60 W Maximum One Port The total PoE power supported by the PoE port is 120 W, and the maximum for port #1 is 60 W. Non-standard PoE devices or normal PoE switches are not burned. Meets IEEE802.3af / at standard.  Rack Mount & Wall Mount & Desktop ● Provide a variety of installation methods for easy deployment in any environment
● Support Wall mount installation
● Support Desktop installation  Plug&Play, Fanless design Plug and Play, Easy of use.Fanless design for silent operation.Made of high-quality metal case, sturdy and durable with long service life, provide better heat dissipation, suitable for most environment. Pin assignment, Mode A: 1/2(+),3/6(-)  Surveillance Works with IP Cameras for home and office, small business  VoIP Conference Call Works with VoIP phones for business conference  Wi-Fi Coverage Works with WiFi APs for office and business",,,,,12Gbps,,,,,,,,"4*10/100/1000M PoE Port
1*1000M RJ45 Port
1* Gigabit SFP Uplink Port",8.928Mpps,1Mb,2K,9216bytes,"IEEE802.3 (10Base-T)
IEEE802.3u (100Base-TX)
IEEE802.3ab(1000Base-TX)
IEEE802.3z(1000Base-FX)
IEEE802.3x (Flow control)","IEEE802.3af （15.4W）
IEEE802.3at （30W）
IEEE802.3at （4 Pair 60W）","EMI: FCC Part 15 CISPR (EN55032) class A
EMS: EN61000-4-2 (ESD),EN61000-4-4 (EFT),EN61000-4-5 (Surge)
Shock: IEC 60068-2-27
Free Fall: IEC 60068-2-32
Vibration: IEC 60068-2-6","10Base-T : Cat3、4、5 or above UTP(≤100m)
100Base-TX : Cat5 or above UTP(≤100m)
1000Base-TX : Cat5 or above UTP(≤100m)","Multimode fiber : 50/125, 62.5/125, 100/140μm
Single mode fiber: 8/125, 8.7/125, 9/125, 10/125μm","Working Temperature：-20~50°C
Storage Temperature：-40~85°C
Working Humidity ：10%~90%，non-condensing
Storage Temperature：5%~90%，non-condensing
Working Height：Maximum10,000 feet
Storage heigh：Maximum 10,000 feet","Lighting：Powered
Un-Light：No Power","Lighting：VLAN
Un-Light：Default
Flashing：Extend","Lighting：Connecting
Flashing：Data Transmit
Un-Light：Disconnect","VLAN：Port isolation mode. In this mode, the PoE ports (1-4) of the switch cannot communicate with each other, and can only communicate with the UP-link port.
Default: Normal mode, all port can communicate with each other, the transmission distance is within 100 meters
Extend：Link extension mode, 3-4 ports PoE power supply and data transmission distance can be extended to 250 meters, the transmission rate becomes 10M",200*118*44mm,245*190*60mm,0.6kg,0.9kg,"Carton MEAS：505*320*402mm
Packing Qty：20units
Packing Weight：19KG","Switch 1 pcs, Power cord 1 pcs, User manual 1 pc, Certification 1 pc,",2 Years,,,,,,,,,,,,,,,,,,,,,,,,,,,,,,,,,,,,,,,,,,,,,,,,,,,,,,,,,,,,,,,,,,,,,,,,
cudy-gs1005pts1-5-port-gigabit-poe-switch-with-1-sfp-slot.html,https://www.neostore.com.np/assets/uploads/GS1005PTS1_2.jpg,https://www.neostore.com.np/assets/uploads/GS1005PTS1_.jpg,https://www.neostore.com.np/assets/uploads/GS1005PTS1_2.jpg,https://www.neostore.com.np/assets/uploads/GS1005PTS1_.jpg,Cudy GS1005PTS1 5-Port Gigabit PoE+ Switch with 1 SFP Slot,"● 120 watts PoE power supply
● 4 Gigabit PoE+ ports and 1 Gigabit Ethernet ports+1Gigabit SFP
● Extend mode support remote PoE feeding up to 250m
● VLAN mode isolate each PoE Ports for security
● Watchdog reactivates the abnormalPD by resuming POE power
● IEEE 802.3at / IEEE 802.3af standard compliant
● Plug&play, simple setup with no configuration needed","Current Price: Rs.8,455, Original Price: Rs.8,900",GS1005PTS1,,,,,,,,,,,,,,Store and forward,,,,,,,,,,,,,,100000 hour,,,"   120 W Power budget & 60 W Maximum One Port The total PoE power supported by the PoE port is 120 W, and the maximum for port #1 is 60 W. Non-standard PoE devices or normal PoE switches are not burned. Meets IEEE802.3af / at standard.  Rack Mount & Wall Mount & Desktop ● Provide a variety of installation methods for easy deployment in any environment
● Support Wall mount installation
● Support Desktop installation  Plug&Play, Fanless design Plug and Play, Easy of use.Fanless design for silent operation.Made of high-quality metal case, sturdy and durable with long service life, provide better heat dissipation, suitable for most environment. Pin assignment, Mode A: 1/2(+),3/6(-)  Surveillance Works with IP Cameras for home and office, small business VoIP Conference Call Works with VoIP phones for business conference

Wi-Fi Coverage Works with WiFi APs for office and business",,,,,12Gbps,,,,,,,,"4*10/100/1000M PoE Port
			1*1000M RJ45 Port
			1* Gigabit SFP Uplink Port",8.928Mpps,1Mb,2K,9216bytes,"IEEE802.3 (10Base-T)
			IEEE802.3u (100Base-TX)
			IEEE802.3ab(1000Base-TX)
			IEEE802.3z(1000Base-FX)
			IEEE802.3x (Flow control)","IEEE802.3af （15.4W）
			IEEE802.3at （30W）
			IEEE802.3at （4 Pair 60W）","EMI: FCC Part 15 CISPR (EN55032) class A
			EMS: EN61000-4-2 (ESD),EN61000-4-4 (EFT),EN61000-4-5 (Surge)
			Shock: IEC 60068-2-27
			Free Fall: IEC 60068-2-32
			Vibration: IEC 60068-2-6","10Base-T : Cat3、4、5 or above UTP(≤100m)
			100Base-TX : Cat5 or above UTP(≤100m)
			1000Base-TX : Cat5 or above UTP(≤100m)","Multimode fiber : 50/125, 62.5/125, 100/140μm
			Single mode fiber: 8/125, 8.7/125, 9/125, 10/125μm","Working Temperature：-20~50°C
			Storage Temperature：-40~85°C
			Working Humidity ：10%~90%，non-condensing
			Storage Temperature：5%~90%，non-condensing
			Working Height：Maximum10,000 feet
			Storage heigh：Maximum 10,000 feet","Lighting：Powered
			Un-Light：No Power","Lighting：VLAN
			Un-Light：Default
			Flashing：Extend","Lighting：Connecting
			Flashing：Data Transmit
			Un-Light：Disconnect","VLAN：Port isolation mode. In this mode, the PoE ports (1-4) of the switch cannot communicate with each other, and can only communicate with the UP-link port.
Default: Normal mode, all port can communicate with each other, the transmission distance is within 100 meters
Extend：Link extension mode, 3-4 ports PoE power supply and data transmission distance can be extended to 250 meters, the transmission rate becomes 10M",200*118*44mm,245*190*60mm,0.6kg,0.9kg,"Carton MEAS：505*320*402mm
			Packing Qty：20units
			Packing Weight：19KG","Switch 1 pcs, Power cord 1 pcs, User manual 1 pc, Certification 1 pc,",,,,,,,,,,,,,,,,,,,,,,,,,,,,,,,,,,,,,,,,,,,,,,,,,,,,,,,,,,,,,,,,,,,,,,,,,
cudy-gs1008pt-8-port-gigabit-poe-switch.html,https://www.neostore.com.np/assets/uploads/GS1008PT_2.jpg,https://www.neostore.com.np/assets/uploads/GS1008PT_.jpg,https://www.neostore.com.np/assets/uploads/GS1008PT_2.jpg,https://www.neostore.com.np/assets/uploads/GS1008PT_.jpg,Cudy GS1008PT 8-Port Gigabit PoE+ Switch,"● 120 watts PoE power supply, port #1 maximum 60 watts
● 8 10/100/1000M PoE+/PoE+ ports
● Extend mode support remote PoE feeding up to 250m
● VLAN mode isolate each PoE Ports for security
● Watchdog reactivates the abnormalPD by resuming POE power
● IEEE 802.3at / IEEE 802.3af standard compliant
● Plug&play, simple setup with no configuration needed","Current Price: Rs.11,875, Original Price: Rs.12,500",GS1008PT,,,,,,,,,,,,,,Store and forward,,,,,,,,,,,,,,100000 hour,,,"    120 W Power budget & 60 W Maximum One Port The total PoE power supported by the PoE port is 120 W, and the maximum for port #1~#2 is 60 W. Non-standard PoE devices or normal PoE switches are not burned. Meets IEEE802.3af / at standard.  Rack Mount & Wall Mount & Desktop ● Provide a variety of installation methods for easy deployment in any environment
● Support Wall mount installation
● Support Desktop installation  Plug&Play, Fanless design Plug and Play, Easy of use.Fanless design for silent operation.Made of high-quality metal case, sturdy and durable with long service life, provide better heat dissipation, suitable for most environment. Pin assignment, Mode A: 1/2(+),3/6(-)  Surveillance Works with IP Cameras for home and office, small business  VoIP Conference Call Works with VoIP phones for business conference  Wi-Fi Coverage Works with WiFi APs for office and business","Lighting：VLAN
Un-Light：Default
			Flashing：Extend",,,,16Gbps,,,,,,,,8 *10/100/1000M PoE Port,11.9Mpps,1.5Mb,2K,9216bytes,"IEEE802.3 (10Base-T)
IEEE802.3u (100Base-TX)
IEEE802.3ab (1000Base-TX)
IEEE802.3x (Flow control)","IEEE802.3af （15.4W）
IEEE802.3at （30W）
			IEEE802.3at （4 Pair 60W）","EMI: FCC Part 15 CISPR (EN55032) class A
EMS: EN61000-4-2 (ESD)、EN61000-4-4 (EFT)、EN61000-4-5 (Surge)
Shock: IEC 60068-2-27
Free Fall: IEC 60068-2-32
Vibration: IEC 60068-2-6","10Base-T : Cat3、4、5 or above UTP(≤100m)
100Base-TX : Cat5 or above UTP(≤100m)
			1000Base-TX : Cat5 or aboveUTP(≤100m)",,"Working Temperature：-20~50°C
Storage Temperature：-40~85°C
Working Humidity ：10%~90%，non-condensing
Storage Temperature：5%~90%，non-condensing
Working Height：Maximum10,000 feet
			Storage heigh：Maximum 10,000 feet",,,,"VLAN：Port Isolation, 1-6 port is isolated each other, but all can communicate with uplink port 7/8, AI enable
Default: Normal mode, all port can communicate with each other, The port AI mode is closed.
Extend：Extend Mode, 3-6 port support 250 meters transmission on 10Mbps/s ,AI enable",200mm*118mm*44mm,245mm*190mm*60mm,0.6kg,0.9kg,"Carton MEAS：505*320*402mm
Packing Qty：20 units
			Packing Weight：19KG","Switch 1 pcs, Power cord 1 pcs, User manual 1 pc, Certification 1 pc,",2 Years,"Input: AC 100-240V, 50/60Hz",PWR（power supply），Mode（DIP），1-8 Green（Link&Data）,"Lighting：Powered
			Un-Light：No Power","Lighting：Connecting
Flashing：Data Transmit
			Un-Light：Disconnect",,,,,,,,,,,,,,,,,,,,,,,,,,,,,,,,,,,,,,,,,,,,,,,,,,,,,,,,,,,,,,,,,,,,
cudy-gs1016-16-port-gigabit-switch.html,https://www.neostore.com.np/assets/uploads/GS1016_22.jpg,https://www.neostore.com.np/assets/uploads/GS10161.jpg,https://www.neostore.com.np/assets/uploads/GS1016_22.jpg,https://www.neostore.com.np/assets/uploads/GS10161.jpg,Cudy GS1016 16-Port Gigabit Switch,"● Complies with IEEE 802.3, IEEE 802.3u, IEEE802.3x and IEEE 802.3ab standards
● 16 10/100/1000Mbps Auto Negotiation, Auto MDI/MDIX ports provide smart switching abilities
● Non-blocking switching architecture enables full wire-speed packets forwarding and filtering
● Store-and-Forward switching method
● Supports 8K MAC address auto-learning and auto-aging","Current Price: Rs.13,110, Original Price: Rs.13,800",,,,,,,,,,,,8K,,,,,,,,,,,,,,,,,,,,"  Provide a variety of installation methods for easy deployment in any environment ● Support 19-inch Rack-mount Steel Case
● Support Desktop installation  High Performance Auto-negotiation RJ-45 ports can provide large file transferring and also be compatible with any 10/100/1000Mbps Ethernet devices.IEEE 802.3x flow control for Full Duplex mode and backpressure for Half Duplex mode offer increased bandwidth to alleviate network congestion, making the switch work reliably. Power Saving Save power up to 40% - The GS1016 uses green Ethernet technology to make your network compatible without compromising performance. The switch automatically powers down the ports that are idle and budgets power output for different Ethernet cable lengths. It helps you save power up to 40%.  ",,,,,32Gbps,,,,,,,,,,4.1 Mbit,,9216 bytes,,,,,,,,,,,,,,,,,2 Years,,,,,16-Port Gigabit Ethernet Switch,GS1016,RTL8382L+RTL8218B-VC-CG+RTL8231,IEEE 802.3i、IEEE 802.3u、IEEE 802.3ab、IEEE 802.3x、IEEE 802.3az,16 x 10/100/1000Mbps Auto-Negotiation ports,"10Base-T: UTP category 3,4,5 cable (maximum 100m)",Store-and-Forward,23.81Mbps,Power ：Green,100-240VAC 50/60Hz,Maximum: 10.1W(220V/50Hz),440*140*44mm,Operating Temperature: 0℃ ~ 40℃,,,,,,,,,,,,,,,,,,,,,,,,,,,,,,,,,,,,,,,,,,,,,,,,,,,,,,,
cudy-gs105-5-port-gigabit-desktop-switch.html,https://www.neostore.com.np/assets/uploads/GS1051.jpg,https://www.neostore.com.np/assets/uploads/GS105_21.jpg,https://www.neostore.com.np/assets/uploads/GS1051.jpg,https://www.neostore.com.np/assets/uploads/GS105_21.jpg,Cudy GS105 5-Port Gigabit Desktop Switch,"● Complies with IEEE 802.3, IEEE 802.3u, IEEE802.3x and IEEE 802.3ab standards
● 5 10/100/1000Mbps Auto-Negotiation, Auto-MDI/MDIX ports provide smart switching between 10Mbps, 100Mbps and 1000Mbps hardware
● Non-blocking switching architecture enables full wire-speed packets forwarding and filtering
● Store-and-Forward switching method
● Supports 16K MAC address auto-learning and auto-agin","Current Price: Rs.3,230, Original Price: Rs.3,400",GS105,,,,,,,,,,,,,,Store and forward,,,,,,,,,,,,,,100000 hour,,,"Gigabit Ports for Faster Speed Increase the speed of your network with the 5-port Gigabit switch. Non-blocking, 5 10/100/1000Mbps ports enables instant transferring of large, bandwidth intensive files without interference. High Performance Auto-negotiation RJ-45 ports can provide large file transferring and also be compatible with any 10/100/1000Mbps Ethernet devices.IEEE 802.3x flow control for Full Duplex mode and backpressure for Half Duplex mode offer increased bandwidth to alleviate network congestion, making the switch work reliably. Support Loop Alarm Auto-negotiation RJ-45 ports can provide large file transferring and also be compatible with any 10/100/1000Mbps Ethernet devices.IEEE 802.3x flow control for Full Duplex mode and backpressure for Half Duplex mode offer increased bandwidth to alleviate network congestion, making the switch work reliably.  Surveillance Works with IP Cameras for home and office, small business VoIP Conference Call Works with VoIP phones for business conference

Wi-Fi Coverage Works with WiFi APs for office and business ",,,,,10Gbps,,,,,,,,,7.44Mpps,1M,1K,2K,"IEEE802.3 (10Base-T)
IEEE802.3u (100Base-TX)
IEEE802.3ab (1000Base-TX)
			IEEE802.3x (Flow control)",,"EMI: FCC Part 15 CISPR (EN55032) class A
EMS: EN61000-4-2 (ESD)、EN61000-4-4 (EFT)
Shock: IEC 60068-2-27
Free Fall: IEC 60068-2-32
			Vibration: IEC 60068-2-6","10Base-T : Cat3,4,5 or above UTP(≤100m)
100Base-TX : Cat5  or above UTP(≤100m)
			1000Base-TX : Cat5 or aboveUTP(≤100m)",,"Working Temperature：-10~50°C
Storage Temperature：-40~70°C
Working Humidity ：10%~90%，non-condensing
Storage Temperature：5%~90%，non-condensing
Working Height：Maximum10,000 feet
			Storage heigh：Maximum 10,000 feet",,,,"VLAN：Port Isolation, 1-4 ports are isolated each other, all communicate with uplink port 5;
Default：Default mode, Support loop alarm;
			Extend：Monitor Mode, 1-4 ports support 100M speed reduction negotiation, support 250 meters in 10Mbps/s mode,  port 7 and port 8 as uplink port",,,,,"MEAS：505*320*400mm
Packing Qty：40 unit
			Packing weight：17KG",,2 Years,,PWR（Power indicator）、Link（Network Link）、LOOP（Loop alarm）,,,,,,,,,,,,,,,,5 10/100/1000M RJ-45 adaptive ports,"Product Size：100*70*26mm
Package Size：175*120*63mm
Product Net-Weight：0.2kg
Product Gross-Weight：0.4kg","Power Input Voltage ：AC 100-240 V
			Switch Input Voltage:：DC 5V",,,,,,,,,,,,,,,,,,,,,,,,,,,,,,,,,,,,,,,,,,,,,,,,,,,,
cudy-gs108-8-port-gigabit-desktop-switch.html,https://www.neostore.com.np/assets/uploads/GS108111.jpg,https://www.neostore.com.np/assets/uploads/GS108_21.jpg,https://www.neostore.com.np/assets/uploads/GS108111.jpg,https://www.neostore.com.np/assets/uploads/GS108_21.jpg,Cudy GS108 8-Port Gigabit Desktop Switch,"● Complies with IEEE 802.3, IEEE 802.3u, IEEE802.3x and IEEE 802.3ab standards
● 8 10/100/1000Mbps Auto-Negotiation, Auto-MDI/MDIX ports provide smart switching between 10Mbps, 100Mbps and 1000Mbps hardware
● Non-blocking switching architecture enables full wire-speed packets forwarding and filtering
● Store-and-Forward switching method
● Supports 16K MAC address auto-learning & auto-aging","Current Price: Rs.4,465, Original Price: Rs.4,700",GS108,,,,,,,,,,,,,,Store and forward,,,,,,,,,,,,,,100000 hour,,,"   Gigabit Ports for Faster Speed Increase the speed of your network with the 5-port Gigabit switch. Non-blocking, 5 10/100/1000Mbps ports enables instant transferring of large, bandwidth intensive files without interference. High Performance Auto-negotiation RJ-45 ports can provide large file transferring and also be compatible with any 10/100/1000Mbps Ethernet devices.IEEE 802.3x flow control for Full Duplex mode and backpressure for Half Duplex mode offer increased bandwidth to alleviate network congestion, making the switch work reliably. Support Loop Alarm Auto-negotiation RJ-45 ports can provide large file transferring and also be compatible with any 10/100/1000Mbps Ethernet devices.IEEE 802.3x flow control for Full Duplex mode and backpressure for Half Duplex mode offer increased bandwidth to alleviate network congestion, making the switch work reliably.  Surveillance Works with IP Cameras for home and office, small business VoIP Conference Call Works with VoIP phones for business conference

Wi-Fi Coverage Works with WiFi APs for office and business",,,,,16Gbps,,,,,,,,,11.9Mpps,2.5M,1K,2K,"IEEE802.3 (10Base-T)
IEEE802.3u (100Base-TX)
IEEE802.3ab (1000Base-TX)
			IEEE802.3x (Flow control)",,"EMI: FCC Part 15 CISPR (EN55032) class A
EMS: EN61000-4-2 (ESD)、EN61000-4-4 (EFT)
Shock: IEC 60068-2-27
Free Fall: IEC 60068-2-32
			Vibration: IEC 60068-2-6","10Base-T : Cat3,4,5 or above UTP(≤100m)
100Base-TX : Cat5  or above UTP(≤100m)
			1000Base-TX : Cat5 or aboveUTP(≤100m)",,"Working Temperature：-10~50°C
Storage Temperature：-40~70°C
Working Humidity ：10%~90%，non-condensing
Storage Temperature：5%~90%，non-condensing
Working Height：Maximum10,000 feet
			Storage heigh：Maximum 10,000 feet",,,,"VLAN：Port Isolation, 1-6 ports are isolated each other, all communicate with uplink port 7/8;
Default：Default mode, Support loop alarm;
			Extend：Monitor Mode, 1-6 ports support 100M speed reduction negotiation, support 250 meters in 10Mbps/s mode,  port 7 and port 8 as uplink port",,,,,"MEAS：505*320*400mm
Packing Qty：40 unit
			Packing weight：21KG",,2 Years,,PWR（Power indicator）、Link（Network Link）、LOOP（Loop alarm）,,,,,,,,,,,,,,,,8 10/100/1000M RJ-45 adaptive ports,"Product Size：137*77*25mm
Package Size：175*120*63mm
Product Net-Weight：0.3kg
Product Gross-Weight：0.5kg","Power Input Voltage ：AC 100-240 V
			Switch Input Voltage:：DC 5V",,,,,,,,,,,,,,,,,,,,,,,,,,,,,,,,,,,,,,,,,,,,,,,,,,,,
hikvision-10-100-mbps-5-port-fast-ethernet-unmanaged-desktop-switch-ds-3e0105d-e.html,https://www.neostore.com.np/assets/uploads/DS-3E0105D-E_2.jpg,https://www.neostore.com.np/assets/uploads/DS-3E0105D-E.jpg,https://www.neostore.com.np/assets/uploads/DS-3E0105D-E_2.jpg,https://www.neostore.com.np/assets/uploads/DS-3E0105D-E.jpg,Hikvision 10/100 Mbps 5 Port Fast Ethernet Unmanaged Desktop Switch DS-3E0105D-E,"5 x 10/100 Mbps ethernet ports Supports ADI/ADIX Store-and-forward switching Supports MAC address auto-learning and aging Simple, compact body design Supports desktop and wall-mounting Plug & play, easy to use","Current Price: Rs.898, Original Price: Rs.",DS-3E0105D-E,,,,,,,,,,,,,,,,,,,,,,,,,,,,,,,"Hikvision DS-3E0105D-E provides 5 × 10/100 Mbps Ethernet ports which support line speed forwarding. With simple and mini exquisite body, the switch is plug and play and easy to use, suitable for home, school, dormitory, office, small monitoring and other simple network environments",,,,,1 Gbps,,,,,,,,,,,,,,,,,,,,,,,,,,,,,1 Year,,,,,,,,,,,,,,"5 V DC, 0.6 A",,,,,,,Haier,5,10/100 Mbps RJ45 ports,82 × 52 × 22.4 mm,,,,,,,,,,,,,,,,,,,,,,,,,,,,,,,,,,,,,,,,,,,,,,,,
hikvision-24-port-gigabit-unmanaged-switch-ds-3e0524-e.html,https://www.neostore.com.np/assets/uploads/DS-3E0524-E(B).jpg,https://www.neostore.com.np/assets/uploads/DS-3E0524-E(B).jpg,,,Hikvision 24 Port Gigabit Unmanaged Switch DS-3E0524-E,"24 x 1000M Ethernet ports Supports IEEE 802.3, IEEE 802.3u and IEEE 802.3x 1000M network access Wire-speed forwarding and non-blocking design Store-and-forward switching Solid high-strength metal shell Fan-free design with high reliability","Current Price: Rs.10,993, Original Price: Rs.",,,,,,,,,,,,,,,,,,,,,,,,,,,,,,,,,,,,,,,,,,,,,,,,,,,,,,,,,,,,,,,,,,,,,,,,,,,,,,,,,,,,,,,,,,,,,,,,,,,,,,,,,,,,,,,,,,,,,,,,,,,,,,,,,,,,,,,,,,
hikvision-4-port-fast-ethernet-smart-poe-switch-ds-3e1105p-ei.html,https://www.neostore.com.np/assets/uploads/DS-3E1105P-E_2.jpg,https://www.neostore.com.np/assets/uploads/DS-3E1105P-E.jpg,https://www.neostore.com.np/assets/uploads/DS-3E1105P-E_2.jpg,https://www.neostore.com.np/assets/uploads/DS-3E1105P-E.jpg,Hikvision 4 Port Fast Ethernet Smart POE Switch DS-3E1105P-EI,"4 × 10/100 Mbps PoE port,1 × 10/100 Mbps RJ45 port 6 KV surge protection for PoE ports. Total PoE Power Budget 60W Support 802.1Q VLAN Support PoE watchdog to detect and restart the cameras that do not respond Support STP/RSTP Loop prevention Support cable detection to locate failure Up to 300 m Long Range PoE Transmission","Current Price: Rs.5,024, Original Price: Rs.",,,,,,,,,,,,,,,,,,,,,,,,,,,,,,,,"Smart managed switches are developed by Hikvision, featuring in easy management and maintenance. You can easily deploy, monitor and expand your surveillance system anytime and anywhere with our software platforms. You can view the network topology, monitor the health of the network and receive device alarms in real time, which greatly reduces the cost of network operation and maintenance. ",,,,,,,,,,,,,,,,,,,,,,,,,,,,,,,,,,,,,,,,,,,,,,,,,,,,,,,,,,,,,,,,,,,,,,,,,,,,,,,,,,,,,,,,,,,,,,,,,,,,,,,,,,
hikvision-5-port-gigabit-unmanaged-switch-ds-3e0505d-e.html,https://www.neostore.com.np/assets/uploads/DS-3E0505D-E_2.jpg,https://www.neostore.com.np/assets/uploads/DS-3E0505D-E.jpg,https://www.neostore.com.np/assets/uploads/DS-3E0505D-E_2.jpg,https://www.neostore.com.np/assets/uploads/DS-3E0505D-E.jpg,Hikvision 5 Port Gigabit Unmanaged Switch DS-3E0505D-E,"5 x 10/100/1000 Mbps ethernet ports Supports ADI/ADIX Store-and-forward switching Supports MAC address auto-learning and aging Simple, compact body design Supports desktop and wall-mounting Plug & play, easy to use.","Current Price: Rs.1,465, Original Price: Rs.",DS-3E0505D-E,,,,,,,,,,,,,,,,,,,,,,,,,,,,,,,"Hikvision DS-3E0505D-E provides 5 × 10/100/1000 Mbps Ethernet ports that support line speed forwarding. With simple and mini exquisite body, the switch is plug and play and easy to use, suitable for home, school, dormitory, office, small monitoring and other simple network environments",,,,,10 Gbps,,,,,,,,,,,,,,,,,,,,,,,,,,,,,1 Year,,,,,,,,,,,,,,"5 V DC, 0.6 A",,,,,,,Haier,5,10/100/1000 Mbps RJ45 ports,92.8 × 65.8 × 22.8 mm,,,,,,,,,,,,,,,,,,,,,,,,,,,,,,,,,,,,,,,,,,,,,,,,
hikvision-8-port-fast-ethernet-unmanaged-desktop-switch-ds-3e0108d-e.html,https://www.neostore.com.np/assets/uploads/DS-3E0108D-E.jpg,https://www.neostore.com.np/assets/uploads/DS-3E0108D-E_2.jpg,https://www.neostore.com.np/assets/uploads/DS-3E0108D-E.jpg,https://www.neostore.com.np/assets/uploads/DS-3E0108D-E_2.jpg,Hikvision 8 Port Fast Ethernet Unmanaged Desktop Switch DS-3E0108D-E,"8 x 10/100 Mbps ethernet ports Supports ADI/ADIX Store-and-forward switching Supports MAC address auto-learning and aging Simple, compact body design Supports desktop and wall-mounting Plug & play, easy to use.","Current Price: Rs.1,154, Original Price: Rs.",DS-3E0108D-E,,,,,,,,,,,,,,,,,,,,,,,,,,,,,,,"The Hikvision DS-3E0108D-E provides 8 × 10/100 Mbps Ethernet ports that support line speed forwarding. With a simple and mini exquisite body, the switch is plug and play and easy to use, suitable for home, school, dormitory, office, small monitoring, and other simple network environments",,,,,1.6 Gbps,,,,,,,,,,,,,,,,,,,,,,,,,,,,,1 Year,,,,,,,,,,,,,,"5 V DC, 0.6 A",,,,,,,Hikvision,8,10/100 Mbps RJ45 ports,124 × 59 × 23.2 mm,,,,,,,,,,,,,,,,,,,,,,,,,,,,,,,,,,,,,,,,,,,,,,,,
hikvision-8-port-gigabit-unmanaged-switch-ds-3e0508d-e.html,https://www.neostore.com.np/assets/uploads/DS-3E0508D-E.jpg,https://www.neostore.com.np/assets/uploads/DS-3E0508D-E_2.jpg,https://www.neostore.com.np/assets/uploads/DS-3E0508D-E_3.jpg,https://www.neostore.com.np/assets/uploads/DS-3E0508D-E.jpg,Hikvision 8 Port Gigabit Unmanaged Switch DS-3E0508D-E,"• 8 ports 10/100/1000 Mbps Ethernet
• ADI / ADIX
• Automatic saving of MAS addresses
• Compact design
• Installation on a wall or table
• Easy setting","Current Price: Rs.2,860, Original Price: Rs.",DS-3E0508D-E,,,,,,,,,,,,,,,,,,,,,,,,,,,,,,,"DS-3E0508D-E provides 8 × 10/100/1000 Mbps Ethernet ports which support line speed forwarding. With simple and mini exquisite body, the switch is plug and play and easy to use, suitable for home, school, dormitory, office, small monitoring and other simple network environments. Features:",,,,,16 Gbps,,,,,,,,,,,,,,,,,,,,,,,,,,,,,1 Year,,,,,,,,,,,,,,"9 V DC, 0.6 A",,,,,,,Hikvision,8,10/100/1000 Mbps RJ45 ports,142 × 90 × 23 mm,,,,,,,,,,,,,,,,,,,,,,,,,,,,,,,,,,,,,,,,,,,,,,,,
hikvision-fast-ethernet-smart-poe-switch-ds-3e1318p-ei-.html,https://www.neostore.com.np/assets/uploads/DS-3E1318P-EI.jpg,https://www.neostore.com.np/assets/uploads/DS-3E1318P-EI_2.jpg,https://www.neostore.com.np/assets/uploads/DS-3E1318P-EI.jpg,https://www.neostore.com.np/assets/uploads/DS-3E1318P-EI_2.jpg,Hikvision Fast Ethernet Smart POE Switch (DS-3E1318P-EI),"• 16 × 100 Mbps PoE RJ45 ports, 2 × gigabit combos. • IEEE 802.3at/af standard for PoE ports. • Network topology management, alarm push, network health monitor. • 6 KV surge protection for PoE ports. • AF/AT camera can reach up to 300 m in extend mode.","Current Price: Rs.25,176, Original Price: Rs.",,,,,,,,,,,,,,,,,,,,,,,,,,,,,,,,"802.3af/at PoE standard,8-core power supply technology, reducing the power circuit loss, Data monitor and control for the important ports, EXTEND mode available to extend the network cable transmission distance to 250 meters, Buffer optimization to guarantee the video data transmission multicast and port mirroring.",,,,,,,,,,,,,,,,,,,,,,,,,,,,,,,,,,,,,,,,,,,,,,,,,,,,,,,,,,,,,,,,,,,,,,,,,,,,,,,,,,,,,,,,,,,,,,,,,,,,,,,,,,
hikvision-fast-ethernet-unmanaged-poe-switch-ds-3e0106p-e-m-.html,https://www.neostore.com.np/assets/uploads/3E0106P1.jpg,https://www.neostore.com.np/assets/uploads/3E0106P1.jpg,,,Hikvision Fast Ethernet Unmanaged POE Switch (DS-3E0106P-E/M),"4 x 10/100Mbps PoE ports, and and 2 × 10/100Mbps RJ45 ports. IEEE 802.3at/af standard for PoE ports (Max. 35 W PoE output). IEEE 802.3, IEEE 802.3u, and IEEE 802.3x standard. 6 KV surge protection for PoE ports. Up to 300 m long-range transmission. Wire-speed forwarding. Store-and-forward switching. Solid high-strength metal shell. Reliable fan-free design.","Current Price: Rs.4,181, Original Price: Rs.",,,,,,,,,,,,,,,,,,,,,,,,,,,,,,,,"L2, Unmanaged, 4 10/100M RJ45 PoE ports, 2 10/100M RJ45 uplink, port, 802.3af/at, PoE power budget 35W, max. 300m long distance, transmission, 6KV surge protection",,,,,,,,,,,,,,,,,,,,,,,,,,,,,,,,,,,,,,,,,,,,,,,,,,,,,,,,,,,,,,,,,,,,,,,,,,,,,,,,,,,,,,,,,,,,,,,,,,,,,,,,,,
hikvision-fast-ethernet-unmanaged-poe-switch-ds-3e0318p-e-m-b-.html,https://www.neostore.com.np/assets/uploads/DS-3E0318P-.jpg,https://www.neostore.com.np/assets/uploads/DS-3E0318P-.jpg,,,Hikvision Fast Ethernet Unmanaged POE Switch (DS-3E0318P-E/M(B)),"Intelligent PoE Management. When the power supply exceeds the limit, PoE ports intelligently manage the power supply, which extends the switch lifetime. Up to 300 m Long Range PoE Transmission. The distance between IPCs and switch can reach maximum 300 meters. 4/8-Core Adaptive Power Supply with Less Power Loss. 8-core power supply reduces the power loss on cables. 6KV Surge Protection to Improve Reliability in Harsh Environment. The built-in surge protection device protects the switch from the sudden lightning surge in harsh environment. Design for Video Transmission. VIP port ensures important data transmission when network congestion occurs.","Current Price: Rs.19,306, Original Price: Rs.",,,,,,,,,,,,,,,,,,,,,,,,,,,,,,,,"L2, Unmanaged, 16 x 10/100 Base-TX Ethernet ports, one 10/100/1000 Base-T Ethernet port & one 10/100/1000 Base-X SFP optical module port,IEEE 802.3at/af PoE Compliant, PoE power budget 135W, 4 kV Surge Protection, IEEE 802.3x Flow Control Support, 7.2 Gbps Switching Fabric, 2.75 Mbits RAM Data Buffer, 13 inch length and 1 U standard height size allow to be mounted on subrack.",,,,,,,,,,,,,,,,,,,,,,,,,,,,,,,,,,,,,,,,,,,,,,,,,,,,,,,,,,,,,,,,,,,,,,,,,,,,,,,,,,,,,,,,,,,,,,,,,,,,,,,,,,
hikvision-pro-series-16-port-gigabit-unmanaged-switch-ds-3e0516-e-b-.html,https://www.neostore.com.np/assets/uploads/DS-3E0516-E(B).jpg,https://www.neostore.com.np/assets/uploads/DS-3E0516-E(B)_2.jpg,https://www.neostore.com.np/assets/uploads/DS-3E0516-E(B).jpg,https://www.neostore.com.np/assets/uploads/DS-3E0516-E(B)_2.jpg,Hikvision Pro Series 16 Port Gigabit Unmanaged Switch DS-3E0516-E(B),"16 x 1000M Ethernet ports Supports IEEE 802.3, IEEE 802.3u and IEEE 802.3x 1000M network access Wire-speed forwarding and non-blocking design Store-and-forward switching Solid high-strength metal shell Fan-free design with high reliability","Current Price: Rs.8,035, Original Price: Rs.",DS-3E0516-E(B),,,,,,,,,,,,,,,35.712 Mpps,,,,,,,,,,,,,,,,"DS-3E0524-E(B) switch is a layer 2 gigabit Ethernet switch, providing 24 1000M Ethernet ports to upload data via the convergence switch. The switch is reliable, easy to install and maintain, and equipped with rapid switch function. With multiple access ports, the switch is applicable for access or aggregation and upload of small-scale LAN devices. ",,,,,,,,,,,,,,,,,,,,,,,,,,,,,,,,,,1 Year,,,,,,,,,,,,,,220 VAC，50/60 Hz，Max. 0.7 A,,,,,,,Hikvision,16,"RJ45 port, Full duplex, MDI/MDI-X adaptive",335 mm × 44.5 mm ×175.8 mm,,,,,,,,,,,,,,,,,,,,,,,,,,,,,,,,,,,,,,,,,,,,,,,,
ruijie-reyee-rg-es205gc-p-5-port-gigabit-smart-cloud-mananged-poe-switch.html,https://www.neostore.com.np/assets/uploads/RG-ES205GC-P_2.jpg,https://www.neostore.com.np/assets/uploads/RG-ES205GC-P_3.jpg,https://www.neostore.com.np/assets/uploads/RG-ES205GC-P.jpg,https://www.neostore.com.np/assets/uploads/RG-ES205GC-P_2.jpg,"Ruijie Reyee RG-ES205GC-P, 5-Port Gigabit Smart Cloud Mananged PoE Switch","5-Port gigabit cloud managed switch with 4 PoE+ ports Cost-Effective Smart Cloud Managed Switches IP Camera Recognition, Unique Value for CCTV Network Automatic Loop Prevention Ensures Service Continuity Lifetime management on Ruijie Cloud at anytime anywhere","Current Price: Rs.5,541, Original Price: Rs.","RG-ES205GC-P,",,,,,,,,,,,,,,,,,Fanless,,,,,,,,,,,"> 200,000",,,,,,,,,,,,,,,,,,,,,,,,,,,,,,,,,,,,,2 Years,,,,,,,,,,,,,,,,,,,,,Ruijie Reyee,,,,"5 x 10/100/1000Base-T, 4 x PoE+ ports","54W, IEEE 802.3at / IEEE 802.3af",10 Gbps,7.44 Mpps,2000,16,4 kV,148 mm x 78 mm x 26 mm,0.9 kg,,,,,,,,,,,,,,,,,,,,,,,,,,,,,,,,,,,,,,,
ruijie-reyee-rg-es206gc-p-6-port-gigabit-smart-cloud-managed-poe-switch.html,https://www.neostore.com.np/assets/uploads/RG-ES206GC-P_3.jpg,https://www.neostore.com.np/assets/uploads/RG-ES206GC-P_2.jpg,https://www.neostore.com.np/assets/uploads/RG-ES206GC-P.jpg,https://www.neostore.com.np/assets/uploads/RG-ES206GC-P_3.jpg,"Ruijie Reyee RG-ES206GC-P, 6-Port Gigabit Smart Cloud Managed PoE Switch","5-Port gigabit cloud managed switch with 4 PoE+ ports Cost-Effective Smart Cloud Managed Switches IP Camera Recognition, Unique Value for CCTV Network Automatic Loop Prevention Ensures Service Continuity Lifetime management on Ruijie Cloud at anytime anywhere","Current Price: Rs.12,564, Original Price: Rs.",RG-ES205GC-P,,,,,,,,,,,,,,,,,Fanless,,,,,,,,,,,"> 200,000",,,,,,,,,,,,,,,,,,,,,,,,,,,,,,,,,,,,,2 Years,,,,,,,,,,,,,,,,,,,,,Ruijie Reyee,,,,"6 x 10/100/1000Base-T, 4 x PoE+ ports","54W, IEEE 802.3at / IEEE 802.3af",12 Gbps,7.44 Mpps,2000,16,4 kV,148 mm x 78 mm x 26 mm,0.79 kg,,,,,,,,,,,,,,,,,,,,,,,,,,,,,,,,,,,,,,,
ruijie-reyee-rg-es208gc-8-port-gigabit-smart-cloud-managed-non-poe-switch.html,https://www.neostore.com.np/assets/uploads/RG-ES208GC_3.jpg,https://www.neostore.com.np/assets/uploads/RG-ES208GC_2.jpg,https://www.neostore.com.np/assets/uploads/RG-ES208GC.jpg,https://www.neostore.com.np/assets/uploads/RG-ES208GC_3.jpg,"Ruijie Reyee RG-ES208GC, 8-Port Gigabit Smart Cloud Managed Non-PoE Switch","8-Port gigabit cloud managed non-PoE switch Cost-Effective Smart Cloud Managed Switches IP Camera Recognition, Unique Value for CCTV Network Automatic Loop Prevention Ensures Service Continuity Lifetime management on Ruijie Cloud at anytime anywhere","Current Price: Rs.6,882, Original Price: Rs.","RG-ES205GC-P,",,,,,,,,,,,,,,,,,Fanless,,,,,,,,,,,"> 200,000",,,,,,,,,,,,,,,,,,,,,,,,,,,,,,,,,,,,,2 Years,,,,,,,,,,,,,,,,,,,,,Ruijie Reyee,,,,8 x 10/100/1000Base-T ports,,16 Gbps,11.90 Mpps,4000,16,4 kV,160 mm x 75 mm x 24 mm,0.49 kg,Layer 2,,,,,,,,,,,,,,,,,,,,,,,,,,,,,,,,,,,,,,
ruijie-reyee-rg-es209gc-p-9-port-gigabit-smart-cloud-managed-poe-switch.html,https://www.neostore.com.np/assets/uploads/RG-ES209GC-P_3.jpg,https://www.neostore.com.np/assets/uploads/RG-ES209GC-P_2.jpg,https://www.neostore.com.np/assets/uploads/RG-ES209GC-P.jpg,https://www.neostore.com.np/assets/uploads/RG-ES209GC-P_3.jpg,"Ruijie Reyee RG-ES209GC-P, 9-Port Gigabit Smart Cloud Managed PoE Switch","9-Port gigabit cloud managed switch with 8 PoE+ ports Cost-Effective Smart Cloud Managed Switches IP Camera Recognition, Unique Value for CCTV Network Automatic Loop Prevention Ensures Service Continuity Lifetime management on Ruijie Cloud at anytime anywhere","Current Price: Rs.21,351, Original Price: Rs.",RG-ES209GC-P,,,,,,,,,,,,,,,,,Fanless,,,,,,,,,,,"> 200,000",,, ,,,,,,,,,,,,,,,,,,,,,,,,,,,,,,,,,,2 Years,,,,,,,,,,,,,,,,,,,,,Ruijie Reyee,,,,"9 x 10/100/1000Base-T, 8 x PoE+ ports","120W, IEEE 802.3at / IEEE 802.3af",18 Gbps,13.39 Mpps,4000,16,4 kV,202 mm x 108 mm x 28 mm,1.3 kg,,,,,,,,,,,,,,,,,,,,,,,,,,,,,,,,,,,,,,,
ruijie-reyee-rg-es216gc-16-port-gigabit-smart-cloud-managed-non-poe-switch.html,https://www.neostore.com.np/assets/uploads/RG-ES216GC_3.jpg,https://www.neostore.com.np/assets/uploads/RG-ES216GC.jpg,https://www.neostore.com.np/assets/uploads/RG-ES216GC_2.jpg,https://www.neostore.com.np/assets/uploads/RG-ES216GC_3.jpg,"Ruijie Reyee RG-ES216GC, 16-Port Gigabit Smart Cloud Managed Non-PoE Switch","16-Port gigabit cloud managed non-PoE switch Cost-Effective Smart Cloud Managed Switches IP Camera Recognition, Unique Value for CCTV Network Automatic Loop Prevention Ensures Service Continuity Lifetime management on Ruijie Cloud at anytime anywhere","Current Price: Rs.21,739, Original Price: Rs.",RG-ES216GC,,,,,,,,,,,,,,,,,Fanless,,,,,,,,,,,"> 200,000",,,,,,,,,,,,,,,,,,,,,,,,,,,,,,,,,,,,,2 Years,,,,,,,,,,,,,,,,,,,,,Ruijie Reyee,,,,16 x 10/100/1000Base-T ports,,32 Gbps,23.81 Mpps,8000,16,4 kV,440 mm x 165 mm x 44 mm,2.7 kg,Layer 2,,,,,,,,,,,,,,,,,,,,,,,,,,,,,,,,,,,,,,
ruijie-reyee-rg-es218gc-p-18-port-gigabit-smart-cloud-managed-poe-switch.html,https://www.neostore.com.np/assets/uploads/RG-ES218GC-P_3.jpg,https://www.neostore.com.np/assets/uploads/RG-ES218GC-P_2.jpg,https://www.neostore.com.np/assets/uploads/RG-ES218GC-P.jpg,https://www.neostore.com.np/assets/uploads/RG-ES218GC-P_3.jpg,"Ruijie Reyee RG-ES218GC-P, 18-Port Gigabit Smart Cloud Managed PoE Switch","18-Port gigabit cloud managed switch with 16 PoE+ ports Cost-Effective Smart Cloud Managed Switches IP Camera Recognition, Unique Value for CCTV Network Automatic Loop Prevention Ensures Service Continuity Lifetime management on Ruijie Cloud at anytime anywhere","Current Price: Rs.21,351, Original Price: Rs.",RG-ES218GC-P,,,,,,,,,,,,,,,,,Built-in,,,,,,,,,,,"> 200,000",,,,,,,,,,,,,,,,,,,,,,,,,,,,,,,,,,,,,2 Years,,,,,,,,,,,,,,,,,,,,,Ruijie Reyee,,,,"16 x 10/100/1000Base-T PoE+ ports, 2 SFP uplink","240W, IEEE 802.3at / IEEE 802.3af",36 Gbps,26.78 Mpps,8000,16,4 kV,300 mm x 230 mm x 43.6 mm,3.5 kg,,,,,,,,,,,,,,,,,,,,,,,,,,,,,,,,,,,,,,,
ruijie-reyee-rg-es226gc-p-26-port-gigabit-smart-cloud-managed-poe-switch.html,https://www.neostore.com.np/assets/uploads/RG-ES226GC-P_2.jpg,https://www.neostore.com.np/assets/uploads/RG-ES226GC-P_3.jpg,https://www.neostore.com.np/assets/uploads/RG-ES226GC-P.jpg,https://www.neostore.com.np/assets/uploads/RG-ES226GC-P_2.jpg,"Ruijie Reyee RG-ES226GC-P, 26-Port Gigabit Smart Cloud Managed PoE Switch","26-Port gigabit cloud managed switch with 24 PoE+ ports Cost-Effective Smart Cloud Managed Switches IP Camera Recognition, Unique Value for CCTV Network Automatic Loop Prevention Ensures Service Continuity Lifetime management on Ruijie Cloud at anytime anywhere","Current Price: Rs.64,230, Original Price: Rs.",RG-ES226GC-P,,,,,,,,,,,,,,,,,Built-in,,,,,,,,,,,"> 200,000",,,,,,,,,,,,,,,,,,,,,,,,,,,,,,,,,,,,,2 Years,,,,,,,,,,,,,,,,,,,,,Ruijie Reyee,,,,"24 x 10/100/1000Base-T PoE+ ports, 2 SFP uplink","370W, IEEE 802.3at / IEEE 802.3af",52 Gbps,38.69 Mpps,8000,16,4 kV,440 mm x 289 mm x 43.6 mm,4.2 kg,,,,,,,,,,,,,,,,,,,,,,,,,,,,,,,,,,,,,,,
wi-tek-24-port-smart-switch-wi-sg124d.html,https://www.neostore.com.np/assets/uploads/WI-SG124D_2.jpg,https://www.neostore.com.np/assets/uploads/WI-SG124D.jpg,https://www.neostore.com.np/assets/uploads/WI-SG124D_2.jpg,https://www.neostore.com.np/assets/uploads/WI-SG124D.jpg,Wi-Tek 24 port smart switch WI-SG124D,"24xGigabit Desktop Ethernet Switch 24 Auto-Negotiation, Auto-MDI/MDIX Ethernet ports provide smart switching Standard 13-inch Desktop steel case Plug and Play design simplifies installation Plans different power output for different cable lengths Complies with IEEE 802.3, IEEE 802.3u, IEEE 802.3x standards","Current Price: Rs.15,500, Original Price: Rs.",,,24 100/1000Mbps RJ45 Ports,,,,,,,,,,,,,,,,,,,,,-40℃～70℃,,5%～90% RH non-condensing,,"CE, FCC, RoHS",,,," Features ● 24 100/1000Mbps RJ45 Ethernet ports
● Plug and play, zero configuration
● Supports desktop or wall mount replacement
● Smart DIP Switch: Port VLAN mode, video priority mode
● Energy efficient design compliant with IEEE802.3az
● Silent operation ideal for noise sensitive environment",,,,,,,,,,,,,,,,,10240 Bytes,,,,,,,,,,Default/VLAN/CCTV,,380×215×95 mm,,,,,3 Years,,,,,,,,"IEEE 802.3i, IEEE 802.3u, IEEE 802.3ab, IEEE 802.3x, IEEE 802.1p",,,,35.7Mpps,,,,,,,,,,,,,,,,,,,,,,,WI-SG124D,"10BASE-T: UTP category 3, 4, 5 cable (maximum 100m)",Fanless,48G,8K,AC IN: 110-240V,12Mb,Yes,305×140×45 mm,1.67kg,1.17kg,1 × Gigabit Switch,-10℃～55℃,10%～90% RH,,,,,,,,,,,,,,,,,,,,,,,,
wi-tek-4fe-2fe-uplink-250m-lr-switch-wi-ps205v2.html,https://www.neostore.com.np/assets/uploads/WI-PS205_2.jpg,https://www.neostore.com.np/assets/uploads/WI-PS205.jpg,https://www.neostore.com.np/assets/uploads/WI-PS205_2.jpg,https://www.neostore.com.np/assets/uploads/WI-PS205.jpg,WI-TEK 4FE+2FE uplink 250m LR switch WI-PS205V2,4FE+2FE uplink 250M Long Range PoE Switch with 4PoE Port Supports smart watchdog function to monitor compliant PD Port 1 supports Hi-PoE power up to 60W fit IEEE 802.3bt compliant PDs Port 2-4 supports PoE 30W fit IEEE 802.3af/at compliant PDs Internal power adapter supply 65W Support 250meters Long range PoE Transmit 2K entry MAC address table  with auto-learning and auto-aging Realtek Switch Chipset+TI PoE Chipset guarantee stable performance,"Current Price: Rs.14,500, Original Price: Rs.",,,4 100M RJ45 PoE Ports,,,,,,,,,,,,,,,,,,,,,,,,,"CE, FCC, RoHS",,,," Unmanaged switch WI-PS205H v2 with PoE (Power over Ethernet) function is used in IP telephony, IP video surveillance, Wi-Fi installations. No specialized knowledge is required to install, configure, and maintain the switch, making it easy to use.
Power supply built-in. The switch is equipped with 6 100Base-TX ports, 4 of which support 802.3af/at (PoE, PoE+). The switch supports CCTV operation mode and Watchdog function. The WI-PS205H v2 unmanaged switch of the updated version supports the Watchdog function - automatically detecting hung IP cameras or other equipment and restarting the PoE power on the ports. The switch is equipped with an additional mode switch Default",,,,,,,,,,,,,,,,,2kB,,,,,,,,,,Default/VLAN/Extend,,270×220×605 mm,,,,,3 Years,,,,,,,,,,,,0.89Mpps,,AC 100~240V 50/60HZ,,,Operating Temperature: -10℃–55℃ (14℉–131℉),,,,,,,,,,,,,,,,,,,"10BASE-T: UTP category 3, 4, 5 cable (maximum 100m)",Fanless,,2k,,,Yes,190×130×35 mm,1kg,0.6kg,,,,802.3 af/at/bt compliant PoE,Port 1-4,65W,Port 1,PoE/Link/Power,Yes,Yes,Lightning protection 6kV,1× Switch,Store-And-Forward,Watchdog Function,,,,,,,,,,,,,
wi-tek-4ge-2ge-uncontrolled-gigabit-switch-with-poe-function-wi-ps305g.html,https://www.neostore.com.np/assets/uploads/WI-PS305G_3.jpg,https://www.neostore.com.np/assets/uploads/WI-PS305G_2.jpg,https://www.neostore.com.np/assets/uploads/WI-PS305G_3.jpg,https://www.neostore.com.np/assets/uploads/WI-PS305G_2.jpg,WI-TEK 4GE+2GE Uncontrolled Gigabit Switch With POE Function WI-PS305G,"● 4 10/100/1000Mbps RJ45 PoE Ports
● 2 1000Mbps RJ45 Ports
● 802.3af/at PoE+ output with 65W power budget
● Smart DIP Switch: 250m Extend mode, Port VLAN mode
● PoE watchdog detects and reboots unresponsive PoE-powered devices
● Plug and play, zero configuration","Current Price: Rs.7,000, Original Price: Rs.",,,,,,,,,,,,,,,,,,,,,,,,,,,,,,,,"  The switch is equipped with 6 ports 1000Base-T, of which 3 support 802.3af / at ( PoE, PoE + ) and 1 port supports 802.3bt ( HiPoE ).
The switch supports the function Watchdog - automatic detection of hanging equipment and reloading of PoE power at the port.
WIF-PS305G is equipped with an additional Default / operating mode switch / VLAN / Extend. Default mode — normal operation. Mode Vlan — port insulation mode; allows you to isolate the traffic of connected devices at a physical level, which limits their communication at the 2nd and 3rd levels, and guarantees the safety of content transfer. Mode Extend — PoE transmission mode up to 250 meters; allows you to overcome the barrier of 100 meters, standard for Ethernet networks, and connect remote devices without using PoE-repiters. Reliable internal silent power supply, Developed by Wi-Tek guarantees uninterrupted operation for a long service life, and its internal execution simplifies the installation and operation of equipment, as well as saves space during installation. An increased nominal budget allows you to solve most of the tasks of connecting PoE equipment.",,,,,,,,,,,,,,12bit / s,,,,,,,,,,,,,,,,,,,,3 Years,,,,,,,,,,,,,,,,,,,,,,,,,,,,,,,,,,,,,,,,,,,,,,,,,,,,,,,,,,,,6 ports 10/100 / 1000M,"10BASE-T: UTP cable of categories 3, 4, 5 ( max. 100m )",Passive,65W max. ( with connected POE devices ),Input voltage AC 110 ~ 240V 50 / 60Hz,PoE ports from 2 to 4 ( standard 802.3 af / at ) up to 30W on port,2K,190 * 130 * 35 mm,,Store-and-forward,,,
wi-tek-8-port-gigabit-unmanaged-poe-switch-wi-ps308g.html,https://www.neostore.com.np/assets/uploads/WI-PS308G.jpg,https://www.neostore.com.np/assets/uploads/WI-PS308G_2.jpg,https://www.neostore.com.np/assets/uploads/WI-PS308G.jpg,https://www.neostore.com.np/assets/uploads/WI-PS308G_2.jpg,WI-TEK 8-Port Gigabit Unmanaged POE Switch WI-PS308G,8GE+2GE Ports PoE Switch with 8Port PoE Supports PoE power up to 30W for each port Supports PoE IEEE 802.3af/at compliant PDs Support CCTV mode(250m PoE+Port VLAN) Internal power adapter supply 65W 4K entry MAC address table  with auto-learning and auto-aging Realtek Switch Chipset guarantee stable performance Supports smart watchdog function to monitor compliant PD,"Current Price: Rs.10,000, Original Price: Rs.",,,,,,,,,,,,,,,,,20Gbps,,,,,,,,,,,,,,," WI-TEK Unmanaged Gigabit WI-PS308G switch with PoE (Power over Ethernet) function is designed for installation in modern high-speed networks of IP telephony, IP-video surveillance, and WiFi. When installing, configuring, and maintaining the switch, specialized knowledge is not required, which facilitates its use. The switch is equipped with  8 ports 1000Base-T supporting the standard 802.3af / at (PoE, PoE +) 120 W and 2 ports 1000Base-T. Features:",,,,,,,,,,,,,,,,,,,,,,,,,,,,,,,,,,3 years,,,,,,,,,,,,,,,,,,,,,,,,,,,,,,,,,,,,,,,,,,,,,,,,,,,,,,,,,,,,10 ports 10/100/1000M,"10BASE-T: Category 3, 4, 5 UTP cable (max. 100m)",passive,120W max. (with connected POE devices),Input voltage AC 110~240V 50/60Hz,,,210*150*30mm,,,PoE ports 2 to 8 (802.3 af/at standard) up to 30W per port,4K,Operating temperature： -10℃～55℃
wi-tek-unmanaged-gigabit-switch-wi-sg108.html,https://www.neostore.com.np/assets/uploads/WI-SG108_2.jpg,https://www.neostore.com.np/assets/uploads/WI-SG108.jpg,https://www.neostore.com.np/assets/uploads/WI-SG108_2.jpg,https://www.neostore.com.np/assets/uploads/WI-SG108.jpg,WI-TEK Unmanaged Gigabit Switch WI-SG108,"The unmanaged gigabit switch WI-SG108 is used in small installations of IP telephony, IP video surveillance, Wi-Fi. When installing, setting up and servicing the switch, specialized knowledge is not required, which facilitates its use. The switch is equipped with 8 ports 1000Base-T and supports VLAN mode","Current Price: Rs.4,500, Original Price: Rs.",,,8 100/1000Mbps RJ45 Ports,,,,,,,,,,,,,,,,,,,,,-40℃～70℃,,5%～90% RH non-condensing,,"CE, FCC, RoHS",,,,"The WI-SG108 switch is equipped with an additional Default / VLAN operating mode switch
Default mode — normal operation.
Mode Vlan — port insulation mode; allows you to isolate the traffic of connected devices at a physical level, which limits their communication at the 2nd and 3rd levels, and guarantees the safety of content transfer.
The switch is made in a compact metal case.",,,,,,,,,,,,,,,,,10240 Bytes,,,,,,,,,,Default/VLAN,,210×170×43 mm,,,,,3 Years,,,,,,,,"IEEE 802.3i, IEEE 802.3u, IEEE 802.3ab, IEEE 802.3x, IEEE 802.1p",,,,11.9Mpps,,,,,,,,,,,,,,,,,,,,,,,,"10BASE-T: UTP category 3, 4, 5 cable (maximum 100m)",Fanless,16G,4K,DC 5-15V,1.5Mb,Yes,140×78×25 mm,0.49kg,0.28kg,1 × Gigabit Switch,-10℃～55℃,10%～90% RH,,,,,,,,,,,,,,,,,,,,,,,,
