html_filename,image1,image2,image3,image4,product_title,short_description,price,Brand,Model,Color,Connector Type,Additional Features,DPI,Dimension,Cable Length,Warranty,label,description2,Product,Category,Sensor Type,No. of Buttons,Weight,Others,,No.of.Buttons,Other,Selling Price,roduct,Connector type,Cable_length,Show_countdown,Dimensions,Reciver,Wireless range,Sensor Resolution,Connection Type,Number of buttons,Scroll Wheel,Connection type,Range,Nano Reciver,Battery,DIMENSIONS,Connectivity
ant-esports-gm40-rgb-gaming-mouse.html,https://www.neostore.com.np/assets/uploads/ant_2.jpg,https://www.neostore.com.np/assets/uploads/ant.jpg,https://www.neostore.com.np/assets/uploads/ant_3.jpg,https://www.neostore.com.np/assets/uploads/ant_2.jpg,Ant Esports GM40 RGB Gaming Mouse,"A simple turtle back shell design provides a firm and breathable grip to avoid sweat build-up during long gaming or working hours. With a thin and elegant RGB strip running across the bottom of the mouse, the GM40 imparts simplicity with the right balance of style and performance to your gaming setup.  High Accuracy – With a highly sensitive optical sensor inside the mouse is rated at 2400 DPI and a maximum polling rate of 1000Hz which ensures wide compatibility with play styles without compromising on accuracy. Ergonomic Design – The classic minimalist design offers maximum grip compatibility and palm support for long gaming sessions. Sober RGB Lights – Elegant and subtle RGB strip at the bottom imparts style and performance to your gaming setup. Classic Styling – A simple turtle shell design ensures a firm and sweat-free grip in all circumstances so you can work and game for those long hours without any discomfort. Universal Compatibility – The GM40 is widely compatible with various platforms including Windows, Mac, and Linux.","Current Price: Rs.500, Original Price: Rs.",ANT Esports,GM40 RGB Gaming Mouse,Black With RGB Lighting,Wired,"Multicolor Rainbow LED Lightning that enhances your gaming experience.
			Elegant look & Durable switches. Light Weight Gaming Mouse.
			Compatible with PC | Mac | Xbox | PlayStation.","4 DPI Sensitivity level adjustments, 800 / 1200 / 1600 / 2400.",11.6 x 5.8 x 0.1 cm; 80 g,n/a,1 Year,," The Ant Esports GM40 offers a minimalist design with to-the-point performance and features. The mouse offers a minimalist old-school design to gel in perfectly with your work cum gaming setup giving you the best of both worlds. With an optical sensor rated at a DPI range of 2400 DPI, the mouse is built for players that prefer commanding the battlefield due to sheer speed and precision. ",,,,,,,,,,,,,,,,,,,,,,,,,,,
benq-zowie-ec2-gaming-mouse.html,https://www.neostore.com.np/assets/uploads/ec2_2.jpg,https://www.neostore.com.np/assets/uploads/ec2_3.jpg,https://www.neostore.com.np/assets/uploads/ec2.jpg,https://www.neostore.com.np/assets/uploads/ec2_2.jpg,BenQ ZOWIE EC2 Gaming Mouse,ZOWIE EC2 Mouse For Esports   Asymmetrical ergonomic design Driverless; plug and play 3360 sensor Size- Medium,"Current Price: Rs.10,200, Original Price: Rs.",Zowie,,Black,,,Upto 3200,,2m,1 Year,,"The top shell provides a natural curvature for your hand, thus providing comfortable support for your palm and fingers, for normal palm grip users. Take the control in your hands! The mouse is gripped in a traditional claw grip by curling your fingers together with assistance from your lower palm; the shape's curved rear ensures even contact with the lower palm for greater grip. It also allows you to move freely from the front of your palm to the tips of your fingers. Smooth and Seamless design Because of the EC's smooth and seamless design, you won't be troubled by rough edges or protrusions designed just for aesthetics.",Zowie EC2 Mouse,Mouse,Optical,5,62 Grams,n/a,,,,,,,,,,,,,,,,,,,,,
benq-zowie-ec3-c-mouse-for-esports.html,https://www.neostore.com.np/assets/uploads/ec-3.jpg,https://www.neostore.com.np/assets/uploads/ec3-c.jpg,https://www.neostore.com.np/assets/uploads/ec-3_3.jpg,https://www.neostore.com.np/assets/uploads/ec-3.jpg,BenQ ZOWIE EC3-C  Mouse For Esports,ZOWIE EC3-C Mouse For Esports  Asymmetrical ergonomic design with shorter overall length Reduced weight; paracord cable; 24-step scroll wheel Driverless; plug and play 3360 sensor Size- Small,"Current Price: Rs.10,200, Original Price: Rs.",BenQ,,Black,,,Upto 3200,,N/a,1 Year,,"The BenQ ZOWIE EC3-C is a right-handed gaming mouse that is the result of intensive ergonomics research and collaboration with elite esports players. The EC3-C combines comfort, stability, and precision thanks to its well-rounded right-side form and our latest C-features. The EC3-C is only one of several possibilities for competitive gamers looking for the right match. ZOWIE mouse provides best-in-class comfort, regardless of hand size or grip type. Classic Shape With Shorter Length The BenQ ZOWIE EC3-C maintains the same shape as the larger models in the series, keeping the distinctive feel but allowing for additional vertical movement flexibility. For Palm Grippers The EC3 is the shortest of the EC series, but it has an extended curved back that provides palm support and allows you to wrap your hand comfortably around the mouse. For Claw Grippers The EC3's shorter back allows for greater space at the palm's base, which can help with vertical movement. The New BenQ Zowie EC3-C comes with 3360 Optical sensor with 4 selectable DPI levels (400/800/1600/3200) and polling rate of (125/500/1000Hz) optimized for FPS",BenQ ZOWIE EC3-C,Mouse,Optical,5,2m,N/a,,,,,,,,,,,,,,,,,,,,,
benq-zowie-s2-mouse-for-esports.html,https://www.neostore.com.np/assets/uploads/s2_2.jpg,https://www.neostore.com.np/assets/uploads/s2.jpg,https://www.neostore.com.np/assets/uploads/s2_3.jpg,https://www.neostore.com.np/assets/uploads/s2_2.jpg,BenQ ZOWIE S2 Mouse  For Esports,ZOWIE S2 Mouse For Esports  Symmetrical gaming mouse for esports Shorter overall design Driverless; plug and play 3360 sensor Size- Small,"Current Price: Rs.10,200, Original Price: Rs.",BenQ,,Black,,,Upto 3200,,N/a,1 Year,,"Vertical Movement For vertical movement, the design of S series provides palm support more towards the front as the hump is closer to the middle. The shorter overall design provides more space that allows users to do vertical movement freely For Different Grips More About BenQ Zowie S2 Symmetrical Gaming Mouse",BenQ ZOWIE S2,Mouse,Optical,5,2m,N/a,,,,,,,,,,,,,,,,,,,,,
dell-laser-wired-mouse---ms3220.html,https://www.neostore.com.np/assets/uploads/MS3220.jpg,https://www.neostore.com.np/assets/uploads/MS3220_2.jpg,https://www.neostore.com.np/assets/uploads/MS3220_3.jpg,https://www.neostore.com.np/assets/uploads/MS3220_4.jpg,Dell Laser Wired Mouse - MS3220,Work faster and smarter with the Dell Laser Wired Mouse - MS3220,"Current Price: Rs., Original Price: Rs.",Dell,,Black,,,Upto 3200,,N/a,1 Year,,"High precision with Dell Laser Wired Mouse- MS3220 Work faster and smarter with the Dell Laser Wired Mouse - MS3220 . The 3200 DPI sensitivity lets you navigate smoothly and easily across high-resolution 4K monitors. Adjust to your preferred preset DPI in moments with a simple click of the toggle button. Quick access Two shortcut buttons let you easily move back and forth quickly through the web pages. Or you can program these shortcut buttons to your preferred commands or applications. Simple management The Dell Peripheral Manager allows you to conveniently customize and manage your keyboards and mice. For the Dell Laser Wired Mouse, you can program shortcuts, get connectivity status and the latest firmware updates easily. Best with Dell PCs Rigorous testing ensures that this mouse is designed to work perfectly with Dell systems. Plug and play easily without the hassle of setup. Fuss-free service Dell’s Advanced Exchange Service ships you a replacement unit the next business day should the mouse become faulty during the 3-year warranty period. ",Dell Laser Wired Mouse - MS3220,Mouse,Optical,5,3.46 oz,N/a,,,,,,,,,,,,,,,,,,,,,
dell-mobile-pro-wireless-mouse---ms5120w.html,https://www.neostore.com.np/assets/uploads/dell.jpg,https://www.neostore.com.np/assets/uploads/MS5120W.jpg,https://www.neostore.com.np/assets/uploads/MS5120W_3.jpg,https://www.neostore.com.np/assets/uploads/MS5120W_4.jpg,Dell Mobile Pro Wireless Mouse - MS5120W,The dual-mode connectivity incorporates a 2.4GHz wireless and a Bluetooth 5.0 connection so you can pair and connect to almost any PC via your preferred mode.,"Current Price: Rs., Original Price: Rs.",Dell,,"Black, Titan Gray",,,1600,,Wireless,1 Year,,"The dual-mode connectivity combines 2.4GHz wireless and Bluetooth 5.0 connectivity, thus allowing you to pair and connect to nearly any PC using your preferred mode. Easy Pairing Microsoft Swift Pair rapidly connects your mouse to your Windows laptop over Bluetooth, so you don't have to go into Windows settings every time. This mouse works with a wide range of operating systems, including Windows, Mac OS X, Chrome OS, Linux, and Android. Built to last You can work for up to 36 months on a single battery, which is three times longer than previous versions, and you won't have to recharge it daily, weekly, or even monthly. This allows you to focus on your tasks without having to worry about battery replacements. Precise tracking With a 1600 DPI sensor, the Dell Mobile Pro Wireless Mouse - MS5120W can readily handle high-resolution screens. Its optical sensor provides precise tracking and is suitable for use on most tabletop surfaces.. Quick access Intuitively positioned shortcut buttons allow easy navigation across web pages and applications Thus browse back and forth efficiently between pages onscreen effortlessly. Simple Management The Dell Peripheral Manager lets you customize and manage your keyboards and mice. Pair your devices, program shortcut buttons for quick access to your preferred applications and functions, and get battery and connectivity status and the latest firmware updates — whatever suits your business needs. Product Features",Dell Mobile Pro Wireless Mouse - MS5120W,Mouse,Optical,5,2.6 oz,N/a,,,,,,,,,,,,,,,,,,,,,
dell-mobile-wireless-mouse---ms3320w.html,https://www.neostore.com.np/assets/uploads/MS3320W_2.jpg,https://www.neostore.com.np/assets/uploads/MS3320W.jpg,https://www.neostore.com.np/assets/uploads/MS3320W_3.jpg,https://www.neostore.com.np/assets/uploads/MS3320W_4.jpg,Dell Mobile Wireless Mouse - MS3320W,Work efficiently using this Dell Mobile Wireless Mouse - MS3320W.,"Current Price: Rs., Original Price: Rs.",Dell,,"Black, TItan Gray",,,1600 dpi,,Wireless,1 Year,,"With the Dell Mobile Wireless Mouse - MS3320W, you can work more efficiently. Easy dual-mode networking lets you connect to practically any PC using either 2.4GHz WiFi or Bluetooth 5.0. Easy Pairing Microsoft Swift Pair rapidly connects your mouse to your Windows laptop through Bluetooth, eliminating the need to configure in Windows settings. It works with a wide range of operating systems, including Windows, Mac, Chrome, Linux, and Android thus providing maximum versatility. Built to last This mouse's battery life is 36 months, so you won't have to worry about replacing it. Simply reliable If your mouse breaks down during the three-year guarantee period, Dell's Advanced Exchange Service will send you a replacement the next business day, giving you complete peace of mind. The mouse has been thoroughly tested on Dell computers, ensuring that it is totally dependable and primed, making setup and deployment across numerous systems considerably easier. Precise tracking With a 1600 DPI sensor, the Dell Mobile Wireless Mouse - MS3320W can effortlessly handle high-resolution screens. Its optical sensor ensures precise tracking and works well on a variety of desk surfaces. Simple Management You can manage your keyboards and mice with the Dell Peripheral Manager software. You can quickly pair and manage devices, check battery and connectivity status, and download the latest firmware updates for the Dell Mobile Wireless Mouse. Product Features",Dell Mobile Wireless Mouse - MS3320W,Mouse,Optical,3,2.29 oz,N/a,,,,,,,,,,,,,,,,,,,,,
dell-multi-device-wireless-mouse---ms5320w.html,https://www.neostore.com.np/assets/uploads/MS5320W_2.jpg,https://www.neostore.com.np/assets/uploads/MS5320W.jpg,https://www.neostore.com.np/assets/uploads/MS5320W_3.jpg,https://www.neostore.com.np/assets/uploads/MS5320W_2.jpg,Dell Multi-device Wireless Mouse - MS5320W,"Work seamlessly across your desktop, laptop, and 2-in-1 with this sculpted wireless mouse.","Current Price: Rs.6,555, Original Price: Rs.6,900",Dell,,Black,,,1600,,Wireless,1 Year,,"Work seamlessly across your desktop, laptop, and 2-in-1 with this sculpted wireless mouse. The two Bluetooth 5.0 and 2.4GHz wireless connection methods allow you to switch easily across your laptop, desktop, or 2-in-1 with a click of a button. Easy pairing Instantly pair each device with your compatible Windows 10 system via Bluetooth without having to configure in Settings every time with Microsoft Swift Pair i. Compatible with a variety of Windows, Mac, Chrome, Linux, and Android operating systems, this mouse delivers maximum flexibility. Built to last Work longer without interruptions. With a battery that lasts up to 36 months, this mouse ensures you don’t have to be concerned with battery replacement. Simply reliable Should it become faulty during the 3-year warranty period, Dell Advanced Exchange Service ships you a replacement mouse the next business day. Tested and certified with Dell systems, this wireless mouse works perfectly with Dell PCs, making deployment simple and easy across the entire organization. Precise tracking Rapid responses via the 1600 DPI sensor help you navigate effortlessly, especially across your high-resolution 4K screen. Its optical sensor offers accurate tracking and is ideal for use on most desk surfaces. Dell Peripheral Manager (DPM) software enables you to manage your input devices and adjust to your preferred preset DPIs at 1000, 1600, 2400, or 4000. Quick access Intuitively positioned shortcut buttons on the sculpted mouse allow easy navigation across web pages and applications. Browse back and forth efficiently between pages onscreen effortlessly. Simple management The Dell Peripheral Manager software lets you customize and manage your keyboards and mice efficiently. Pair your devices and program shortcut buttons for easy access to your preferred applications and functions. You can also view battery and connectivity status, adjust DPI and get the latest firmware updates — whatever suits your business needs. Product Features",Dell Multi-device Wireless Mouse - MS5320W,Mouse,Optical,5,n/a,N/a,,,,,,,,,,,,,,,,,,,,,
dell-optical-mouse--ms116.html,https://www.neostore.com.np/assets/uploads/MS116_3.jpg,https://www.neostore.com.np/assets/uploads/MS116.jpg,https://www.neostore.com.np/assets/uploads/MS116_2.jpg,https://www.neostore.com.np/assets/uploads/MS116_3.jpg,Dell Optical Mouse- MS116,The Dell Optical Mouse – MS116 features optical LED tracking and wired connectivity providing a stellar performance day after day.,"Current Price: Rs.695, Original Price: Rs.730",Dell,,Black,,,1000 dpi,,6 ft,1 Year,,"The Dell Optical Mouse – MS116 features optical LED tracking and wired connectivity providing a stellar performance day after day. Therefore, improve your productivity at the office or at home–the Dell Optical Mouse will help keep you on task with accurate 1000 DPI optical tracking. Comfort that lasts The Dell Optical Mouse – MS116  is your desktop partner, designed to be pleasant to use for long periods of time. The Dell Optical Mouse is shaped and designed to fit the contours of your hand, with two buttons and a scroll wheel, thus making it simple to navigate around on–screen projects. Compatible with practically any system The Dell Optical Mouse works with virtually any computer that has a USB port. Use one mouse at work and a different one at home. Plug and play convenience It's as simple as plugging the Dell Optical Mouse into any accessible USB port and getting to work. At home or in the office The Dell Optical Mouse – MS116 is the perfect choice for either home or office use–wherever reliability, comfort and convenience are objectives. Contemporary aesthetic With a contemporary design aesthetic, the Dell Optical Mouse–MS116 seamlessly fits into any desktop environment. What's in the Box 1x Dell Optical Mouse–MS116",Dell Optical Mouse- MS116,Mouse,Optical,3,2m,N/a,,,,,,,,,,,,,,,,,,,,,
dell-optical-wireless-mouse---wm126.html,https://www.neostore.com.np/assets/uploads/WM126_3.jpg,https://www.neostore.com.np/assets/uploads/WM126_2.jpg,https://www.neostore.com.np/assets/uploads/WM126.jpg,https://www.neostore.com.np/assets/uploads/WM126_3.jpg,Dell Optical Wireless Mouse - WM126,The Dell WM126 Wireless Optical Mouse from Dell offers you everyday wireless performance with excellent battery life,"Current Price: Rs.2,025, Original Price: Rs.2,130",Dell,,Black,,,1000 dpo,,N/a,1 Year,,"The Dell Wireless Mouse-WM126 eliminates cable clutter by delivering all of the functionality of a mouse without the cables. Great for everyday use at home or in the office With the Dell Wireless Mouse-strong WM126's wireless connection, you can take your work with you wherever you go. You may also use a single receiver to connect up to six compatible devices, allowing you to connect wirelessly with your keyboards and mouse at home, in the office, or on the go. Work and play longer with a long battery life With a battery life of up to one year, you can rest easy knowing that you can keep powered up for longer almost anywhere. Comfortable design Work in comfort thanks to a contoured design that feels great in either hand. The mouse features three clickable buttons (left, right, and middle) and includes a scroll wheel for ease of use. Quick setup and easy installation Your mouse comes ready to plug and play via the included receiver. No software or drivers are required. However, if you wish to make full use of Dell Universal Pairing technology and connect up to 6 compatible devices with one receiver, please go to Dell.com/pair to download the required software. Compatibility Windows 7/8/8.1/10/Server, Linux, Android, Chrome What's in the Box",Dell Optical Wireless Mouse - WM126,Mouse,Optical,3,2.03 oz,Wireless,,,,,,,,,,,,,,,,,,,,,
dell-wired-mouse-with-fingerprint-reader---ms819.html,https://www.neostore.com.np/assets/uploads/MS819_3.jpg,https://www.neostore.com.np/assets/uploads/MS819.jpg,https://www.neostore.com.np/assets/uploads/MS819_2.jpg,https://www.neostore.com.np/assets/uploads/MS819_3.jpg,Dell Wired Mouse with Fingerprint Reader - MS819,"Safeguard your identity and login instantly, without needing to remember complex passwords, when you use the Dell Wired Mouse with Fingerprint Reader - MS819.","Current Price: Rs.9,400, Original Price: Rs.9,900",Dell,,Black,,,1000,,Wireless,1 Year,,"Keep yourself protected from spoofing attacks and unauthorized login to your computer with Windows Hello's accurate and secure password-free fingerprint sign-in to PCs. 256-bit AES offers enterprise-grade fingerprint encryption on your mouse, keeping your identity safe FIDO ready and GS-mark certified Compliant with FIDO the Dell Wired Mouse with Fingerprint Reader - MS819 lets you quickly and securely make an online payment with better identity authentication. GS-mark certification further qualifies that the Dell Wired Mouse with Fingerprint Reader is safe, reliable, and of high quality. Convenient plug and play When you're tired of struggling to remember a multitude of passwords, the integrated fingerprint reader on the mouse is ready to provide fast and simple access to your PC. Get started right away—simply plug the mouse into any available USB port to enable instant fingerprint recognition. Designed for comfort Arc-shaped, it is comfortable to use throughout the day and is suitable for a variety of mouse grips. What's in the Box Dell Wired Mouse with Fingerprint Reader - MS819",Dell Wired Mouse with Fingerprint Reader - MS819,Mouse,Optical,3,n/a,N/a,,,,,,,,,,,,,,,,,,,,,
dell-wireless-optical-mouse-wm118.html,https://www.neostore.com.np/assets/uploads/WM118.jpg,https://www.neostore.com.np/assets/uploads/WM118_2.jpg,https://www.neostore.com.np/assets/uploads/WM118_3.jpg,https://www.neostore.com.np/assets/uploads/WM118.jpg,Dell Wireless Optical Mouse WM118,"Enjoy the freedom of an easy and reliable wireless connection Designed to enhance daily productivity Long, efficient battery life","Current Price: Rs.1,495, Original Price: Rs.1,575",Dell,,Black,,,1000,,N/a,1 Year,,"Keep your workspace clean and clutter-free with reliable, plug & play wireless connectivity of the Dell Wireless Optical Mouse WM118. Effortlessly connect your mouse via 2.4GHz RF wireless with a Nano dongle that easily connects to a USB port, for reliable daily performance up to a 10m operational range. Designed To Enhance Daily Productivity Be productive with the Dell Wireless Mouse – WM118. Its ambidextrous form fits both right and left hands, allowing you to easily navigate your daily tasks with the 1000 dpi optical mouse comfortably. Long, Efficient Battery Life With 12 months of battery life, you no longer need to stress about running out of power. A low battery life indicator alerts you when your battery power is running low. Easy To Connect Simply plug the wireless Nano dongle into your PC’s USB port to start using the WM118. Long battery life Stay productive with 12 months of battery life so forget about battery how much your battery will last on the Dell Wireless Optical Mouse WM118.",Dell Wireless Optical Mouse WM118,Mouse,Optical,3,54g,Wireless,,,,,,,,,,,,,,,,,,,,,
digicom-dg-u33-wireless-mouse.html,https://www.neostore.com.np/assets/uploads/DG-U33-31.jpg,https://www.neostore.com.np/assets/uploads/DG-U33-2.jpg,https://www.neostore.com.np/assets/uploads/DG-U33-1.jpg,https://www.neostore.com.np/assets/uploads/DG-U33-31.jpg,Digicom DG-U33 Wireless Mouse,Silent Buttons 250 Hz Rate of Return 2.4 Wireless 20 Meter Wireless Range,"Current Price: Rs.2,050, Original Price: Rs.2,150",Digicom,,"Black, Red",,,1600DPI,,N/a,1 Year,,"Easy Plug and Play Digicom DG-U33 Wireless Mouse rapid plug and play function allows you to start using your mouse straight away. Without the need for additional driver installation, you can work with Digicom Wireless mouse. Compact Receiver The little nano receiver may easily be plugged into a USB port. As a result, the risk of the receiver being lost is reduced. Reliable 2.4G Wireless Connection The Digicom DG-U33 Wireless Mouse provides a strong, stable wireless connection that extends up to 20 meters. Because there will be almost no delays or dropouts, you will be able to work and play with confidence.  Moreover, it may differ greatly based on your computer setup and conditions. Comfortable For Hand The ergonomic design of this attractive and small wireless mouse makes it suited for tough operation. Because of its traditional color options and light portable design, the Digicom DG-U33 is also a great mouse to use for your job. Silent Button Digicom DG-U33 delivers enhanced comfort for the right hand, outstanding accuracy, extended battery life, and broad compatibility. An independent lab measured the dBA of a left-click at 1m of clicking noises. This means complete concentration for you and a calmer atmosphere for others around you. Up to 12 Months Battery Life The Digicom DG-U33 Wireless Mouse is energy efficient. Thanks to Digicom energy-saving technology and power switch. So, this allows you to use your mouse without interruption for up to 12 months. You can also check our Keyboard Products.",DG-U33,Mouse,Optical,,N/a,,,6,"2.4 Wireless, 250 Hz Rate of Return",,,,,,,,,,,,,,,,,,
digicom-wire-mouse-dg-w16.html,https://www.neostore.com.np/assets/uploads/DG-W16-3.jpg,https://www.neostore.com.np/assets/uploads/DG-W16.jpg,https://www.neostore.com.np/assets/uploads/DG-W16-2.jpg,https://www.neostore.com.np/assets/uploads/DG-W16-3.jpg,Digicom Wire Mouse | DG-W16,1500 DPI 5 million clicks Plug and Play 250Hz Rate of Return,"Current Price: Rs.585, Original Price: Rs.615",Digicom,,Black-Red,,,1500,,N/a,1 Year,,"Plug and Play Simplicity Digicom Wire Mouse DG-W16 is ready whenever you desire. Simply attach the receiver to your device's USB port and you'll be up and running in seconds. Its compact dimensions and excellent mouse handling make it ideal for busy desks and small offices. Have a good time learning about communication devices. Easy Navigate & Control The DG-W16 Wired Mouse's line-by-line scrolling and optical tracking make navigation a breeze. The optical sensor, in particular, allows for accurate and smooth cursor control on virtually any surface. This results in fewer irritants and more accurate mouse movements. Comfort in Style The ergonomic design of this attractive and small wired mouse makes it suitable for difficult operation. Because of its classic color options and light portable design, the Digicom DG-W16 is also a great mouse to use for your job. Durability The Digicom Wire Mouse is a gear that provides amazing performance even during long working sessions. Each of the three buttons is fully tested in a laboratory for up to five million clicks. It is verified in the field that each of the three buttons could resist more than one strike. 1500 DPI Optical Sensor A 1500 DPI sensor is included in the optical sensor of the Digicom Wired Mouse. This helps you to easily retain control during chaotic battles. Check Our Keyboard Category Here.",DG-W16,Mouse,Optical,,N/a,,,3,5 Million Clicks,,,,,,,,,,,,,,,,,,
digicom-wireless-mouse-dg-m40.html,https://www.neostore.com.np/assets/uploads/uploads/2021/06/1-25.jpg,https://www.neostore.com.np/assets/uploads/uploads/2021/06/2-24.jpg,https://www.neostore.com.np/assets/uploads/uploads/2021/06/1-24.jpg,https://www.neostore.com.np/assets/uploads/uploads/2021/06/1-25.jpg,DIGICOM Wireless Mouse DG-M40,Sensitive mouse click with less noise 12 Months Battery Life Rate of Return: 250 Hz Smooth & Stable 1600 DPI Comfortable Hand Grip,"Current Price: Rs.1,725, Original Price: Rs.1,815",Digicom,,Nepal Flag,,,1600,,N/a,1 Year,,"Easy To Navigate And Control The Digicom DG-U40 Wireless Mouse is powered by line-by-line scrolling, and optical tracking makes navigation easy. The optical sensor, in particular, allows for precise and smooth cursor control on nearly any surface. This results in fewer allergens and more precise mouse movements. Plug & Play Simplicity DG-U40 Mouse Of Digicom is available anytime you want. Simply plug the receiver into the USB port of your device to get it up and running in seconds. Its small size and smooth mouse control make it perfect for busy workstations and confined offices. Enjoy yourself while learning about wireless technology. Less Noise, More Focus Keep your attention on your task instead of being distracted by clicking noise. All while ensuring that the mouse performs to its true ability. That is, you may hear almost nothing but feel every click. Reliable 2.4G Wireless The Digicom DG-U40 Wireless Mouse offers a robust, reliable wireless connection up to 20 meters away. You'll be able to work and play with confidence because there will be almost no delays or dropouts. Although it may range slightly depending on your computing conditions and environment. Comfortable Shape A comfortable, contoured shape matches the natural curvature of your hand, allowing you to work for extended periods of time. The mouse is compact and wireless, and it fits easily in a bag beside your laptop, allowing you to work from anywhere. 1600 DPI Sensor As sensitive as you want, you can adapt the Digicom DG-U40 Multi-Mode Wireless Mouse mouse. It helps to provide a responsive and smooth cursor. You will enjoy responsive and smooth cursor control with the 1600 DPI invisible tracking engine. Up to 12 months battery life The on/off switch and Digicom's energy-saving technologies allow you to use the Digicom DG-U40 mouse for up to 12 months without changing the batteries.",DG-U40,Mouse,Optical,,56 Grams,,,3,N/a,,,,,,,,,,,,,,,,,,
digicom-wireless-mouse-dg-u32.html,https://www.neostore.com.np/assets/uploads/DG-U32-3.jpg,https://www.neostore.com.np/assets/uploads/DG-U32-2.jpg,https://www.neostore.com.np/assets/uploads/DG-U32.jpg,https://www.neostore.com.np/assets/uploads/DG-U32-3.jpg,Digicom Wireless Mouse DG-U32,250Hz Rate of Return 20 Meter Wireless Range 2.4G Wireless Silent Buttons,"Current Price: Rs.1,285, Original Price: Rs.1,355",Digicom,,Black | Red,,,N/a,,N/a,1 Year,,"Silent Buttons Digicom Wireless Mouse DG-U32 comes with quiet touch technology. This decreases noise levels by over 90%. An independent lab measured the left click dBA at 1m of clicking noises while ensuring that the mouse operates properly. Comfortable in hand The Digicom Wireless Mouse DG-U32 unbalanced design has improved to direct your right hand into a natural placement. Moreover, the soft rubber surface with various designs increases touch enjoyment. As a result of all of this, you will comfortably work or study for long periods of time. Easy Navigation The technology has high accuracy and accuracy, as well as the ability to track and scroll. Additionally, the DG-U32 also included a rubber scroll wheel with a tactile feel that enables exact line-by-line scrolling. Also, Digicom's high precision tracking enables next-level cursor control and navigation on virtually any surface. 2.4 GHz Reliable Wireless Connection With the Digicom Wireless Mouse DG-U32, you can enjoy worry-free wireless. The tested advanced 2.4 GHz standard provides a range of up to 20 meters long range and 360° coverage. 12 Months Long Battery Life Digicom's energy-saving technologies, along with the on/off switch, enable you to use the digicam wireless mouse for up to 12 months without replacing the batteries. Also, Check our Keyboard Categories.",DG-U32,Mouse,Optical,,N/a,,,3,12 Months Battery Life,,,,,,,,,,,,,,,,,,
digicom-wireless-mouse-dg-u34.html,https://www.neostore.com.np/assets/uploads/DG-U34-3.jpg,https://www.neostore.com.np/assets/uploads/DG-U34-2.jpg,https://www.neostore.com.np/assets/uploads/DG-U34.jpg,https://www.neostore.com.np/assets/uploads/DG-U34-3.jpg,Digicom Wireless Mouse DG-U34,Reliable 2.4G Wireless Connection 20 Meters of Wireless Range 250Hz Rate of Return 12 Months Battery Life,"Current Price: Rs.912, Original Price: Rs.960",Digicom,,Black,,,N/a,,N/a,1 Year,,"Less Noise Digicom Wireless Mouse DG-U34 quiet touch technology decreases noise levels by over 90%. An independent lab measured the left click dBA at 1m of clicking noises. So, this ensures that the mouse operates properly. Comfortable and Stylish This sleek and small wireless mouse also features an ergonomic design that allows for ambidextrous operation. Furthermore, the classic color choices and light portable design of the Digicom DG-U34 make it the ideal mouse to use at home or while traveling. Compact Size The Digicom Wireless Mouse has a pleasant grip due to its compact size. So, this easily fits in the palm of your hand. Its size also allows you to carry. Plug and Play When it comes to setting up the DG-U34, it couldn't be easier! Windows, macOS, and Linux are just a few of the operating systems that it can operate on. Assistive With only a few clicks, you may start using the USB receiver. Wireless connection is strong, consistent, and excellent within a 20-meter radius of the receiver. Up to 12 Months of Battery It's possible to use the Digicom Wireless mouse DG-U34 for up to 12 months without replacing batteries. Thanks to energy-saving technologies, the on/off switch. You can also check Our Keyboards.",DG-U34,Mouse,Optical,,N/a,,,3,12 Months Battery Life,,,,,,,,,,,,,,,,,,
digicom-wireless-mouse-dg-u86.html,https://www.neostore.com.np/assets/uploads/uploads/2021/06/DIGICOM-Bluetooth-Mouse-DG-U86-1.jpg,https://www.neostore.com.np/assets/uploads/uploads/2021/06/DIGICOM-Bluetooth-Mouse-DG-U86.jpg,https://www.neostore.com.np/assets/uploads/uploads/2021/06/DIGICOM-Bluetooth-Mouse-DG-U86-1.jpg,https://www.neostore.com.np/assets/uploads/uploads/2021/06/DIGICOM-Bluetooth-Mouse-DG-U86.jpg,DIGICOM Wireless Mouse DG-U86,"20-meter reliable long-distance range Advanced optical tracking 12-months battery life Universal Compatibility: Windows, Mac OS, Chrome OS Rate of Return: 250 Hz","Current Price: Rs., Original Price: Rs.",Digicom,,"Black, White",,,N/a,,N/a,1 Year,,"Plug and Play Simplicity DIGICOM Mouse is always available for your service. Simply connect through a Bluetooth connection. Its small size and smooth control make it perfect for busy workstations and confined offices. Reliable Connection The Digicom DG-U88 Mouse offers a reliable connection up to 20 meters away. You'll be able to work and play with confidence because there will be almost no delays or dropouts. The range has been tested to 10 meters. Although it may range slightly depending on your computing conditions and environment. Easy Navigate And Control Line-by-line scrolling powers the Digicom DG-U86 Mouse, and optical tracking makes navigating simple. The advanced optical sensor, in particular, enables smooth and precise cursor control on nearly any surface. This means fewer irritations and more precise mouse motions. Reliable 2.4G Wireless The Digicom DG-U86 Wireless Mouse has a strong, dependable wireless connection that extends up to 20 meters. Because there will be nearly no delays or dropouts, you will be able to work and play with confidence. It may vary slightly based on your computing setup and settings. Comfort In Style This stylish and compact mouse's ergonomic form makes it suitable for difficult operation. Because of its classical color choices and light portable style, the Digicom DG-U86 is an ideal mouse to use for your work. Plug and Play Wireless The DG-U86 is easy to set up. It is compatible with the majority of operating systems, including Windows, Mac OS X, and Linux. The provides a strong, consistent, and flawless connection within 20 meters. Up to 12 months battery life The optical light behind the mouse is invisible because it is one of the mouse's built-in features that is configured to save the mouse's battery life. Digicom's energy-saving technologies allow you to use the Digicom DG-U86 mouse for up to 12 months without changing the batteries.",DG-U86,Mouse,Optical,,N/a,,,3,N/a,,,,,,,,,,,,,,,,,,
fantech-cruiser-wg11-gaming-mouse.html,https://www.neostore.com.np/assets/uploads/wg11_31.jpg,https://www.neostore.com.np/assets/uploads/wg11.jpg,https://www.neostore.com.np/assets/uploads/wg11_21.jpg,https://www.neostore.com.np/assets/uploads/wg11_31.jpg,Fantech Cruiser WG11 Gaming Mouse,"PixArt Gaming Optical Sensor On-the-fly Adjustable DPI 800-2,400DPI Huang 3.000.000 Clicks Lifetime Wireless distance: 10M Ergonomic Both Handed Design","Current Price: Rs.1,299, Original Price: Rs.1,999",Fantech,,White,,,800-2400,,10 Meter Wireless Range,1 Year,,"No need for cables The Fantech Cruiser WG11 Gaming Mouse uses 2.4GHz transmission technology to ensure a secure, accurate, and long-range connection of up to 10 meters. The reaction is almost quick. The data transmission speed between the mouse and the computer represent by the response rate; a greater rate of response in games competitions can improve mouse performance by allowing the mouse to have zero delays and no jump during intense gaming, which is more realistic for gamers. On-The-Fly DPI Switch With DPI toggling from 800-1600-2400DPI, you'll be ready in a flash to make the best movements in every gaming circumstance. Shift between several DPI settings to easily pick on-screen choices or scan the game map up to 2400DPI, or downscale to create a pixel. Sniper aiming or unit selection (800DPI) with easily accessible controls. Six Buttons Macro editing is possible with the Fantech Cruiser WG11 Gaming Mouse. Installing driver software allows you to customize six buttons, making the mouse more intelligent and supporting additional needs for different games. In the MMO RPG, it makes you more convenient and remarkable. Please check out the manual or box before downloading the driver from our website. Super Comfort & Quality With a comfortable design, rubber side handles 62g optional weight and 6 programmable buttons for a personalized gaming experience. So, this controller combines comfort, durability, and performance. Less Noise More Focus Stay focused on your job without any distractions from background noise. At 1m clicking noises, lift click dba is measured by or independent tab. All while assuring the mouse's optimal performance. That is to say, you may feel everything yet hear almost nothing.",WG11,Mouse,Wireless,,62.8grams,,,6,PixArt Gaming Optical Sensor,,,,,,,,,,,,,,,,,,
fantech-g13-rhasta-ii-gaming-mouse.html,https://www.neostore.com.np/assets/uploads/uploads/2020/10/1-5.jpg,https://www.neostore.com.np/assets/uploads/uploads/2020/10/2-6.jpg,https://www.neostore.com.np/assets/uploads/uploads/2020/10/3-7.jpg,https://www.neostore.com.np/assets/uploads/uploads/2020/10/1-5.jpg,Fantech G13 Rhasta II Gaming Mouse,Purpose For gamers Interface USB Sensor type Optic Additional functions Game optical sensor maximum resolution of 2400 DPI Dedicated button for changing modes DPI “on the fly” Buttons: 3 buttons + 1 scroll wheel / button scroll wheel Material: Silicone + rubber cycle buttons durability: 5 million keystrokes. Cable in tissue braid RGB lights Low friction legs Suitable for right and left-handed,"Current Price: Rs.799, Original Price: Rs.999",Fantech,,Black,,,2400,,180 CM,1 Year,,"Gaming Mouse The Fantech G13 Rhasta II Gaming Mouse has become a regular in gaming events and tournaments. According to gamers, its durability and ergonomics have increased. We're making it even more accessible with the Fantech Rhasta II Gaming Mouse, its newest alternative. 2400 DPI Optical Sensor The optical sensor of the Fantech Rhasta II Gaming Mouse is authentic 2400 DPI. When fighting under duress, this permits you to keep control with ease. Ergonomic Form Maintaining a high level of performance across lengthy gaming sessions is critical. You'll never lose your grip over long gaming sessions thanks to the ergonomic design. High Durability The Fantech G13 Rhasta II Gaming Mouse Essential is a gaming mouse that delivers even during the most demanding gaming sessions. Each of the four buttons has been tested in a laboratory for up to 5 million clicks. Each of the four (4) buttons has been tested in the field and shown to survive more than impacts. Plug and Play You can play anytime you want with the Fantech Gaming Mouse! When you plug the receiver wire into the USB port on your PC or laptop, your gadget will be up and running in seconds. Its comfortable size and great mouse handling make it ideal for frantic work in cramped offices. Build For Gaming You can play anytime you want with the Fantech G13 Rhasta II Gaming Mouse! When you plug the receiver wire into the USB port on your PC or laptop, your gadget will be up and running in seconds. Its comfortable size and great mouse handling make it ideal for frantic work in cramped offices.",G13 Rhasta II,Mouse,Optical,4,30 Grams,N/a,,,,,,,,,,,,,,,,,,,,,
fantech-go-w606-wireless-office-mouse.html,https://www.neostore.com.np/assets/uploads/w606_2.jpg,https://www.neostore.com.np/assets/uploads/w606.jpg,https://www.neostore.com.np/assets/uploads/w606_2.jpg,https://www.neostore.com.np/assets/uploads/w606.jpg,Fantech Go W606 Wireless Office Mouse,Sensor Technology : Optical Sensor Resolution : 1000-1200-1600 DPI Battery Type: 1*AA Buttons : 4 Wireless Distance : Max.10 Meters Wireless System : 2.4GHz Connection Type : Wireless USB RECEIVER Size : 10.3cm x 3.8cm x 6.4cm,"Current Price: Rs.599, Original Price: Rs.799",Fantech,,"Black, White and Teal",,,1000-1200-1600 DPI,,wireless,1 Year,,,Fantech Go W606 Wireless Office Mouse,Wireless Optical Gaming Mouse,Optical,4 Buttons,92Gr,n/a,,,,,,,,,,,,,,,,,,,,,
fantech-go-w608-wireless-mouse.html,https://www.neostore.com.np/assets/uploads/w608_4.jpg,https://www.neostore.com.np/assets/uploads/w608_3.jpg,https://www.neostore.com.np/assets/uploads/w608_.jpg,https://www.neostore.com.np/assets/uploads/w608_2.jpg,Fantech Go W608 Wireless Mouse,Technical Spec  Sensor Technology: Optical Sensor Resolution: 1200 dpi Battery Life: Up to 3 Months Battery Type: 1*AA Buttons: 3 Wireless Distance: Max 10 Meters Wireles System: 2.4GHz Connection Type: Wireless (USB Receiver),"Current Price: Rs.599, Original Price: Rs.750",Fantech,,Black,,,1200,,-,1 Year,,,Fantech Go W608 Wireless Mouse,Mouse,Wireless,,50g,,,3,,,,,,,,,,,,,,,,,,,
fantech-go-wireless-office-mouse-w603.html,https://www.neostore.com.np/assets/uploads/W603_3.jpg,https://www.neostore.com.np/assets/uploads/W603_2.jpg,https://www.neostore.com.np/assets/uploads/W603.jpg,https://www.neostore.com.np/assets/uploads/W603_4.jpg,Fantech GO Wireless Office Mouse W603,Sensor Technology : Optical Sensor resolution: 1600dpi Battery life: 3 Months Battery Type: 1 AA Battery Buttons : 3 Wireless Distance: Max 10 Meters Wireless Frequency: 2.4GHz,"Current Price: Rs., Original Price: Rs.",Fantech,,Black,,,1600 DPI,,wireless,1 Year,,"Plug and Play Connectivity Instanly connect and use without any hassle or delay. Perfect for any setup. Energy Efficient Designed with premium energy efficient technology for long lasting use Symmetrical Grip Support both left -handed and right-handed use, fully ambidextrous 1600 DPI sensor for smooth movement without hassle",Fantech GO Wireless Office Mouse W603,Wireless Optical Mouse,Optical,3 Buttons,54 grams,n/a,,,,,,,,,,,,,,,,,,,,,
fantech-phantom-ii-vx6-macro-gaming-mouse.html,https://www.neostore.com.np/assets/uploads/vx6_4.jpg,https://www.neostore.com.np/assets/uploads/vx6_2.jpg,https://www.neostore.com.np/assets/uploads/vx6_3.jpg,https://www.neostore.com.np/assets/uploads/vx6.jpg,Fantech Phantom II VX6 Macro Gaming Mouse,"Gaming Optical Sensor . Up to 60 IPS / 20G Acceleration . On-the-fly Adjustable DPI 400-7,200 DPI . 125Hz Polling Rate . 20 Million Clicks Lifetime . 7 Independently Programmable Buttons . 1.8m Nylon Braided USB Cable . Size: 124.5mm x 65.5mm x 41mm .","Current Price: Rs., Original Price: Rs.",Fantech,,Black,,,"400-7,200 DPI",,1.8m Nylon Braided USB Cable,1 Year,,,Fantech Phantom II VX6 Macro Gaming Mouse,Gaming Mouse,Optical,7 Buttons,n/a,n/a,,,,,,,,,,,,,,,,,,,,,
fantech-raigor-iii-wg12-gaming-mouse.html,https://www.neostore.com.np/assets/uploads/WG12_3.jpg,https://www.neostore.com.np/assets/uploads/WG12_2.jpg,https://www.neostore.com.np/assets/uploads/WG12.jpg,https://www.neostore.com.np/assets/uploads/WG12_3.jpg,Fantech Raigor III WG12 Gaming Mouse,"Pixaet 3065 Optical Sensor Optimized 2.4GHz Wireless On The Fly Adjustable DPI (800-2000) 125Hz Polling Rate Huano 3,000,000 Clicks Lifetime Up to 30ips/10G Acceleration Powered by 500mAh AA Battery","Current Price: Rs.1,200, Original Price: Rs.1,799",Fantech,,Black,,,Adjustable DPI (800-2000),,-,1 Year,,,Fantech Raigor III WG12 Gaming Mouse,Mouse,Wireless,,83.7g,,,6,,,,,,,,,,,,,,,,,,,
fantech-ux1-hero-ultimate-macro-rgb-gaming-mouse.html,https://www.neostore.com.np/assets/uploads/ux1.jpg,https://www.neostore.com.np/assets/uploads/x15_-21.jpg,https://www.neostore.com.np/assets/uploads/x15_-11.jpg,https://www.neostore.com.np/assets/uploads/ux1.jpg,Fantech UX1 Hero Ultimate Macro RGB Gaming Mouse,7 RGB Color Mode 8D Macro Function performance Pixart 3389 Sensor IPS 400 Acceleration 50G Nylon Braided 100% Copper Cable,"Current Price: Rs.7,499, Original Price: Rs.9,499",Fantech,,Black,,,16000,,180 cm Nylon Braided Cable,1 year,,"UX1 Hero Ultimate Fantech UX1 Hero Ultimate Wire Gaming Mouse is one of the best-selling items. Fantech is also a firm that specializes in gaming and lifestyle technologies. Ergonomically designed This mouse was created with the human structure in view. And also the Fantech UX1 Hero Ultimate lets you maintain a natural posture for your hands, elbows, wrists, and arms. They make some that replicate the hand in a weightless environment and have a conventional shape. You can also utilize a handshake grip with a vertical mouse. 7 RGB lights mode There are seven RGB color options on the Fantech UX1 Hero Ultimate. Thus, you may change the RGB colors to better your gaming experience. DPI Setting With 16000dpi DPI switching, you'll be ready to make the finest judgments in any game situation in a second. Shift between numerous DPI levels using easily placed buttons. To quickly pick on-screen options or scan the game map up to 16000 DPI. Or downshift to make pixel-precise sniper targeting or unit selection 50G acceleration. Macro Function Performance The Fantech UX1 Hero Ultimate includes 8 programable buttons. This provides macro assignment. With software that enables macro key assignment, edit, save, share script plus, and delay editing. Durability Fantech UX1 Hero Ultimate gives a 50-million-click lifetime. It is capable of overcoming even the most difficult situations while staying quick and responsive.",UX1 Hero Ultimate,Mouse,Optical,8,N/a,"Onboard memory, Pixart 3389 Sensor, Acceleration 50G",,,,,,,,,,,,,,,,,,,,,
fantech-ux2-hive-rgb-wired-gaming-mouse.html,https://www.neostore.com.np/assets/uploads/uploads/2021/02/fantech-_0000_UX2-Hive.jpg,https://www.neostore.com.np/assets/uploads/uploads/2021/02/fantech-_0006_fatech_hive_ux2_gaming_mouse_03.jpg,https://www.neostore.com.np/assets/uploads/uploads/2021/02/fantech-_0007_4468b072-600x600-1.jpg,https://www.neostore.com.np/assets/uploads/uploads/2021/02/fantech-_0005_pasted-image-0.jpg,Fantech UX2 Hive RGB Wired Gaming Mouse,"Honeycomb Shell Design is the key to achieving a feather-lightweight while maintaining its ultra-durable strength and undefeatable comfortable grip. Equipped with competitive E-sport industry standard Pixart 3360, tracks even the finest movements of the mouse across your preferred gaming surface. Enjoy faster and smoother control with Fantech Hive UX2 weighs in at just 74g with no compromise on its build strength. Our para-cord is ultra-flexible and super lightweight, giving your mouse an almost wireless feel. Adjust your HIVE UX2 RGB lights, buttons assignment, macro editing, sensitivity, and other features through our PERSONALIZATION software.","Current Price: Rs.3,999, Original Price: Rs.7,999",Fantech,UX2,-,,,12000,,1.6 m USB,1 Year,,"Fantech UX2 Hive RGB Wired Gaming Mouse is one of the best products available in the market. The Fantech is an innovator of Gaming Gear and Lifestyle Products. Features: 6D Macro Function Performance For your macro assignment, they built it with six programmable buttons. Its program allows us to save up to three profiles and supports left-click script and delay editing. DPI Indicator They can set the dedicated DPI indicator to any value using hive UX2 software. So, you always know your value. Ergonomically designed: This Fantech UX2 Hive RGB Wired Gaming Mouse fits the human body. It permits you to maintain a natural position for your hands, elbows, wrists, and arms. They make some to resemble the hand in a weightless environment and have a classic shape. Also, You can use a handshake grip with a vertical mouse. Durability They gave it a lifetime of 50 million clicks to ensure that it can withstand even the harshest of conditions while remaining fast and hyper-responsive. 7 RGB Color Mode A seven-color RGB option is available on the Fantech Hive UX2. You may also alter the RGB colors to enhance your gaming experience. 74 Gram Light Weight Design With the lightweight gaming mousing that weighs only 74 grams, you may enjoy quicker and smoother control. It accomplishes its weight without sacrificing the ambidextrous form factor's construction strength. Flexible It is light, so it feels it is not even there. Strength and Comfort During games, we barely notice the holes, but they allow airflow to keep your palms cool and fresh. Cleaning the mouse is also simple because any air canister can keep it as good as new. Additional Features",,Wired Gaming Mouse,Optic,6,74 Grams,7 Spectrum RGB Illumination,,,,-,,,,,,,,,,,,,,,,,
fantech-venom-ii-wgc2-wireless-gaming-mouse.html,https://www.neostore.com.np/assets/uploads/wgc2_4.jpg,https://www.neostore.com.np/assets/uploads/wgc2_5.jpg,https://www.neostore.com.np/assets/uploads/wgc2_2.jpg,https://www.neostore.com.np/assets/uploads/wgc2_3.jpg,Fantech Venom II WGC2+ Wireless Gaming Mouse,"Pixart 3212 Gaming Optical Sensor Dual Power Modes RGB Lighting On-the-fly Adjustable 800-2,400DPI 125Hz Polling Rate Huano 20.000.000 Clicks Lifetime Switches Up to 30ips / 10G Acceleration Battery Capacity 300mAh Wireless distance: 10M Ergonomic Both Handed Design Size:130mm x 78mm x 38mm","Current Price: Rs.2,499, Original Price: Rs.4,999",Fantech,,Black & White,,,"Adjustable 800-2,400DPI",,wireless,1 Year,," PIXART GAMING SENSOR WGC2 is equipped with a PixArt Gaming Sensor, ensuring that even the finest movements from this wireless mouse are tracked with consistency. Equipped with an intelligent power saver function, allowing for a long-lasting experience when gaming.  PERSONALIZED RGB ILLUMINATION With 16.8 Million Colors able to be set for the RGB lighting, you can easily personalize your gaming experience!  ",Fantech Venom II WGC2+ Wireless Gaming Mouse,Wireless Optical Gaming Mouse,Optical,6 Buttons,252Gr,n/a,,,,,,,,,,,,,,,,,,,,,
fantech-wg10-wireless-gaming-mouse.html,https://www.neostore.com.np/assets/uploads/uploads/2020/10/3-3.jpg,https://www.neostore.com.np/assets/uploads/uploads/2020/10/2-3.jpg,https://www.neostore.com.np/assets/uploads/uploads/2020/10/3-4.jpg,https://www.neostore.com.np/assets/uploads/uploads/2020/10/4-2.jpg,Fantech WG10 Wireless Gaming Mouse,1.STABLE WIRELESS CONNECTION 2 SWITCHES MADE FOR DURABILITY 3 GAMING SENSOR 4 TECHNICAL SPECIFICATION 5 SUPER POWER SAVER SENSOR 6. SMOOTH TEFLON MOUSE SKATES 7.EASY AND CONVENIENT ON/ OFF POWER,"Current Price: Rs.1,150, Original Price: Rs.2,599",,,,,,,,,,,,,,,,,,,,,,,,,,,,,,,,,,,,,,
havit-ms1027-gaming-mouse-.html,https://www.neostore.com.np/assets/uploads/MS1027_3.jpg,https://www.neostore.com.np/assets/uploads/MS1027.jpg,https://www.neostore.com.np/assets/uploads/MS1027_2.jpg,https://www.neostore.com.np/assets/uploads/MS1027_3.jpg,Havit MS1027 Gaming Mouse,"One click to switch the DPI. Four gears of mouse adjustment(1200-1800-2400-3600DPI) Cool breathing light design With forward/ backward function, mouse function is improved when surfing the Internet. Ergonomic design, with anti-slipping surface, it fits perfectly to palms and without fatigue in long-time using.","Current Price: Rs.900, Original Price: Rs.",Havit,,Black,,,11200-1800-2400-3600DPI),,Wired,1 Year,,,Havit MS1027 Gaming Mouse,Mouse,Optical,6,n/a,N/a,,,,,,,,,,,,,,,,,,,,,
imperion-m410-javelin-6-button-usb-rgb-gaming-mouse-mg-m410.html,https://www.neostore.com.np/assets/uploads/javelin_2.jpg,https://www.neostore.com.np/assets/uploads/javelin.jpg,https://www.neostore.com.np/assets/uploads/javelin_2.jpg,https://www.neostore.com.np/assets/uploads/javelin.jpg,Imperion M410 Javelin 6 Button USB RGB Gaming Mouse MG-M410,6 Button gaming mouse up to 6400DPI Software & macro support Built-in memory Rated 10 million click switch Six RGB running mode 1.8M Braided cable Gold plated USB Connector,"Current Price: Rs.1,800, Original Price: Rs.2,000",Imperion,,Black,,,6400DPI,,n/a,1 Year,,,Imperion M410 Javelin 6 Button USB RGB Gaming Mouse MG-M410,Mouse,Optical,6,n/a,N/a,,,,,,,,,,,,,,,,,,,,,
imperion-w505-teleport-2-4g-wireless-gaming-mouse-mg-w505.html,https://www.neostore.com.np/assets/uploads/imperion_3.jpg,https://www.neostore.com.np/assets/uploads/imperion_2.jpg,https://www.neostore.com.np/assets/uploads/imperion_.jpg,https://www.neostore.com.np/assets/uploads/imperion_3.jpg,Imperion W505 Teleport 2.4G Wireless Gaming Mouse MG-W505,2.4G Wireless 6 Button gaming mouse 800/1200/1600/2400/3200 DPI Shiftable Rated 10 Million click switch 7 Color breathing LED Built-in 450 mAh high quality rechargable Li-Battery,"Current Price: Rs.1,800, Original Price: Rs.2,000",Imperion,,Black,,,800/1200/1600/2400/3200 DPI Shiftable,,n/a,1 Year,,,,Mouse,Optical,6 Buttons,n/a,Wireless connectivity,,,,,Imperion W505 Teleport 2.4G Wireless Gaming Mouse MG-W505,,,,,,,,,,,,,,,,
logitech-b100-optical-usb-mouse.html,https://www.neostore.com.np/assets/uploads/uploads/2020/08/204.jpg,https://www.neostore.com.np/assets/uploads/B100_2.jpg,https://www.neostore.com.np/assets/uploads/B100.jpg,https://www.neostore.com.np/assets/uploads/uploads/2020/08/204.jpg,Logitech B100 Optical USB Mouse,"Comfortable ambidextrous shape Precision 1000 dpi sensor Vertical and horizontal scrolling plus zoom Plug-and-play USB cord connection Quality design by Logitech, the mouse experts Works with Windows, Mac and Linux operating systems","Current Price: Rs.750, Original Price: Rs.790",Logitech,,Black,,,1000 DPI,,180 cm,1 Year,,"Comfortable shape for either hand Right handed? Left handed? Either way, the contoured shape supports your hand in all-day comfort. And the mouse buttons and scroll wheel put comfortable control right at your fingertips. Precise cursor control With an 800 dpi optical sensor, you’ve got the cursor control you need to quickly and accurately point, highlight, cut and paste. Versatile scrolling plus zoom Scrolling plus zoom lets you instantly zoom in or out and scroll horizontally and vertically. Perfect for working with spreadsheets and presentations. Zero setup Works right out of the box — just plug it into your USB port and you're ready for business. Built-in Logitech quality B100 comes with the quality and design Logitech has built into more than a billion mice, more than any other manufacturer.",Buy Logitech B100 Optical USB Mouse online in Nepal | Neostore,Mouse,Optical,3,121 g,3.84 ounces,,,,,,,,,,,,,,,,,,,,,
logitech-g102-prodigy-gaming-mouse.html,https://www.neostore.com.np/assets/uploads/uploads/2020/08/72.jpg,https://www.neostore.com.np/assets/uploads/uploads/2020/08/1.jpg,https://www.neostore.com.np/assets/uploads/uploads/2020/08/2.jpg,https://www.neostore.com.np/assets/uploads/uploads/2020/08/3.jpg,Logitech G102 Prodigy Gaming Mouse,"CLASSIC DESIGN G102 is inspired by the classic design of the legendary Logitech G100S Gaming Mouse. Beloved by gamers worldwide and a favorite of esports pros, it’s a classic design that we’ve re-engineered and optimized from the inside out to be lightweight, durable, and comfortable.","Current Price: Rs.3,790, Original Price: Rs.3,990",,,,,,,,,1 Year Warranty,,"G102 reports 1,000 times per second, 8x faster than standard mice. This means when the mouse is moved or clicked the onscreen response is virtually instantaneous. GAMING GRADE SENSOR Play to your full potential with a mouse that offers 200 to 8,000 DPI delivering incredible accuracy, tracking speed and consistency. You’ll get improved control no matter your style of gameplay1Advanced features require Logitech Gaming Software, available for download at logitechg.com/downloads. MECHANICAL BUTTON TENSIONING Mechanical button tensioning uses metal springs to help keep the left and right mouse buttons primed to click, reducing the force needed. Combined with individual left and right buttons, it enhances consistency and delivers an exceptional click feel and response. LIGHTSYNC RGB LIGHTSYNC technology provides next-gen RGB lighting that synchronizes lighting and game profiles with your content. Customize from a full spectrum of approximately 16.8 million colors and synchronize lighting animations and effects with your other Logitech G devices. Customize it all quickly and easily using Logitech Gaming Software (LGS). SIX PROGRAMMABLE BUTTONS Logitech G102 can be used directly out-of-the-box or can be fully configured using LGS. Advanced users can configure any of the 6 buttons to simplify in-game actions. ON-THE-FLY DPI On-the-fly DPI shifting lets you toggle between two sensitivity settings with a click, from pixel-precise 250 DPI targeting to speedy 2,500 DPI movement. Use LGS to customize the DPI settings to fit your style of play. Also, DPI cycling lets you choose from up to five DPI settings while in-game. ONBOARD MEMORY When you take your G102 with you, your custom settings come along. By saving your preferences to the onboard memory using Logitech Gaming Software you can use it on another PC with no need to install software or reconfigure your settings.",,,,,,,,,,,,USB,2.10 m | Non-braided cable,Yes,,,,,,,,,,,,,
logitech-g402-hyperion-fury-gaming-mouse.html,https://www.neostore.com.np/assets/uploads/g402_2.jpg,https://www.neostore.com.np/assets/uploads/g402.jpg,https://www.neostore.com.np/assets/uploads/g402_2.jpg,https://www.neostore.com.np/assets/uploads/g402.jpg,Logitech G402 Hyperion Fury Gaming Mouse,Fusion Engine hybrid sensor 8 programmable buttons On-the-fly DPI Switching 32-bit ARM processor 1 millisecond report High-speed clicking Full-speed USB,"Current Price: Rs.6,640, Original Price: Rs.6,990",Logitech,,Black,,,240-4000 dpi,,6 ft,1 Year,,"FUSION ENGINE HIGH-SPEED TRACKING Sophisticated sensor technology for ultra-fast gaming. Hyperion Fury combines an optical sensor featuring Logitech Delta Zero™ technology with our exclusive Fusion Engine™hybrid sensor to enable tracking speeds in excess of 500 IPS. 8 PROGRAMMABLE BUTTONS Customize to fit your style of gameplay. Customize your mouse with 8 programmable buttons. Whether you want to toss a grenade or quickly access your inventory, it’s at your fingertips. Optional Logitech Gaming Software makes set up easy. ON-THE-FLY DPI SWITCHING 4 settings for better control of how you game. Switch through four DPI settings in an instant. Snipe a foe across the map (250 DPI) before fleeing in the blink of an eye (4000 DPI). With on-the-fly DPI switching, you have the flexibility to react to the chaos of battle with precision. 32-BIT ARM PROCESSOR Smarter than ever. Hyperion Fury on-board ARM processor powers the Fusion Engine for incredible tracking speeds while allowing you to save and play back your favorite macros. With Logitech Gaming Software, craft and assign macros that can be accessed from Hyperion Fury with ease. 1MS REPORT RATE Constant communication. With a 1 millisecond report rate, you can be confident that your movement will be communicated via USB at fast speeds without troublesome lag. COMFORTABLE DESIGN Maximum comfort for maximum playtime. An update to the classic G400s shape to enhance function and comfort. A combination of lightweight materials and rubber grips will help to ensure that your gaming sessions last as long as possible. HIGH-SPEED CLICKING Extreme responsiveness gives you the edge. Distinct left and right buttons offer extreme responsiveness. With high-speed clicking, you can push your skills even further while enjoying the edge in intense firefights. Faster, more comfortable clicking makes all the difference with Hyperion Fury.",Logitech G402 Hyperion Fury Gaming Mouse,Mouse,Optical,8 Programable,108 grams,N/a,,,,,,,,,,,,,,,,,,,,,
logitech-g502-hero-high-performance-gaming-mouse.html,https://www.neostore.com.np/assets/uploads/g502_3.jpg,https://www.neostore.com.np/assets/uploads/g502_1.jpg,https://www.neostore.com.np/assets/uploads/g502_2.jpg,https://www.neostore.com.np/assets/uploads/g502_3.jpg,Logitech G502 HERO High Performance Gaming Mouse,"Engineered for advanced gaming performance. G502 HERO features HERO 25K gaming sensor with sub-micron precision tracking, customizable LIGHTSYNC RGB, onboard profiles, repositionable weights and more.","Current Price: Rs.8,540, Original Price: Rs.8,990",Logitech,,Black,,,"100 - 25,600 DPI",,6.89 ft,1 Year,,"G502 HERO features an advanced optical sensor for maximum tracking accuracy, customizable RGB lighting, custom game profiles, from 200 up to 25,600 DPI, and repositionable weights. HERO 25K SENSOR HERO 25K is our most accurate gaming sensor ever with next-gen precision and a ground-up architecture. With the fastest frame rate processing yet, HERO is capable of 400+ IPS across the 100 - 25,600 DPI range with zero smoothing, filtering or acceleration. HERO 25K achieves competition-level precision and the most consistent responsiveness ever. Be sure to customize and tune your DPI settings using Logitech G HUB. CARBON CLARITY We believe carbon is the new calorie - everyone should know what they're consuming. The carbon footprint of this product, in kg CO2e, is shown here. We're working hard to reduce it, and we have offset our residual carbon impact to zero by supporting forestry, renewables and climate-impacted communities. 11 PROGRAMMABLE BUTTONS Use Logitech G HUB to program your favorite commands and macros to each of the 11 buttons. Build, crouch, melee, heal … put your power moves at your fingertips. Save ready-to-play profiles directly to the mouse to take your settings with you anywhere. ON-THE-FLY DPI Cycle up and down through as many as five DPI settings with a single click. Three DPI indicator lights tell you which setting you are on. Customize these DPI settings with Logitech G HUB or use the default settings out-of-the-box. DPI SHIFT BUTTON Add even more control to your game with quick DPI shifting from high to low sensitivity. Conveniently placed on the left side of the mouse, hold the DPI Shift button down to quickly transition to sniper-precision targeting. Customize the DPI Shift sensitivity in G HUB or change it to execute another function entirely. ONBOARD MEMORY Use Logitech G HUB to save your settings to the on board memory on the mouse and take them with you. Your saved settings will work on any PC without additional software or any login required. DUAL-MODE HYPER-FAST SCROLL WHEEL Unlock the scroll wheel for hyper-fast continuous scrolling to spin quickly through long pages, or lock it down for single click precision scrolling. The weighty, metal wheel delivers confident, smooth and satisfying control for either mode. TUNABLE WEIGHT Fine tune mouse feel and glide to your advantage. Five 3.6g weights come with G502 HERO and are configurable in a variety of front, rear, left, right and center weighted configurations. Experiment with the alignment and balance to find the sweet spot to optimize your gaming performance. LIGHTSYNC RGB LIGHTSYNC technology is next generation RGB that can be driven by games, audio, or your screen to deliver the most immersive RGB experience ever. Select from a full spectrum of approximately 16.8 million colors and synchronize lighting animations and effects with your other Logitech G devices. Customize it all quickly and easily using Logitech G HUB. GAME READY DETAILS In addition to the core performance and personalization features, many details were thoughtfully engineered and designed. Look for primary buttons with mechanical switches, rubberized side grips, magnetic weight-cavity door, and more.",Logitech G502 HERO High Performance Gaming Mouse,Mouse,Optical,11 Programable,121 g,N/a,,,,,,,,,,,,,,,,,,,,,
logitech-m196-reliable-wireless-bluetooth-mouse-with-comfortable-shape.html,https://www.neostore.com.np/assets/uploads/M196_3.jpg,https://www.neostore.com.np/assets/uploads/M196_4.jpg,https://www.neostore.com.np/assets/uploads/M196_5.jpg,https://www.neostore.com.np/assets/uploads/M196_3.jpg,Logitech M196 Reliable Wireless Bluetooth Mouse With Comfortable Shape,"Meet M196, the reliable Bluetooth mouse that frees up your workspace, connects in seconds, and is durably made with recycled plastic. The compact, contoured shape design and 12 months of battery life, let you focus on what you do best.","Current Price: Rs., Original Price: Rs.",Logitech,M196  Wireless Mouse,Off White & Pink,Bluetooth Low Energy Technology,Off-white and Rose plastics: 66% post-consumer recycled material,upto 1000 DPI,60 mm x 38 mm x 100 mm,n/a,1 Year,," Wireless, comfortable, easy Meet M196, the reliable Bluetooth® mouse that frees up your workspace, connects in seconds, and is durably made with recycled plastic. The compact, contoured shape design and 12 months of battery life, let you focus on what you do best.  Pair In Seconds With Bluetooth M196 connects in seconds with a reliable pair and play Bluetooth® connection—no dongle or port required.  Comfortable Shape, Compact Design It’s comfortable and mobile mouse shape is small enough to toss in a bag and the ambidextrous design guides either hand into a natural position.  Made With Recycled Plastic. Made to Last. Plastic parts in M196 mouse include certified post-consumer recycled plastic (67% for Graphite, and 66% Off-white and Rose).  Easy Navigation, Precise Control Thanks to controlled line-by-line scrolling and optical tracking, M196 has smooth and accurate cursor control on almost any surface.  Quality You Can Rely on 12-month battery life and auto sleep help you go longer between AA battery changes.",,,,,,,,,,,,,,,,,,,,,,,,,,,
logitech-m90-optical-usb-mouse.html,https://www.neostore.com.np/assets/uploads/m90_2.jpg,https://www.neostore.com.np/assets/uploads/m90.jpg,https://www.neostore.com.np/assets/uploads/M90_.jpg,https://www.neostore.com.np/assets/uploads/M90_2.jpg,Logitech M90 Optical USB Mouse,"Mouse, Ideal Fr: Desktop | Laptop Lifestyle: Everyday Use Connection Type: Wired Precise Optical Tracking Movement Resolution: 1000 DPI","Current Price: Rs.750, Original Price: Rs.790",Logitech,,Black,,,1000,,1.8m,1 Year,,"Enjoy optimum level controls with the amazing functionality of the amazing Logitech Mouse M90. The mouse is extremely easy to set up and does not require any installation of software. The wired mouse can simply be plugged into the USB port for you to enjoy complete control over all your work. The mouse allows you to enjoy responsive control due to its high-definition optical tracking feature. The mouse gives you smooth movement with and without a mouse pad while the brilliant durable design of the mouse is designed to fit right into your hands to provide long and comfortable usage durations. Smooth Functionality Enjoy high responsiveness and precise control as the Logitech Mouse M90 comes with a high-definition optical tracking system that allows you to have complete control over your work and other important online activities. The mouse just needs to be plugged into a USB port and does not require additional software to be installed. The mouse is so responsive that you get equally amazing functionality with or without a mouse pad. Durability Guaranteed Apart from providing amazing functionality, the Logitech Mouse M90 comes with a very smart and durable design making it ideal for everyday use. The ambidextrous design fits right into your hands so that you can use it comfortably for hours without feeling any strain on your hand. The high-quality materials used to build the mouse make it an ideal option for everyday regular users.",Logitech M90 Optical USB Mouse,Mouse,Optical,3,.090kg,N/a,,,,,,,,,,,,,,,,,,,,,
logitech-wireless-mini-mouse-m187.html,https://www.neostore.com.np/assets/uploads/logitech_m187_blue_2.jpg,https://www.neostore.com.np/assets/uploads/logitech_m187_blue_.jpg,https://www.neostore.com.np/assets/uploads/logitech_m187_blue_4.jpg,https://www.neostore.com.np/assets/uploads/logitech_m187_blue_3.jpg,Logitech Wireless Mini Mouse M187,"Logitech's M187 Wireless Ultra Portable Mouse is a small mouse with built-in 2.4 GHz wireless connectivity and a tiny receiver. It may be conveniently stored in your backpack or even your pocket, allowing you to take it with you on the go. Furthermore, its receiver is small enough that you can leave it connected to your system without fear of it being lost or broken. A single AAA battery powers the M187 mouse, which can last up to six months depending on usage.","Current Price: Rs., Original Price: Rs.",,,,,,,,,1 Year,,"Say Goodbye To Those Bulky Mouse In Your Bag With Logitech's Wireless Mini Mouse M187 Logitech M187 Ultra Portable Wireless Mouse is a wireless mouse from Logitech. It is pocket-friendly, extra-small size, you can take it everywhere you go with your laptop. In addition, the configuration is straightforward. You can simply connect the nano receiver to your mouse and begin using it. With more precision and power than your laptop's touchpad, you'll enjoy the freedom of wireless. Extra-Small Shape, Goes Wherever You Go You can take the Logitech M187 Wireless Mouse with you wherever you go because of its pocket-friendly, extra-small design. Reliable Wireless Connection Leave the wires behind and experience the flexibility and convenience of wireless data transmission with virtually no delays or dropouts. (up to a distance of ten meters) Tiny Nano receiver The nano receiver is so small that it stays in your USB port—without the worry of losing or breaking it. If you do need to remove it can be easily stored inside the mouse. Logitech Reliability You get the high quality and reliability that have made Logitech the global leader for mice additionally a one-year limited hardware warranty. Works On All Operating Systems Logitech M187 wireless mouse works with Windows®, Mac, Chrome® as well as Linux® OS. No matter what type of computer you own today—or buy tomorrow—you can depend on your mouse to work as you expect. ",,,,,1.8 g,,,,,,,,,,14.4 mm x 18.7 mm x 6.1 mm,,10 meters,1000,USB receiver,3,Yes,,,,,,
logitech-wireless-mouse-b170.html,https://www.neostore.com.np/assets/uploads/uploads/2021/03/logitech_0038_B170.jpg,https://www.neostore.com.np/assets/uploads/uploads/2021/03/logitech_0039_B170-1.jpg,https://www.neostore.com.np/assets/uploads/uploads/2021/03/logitech_0040_B170-2.jpg,https://www.neostore.com.np/assets/uploads/uploads/2021/03/logitech_0041_b170-3.jpg,Logitech Wireless Mouse B170,"The Logitech B170 is an affordable wireless mouse with reliable connectivity, 12 months battery life and modern design. This wireless mouse offers an excellent 10 meters reliable wireless range along with 1000 dpi. You can easily pair it with your system by just plugging in a tiny wireless receiver into the USB slot. This wireless mouse works on the latest 2.4 GHz wireless technology and offers universal compatibility with Windows, Mac OS and Chrome OS. Battery Type: AA+.","Current Price: Rs.1,685, Original Price: Rs.1,775",,,,,,1000,,,1  Year,,"RELIABLE WIRELESS CONNECTION Maximum wireless freedom of 10 meters3Wireless range may vary depending on environmental and computing conditions. With a powerful and reliable USB receiver. That is, there is no pause, without interruption. The B170 is compatible with Windows ®, macOS, Chrome OS TM, and Linux ®, and is immediately usable the moment you plug the USB receiver into your computer or laptop. 12-MONTH BATTERY LIFE Power stays up and ready for action even on the move. Thanks to energy-efficient engineering, you can work for a maximum of one year before changing the battery4Battery life may vary based on usage and computing conditions. Plus, the B170 automatically switches off when not in use. CONVENIENT SHAPE. MOBILE SIZE. The compact B170 wireless has a clever design to fit in a laptop bag so you can work anywhere, whether you're right-handed or left-handed. EASY NAVIGATION, SEAMLESS CONTROLS Easy navigation thanks to optical tracking and controlled line-by-line scrolling. The optical sensor provides smooth, precise cursor control on nearly any surface. This means accurate mouse movement without the hassle of occasional missed clicks. Package Contents",,,,,73 g,,,,,,,,,,2.4 x 3.9 x 1.4 inches,,,,,,,USB Receiver,10m,2.4 GHz wireless,,,
logitech-wireless-mouse-b175-black.html,https://www.neostore.com.np/assets/uploads/uploads/2020/08/205.jpg,https://www.neostore.com.np/assets/uploads/b175_.jpg,https://www.neostore.com.np/assets/uploads/b175_2.jpg,https://www.neostore.com.np/assets/uploads/uploads/2020/08/205.jpg,Logitech Wireless Mouse B175 BLACK,2.4Ghz Wireless Mouse Portable nano receiver can be contained mouse body easily Plug and play (no driver or software needed) Compact and simple Up to 1-year battery life for 1 AA battery,"Current Price: Rs.1,690, Original Price: Rs.1,780",,,,,,,,,1 Year Warranty,,"If you are looking for a smart and durable computer accessory for your new PC, then get the exclusive Logitech B175 Wireless Mouse for yourself. If will work fine even if you plug it to your laptop or PC and leave it for hours. It has a long life and therefore you won’t have to look for a replacement anytime soon. This one is crafted with superior plastic that adds to the robustness of the product. It is rustproof and corrosion-resistant. This Logitech Mouse comes with an ultra-compact receiver that works great with Mac and Windows operating systems. Featuring smart power-saving sleep mode will prevent the unnecessary wastage of energy when the device is not in use. By inserting a tiny wireless receiver, you can get reliable performance. The manufacturer assures you of the fact that there will be no delay or missing of data. This one comes with a massive life of 12 months. In the case of the battery malfunctions, you can replace it with a new battery and it will work fine. It weighs a mere 100gm and has a dimension of 13.4x4.2x8.8cm. Therefore, it is a portable charger and due to its compact design, it won’t consume much of space. This one comes with a one-year warranty that is valid from the date of purchase. Shop online for this today and experience the difference that it brings with it.",,,,,,,,,,,,Wired,-,Yes,,,,,,,,,,,,,
logitech-wireless-mouse-m171.html,https://www.neostore.com.np/assets/uploads/logitech_0029_M171-blue.jpg,https://www.neostore.com.np/assets/uploads/log.jpg,https://www.neostore.com.np/assets/uploads/logi1.jpg,https://www.neostore.com.np/assets/uploads/logi2.jpg,Logitech Wireless Mouse M171,PLUG & PLAY SIMPLICITY M171 is ready when you are. Simply plug the receiver into a USB port on your device to start working in seconds. The small size and smooth cursor control make it great for tight workspaces and busy desks. Enjoy the world of wireless!,"Current Price: Rs., Original Price: Rs.",,,,,,,,,1  Year,,"ANY HAND, ANYWHERE The compact, wireless M171 has a fully ambidextrous design that easily fits within your laptop bag, so you can get to work anywhere—whether you’re left- or right-handed. BETTER THAN A TOUCHPAD Using a mouse is more ergonomic than a touchpad4Logitech Ergonomic Lab study on 23 participants in (Oct / 2019) with two Logitech standard mice and two standard, embedded trackpads. The compact shape and wireless capability lets you work comfortably —at home, the office, or anywhere in between. EASY NAVIGATION, SMOOTH CONTROL Easy navigation thanks to a controlled line-by-line scrolling and optical tracking. The optical sensor gives you smooth and accurate cursor control on almost any surface. That means accurate mouse movements with no more annoying missed clicks. QUALITY YOU CAN RELY ON The mouse is built with the same high quality standards that have made Logitech the global leader for mice and keyboards. Retail channel only.. Durable and reliable, M171 also works up to 12 months3Battery life may vary based on use and computing conditions. without changing batteries thanks to the on/off switch button and auto-sleep power-saving mode.",,,,,70.5g,,,,,,,,,,6.15 x 35.2 x 97.7 cm,,,,,,,Wireless,10m,2.4 GHz wireless,1 x AA,,
logitech-wireless-mouse-m185.html,https://www.neostore.com.np/assets/uploads/uploads/2021/03/logitech_0027_M185.jpg,https://www.neostore.com.np/assets/uploads/uploads/2021/03/logitech_0023_M185-3.jpg,https://www.neostore.com.np/assets/uploads/uploads/2021/03/logitech_0024_M185-2.jpg,https://www.neostore.com.np/assets/uploads/uploads/2021/03/logitech_0026_M185-0.jpg,Logitech Wireless Mouse M185,M185 is ready when you are. Simply plug the receiver into a USB port on your device to start working in seconds. The small size and smooth cursor control make it great for tight workspaces and busy desks.,"Current Price: Rs.2,140, Original Price: Rs.2,250",,M185,,,,(Min/Max): 1000±,,,1 Year,,"Logitech M185 Wireless Mouse For Smooth Control COMFORTABLE SHAPE, COMPACT DESIGN With a comfortable, contoured design that mimics the natural curvature of your hand, you can stay productive for longer. The mouse is small and wireless, and it fits conveniently in a bag with your laptop, allowing you to work from anywhere. Both left and right-handed users will find the Logitech M185 Wireless mouse to be equally comfortable. EASY NAVIGATION, PRECISE CONTROL For better navigation, Logitech M185 Mouse offers a regulated line-by-line scrolling experience. No more unpleasant missed clicks. The optical sensor allows you to trace your mouse with smooth and precise control on nearly any surface. QUALITY YOU CAN RELY ON Based on third-party sales data. Only available through the retail channel. Logitech M185 mouse is a long-lasting and dependable product that can last up to a year where the battery life will vary depending on how you use it and what you're doing with it. The on/off switch button and auto-sleep power-saving mode eliminate the need for batteries. PLUG & PLAY SIMPLICITY When you link the USB receiver into your PC or laptop it is ready to use. M185 is compatible with Windows®, macOS, Chrome OSTM, and Linux®. Within a range of up to 10 meters, the receiver also provides a strong, stable connection. COMPLETE TASKS FASTER You'll be able to get more work done on your laptop with the Logitech M185 mouse which is based on the averaged movement time for all devices in the research, in bits/second.",,Wireless  Mouse,,3,75.2g with batteries,,,,,,,,,,,,10 m,,,,,,,,,99m x 60mm x 39mm,2.4 GHz wireless
logitech-wireless-silent-mouse-m221.html,https://www.neostore.com.np/assets/uploads/uploads/2021/03/logitech_0018_M221-1.jpg,https://www.neostore.com.np/assets/uploads/uploads/2021/03/logitech_0019_M221.jpg,https://www.neostore.com.np/assets/uploads/uploads/2021/03/logitech_0018_M221-1.jpg,https://www.neostore.com.np/assets/uploads/uploads/2021/03/logitech_0019_M221.jpg,Logitech Wireless Silent Mouse M221,"The Logitech M221 redefines ""quiet as a mouse"". Experience the same click feel as a standard mouse but with almost no click sound. Feet made of high-performance material and a rubber scroll wheel help to minimize distractions and maximize productivity for you and those around you. The M220 allows your family to keep right on sleeping and your officemates to keep right on working. With its compact, ambidextrous design, you’ll be a silent hero everywhere you go. Sound level comparison between M221 SILENT and Logitech M170. Measured by an independent lab and verified by Quiet Mark.","Current Price: Rs.2,450, Original Price: Rs.2,575",,,,,,1000±,,,1  Year,,"With Logitech M221 Wireless Mouse, you can complete all of your tasks without missing a beat or causing any disruption to people around you. Silent Mice feature the same click feel as regular mice, but without the click noise — a noise reduction of over 90%. Long-lasting, high-performance feet glide silently on the desktop. Silent mouse reduces noise pollution while also protecting people's health and productivity. Make this your final annoyance-inducing click. Less Noise, More Focus Stay focused on your work without being distracted by clicking noise. When comparing the Logitech M221 with Logitech M170, Logitech's SilentTouch Technology reduces sound levels by almost 90%. An independent lab tested the left click dBA at 1m. of clicking sounds, all while ensuring the mouse functions optimally. That is, you may feel each and every click yet hear almost nothing. Comfortable Shape Comfortable, contoured design that mimics the natural curvature of your hand so that you can stay productive for longer. The mouse is small and wireless, and it fits conveniently in a bag with your laptop, allowing you to work from anywhere. Easy Navigation, Precise Control A controlled line-by-line scrolling experience makes navigation easier. The optical sensor allows you to track with smooth and accurate cursor control on practically any surface, eliminating bothersome missed clicks. Quality You Can Rely On The mouse is made to the same high standards that have established Logitech the world's leading mouse and keyboard manufacturer. Logitech M221 Wireless Mouse is a long-lasting and dependable product that can last up to 18 months. Battery life will vary depending on how you use it and what you're doing with it. The on/off switch button and auto-sleep power-saving mode eliminate the need for batteries.",,,,,1.8 g,,,,,,,,,,99 mm x 60 mm x 39 mm,,,,,,,Wireless,10m,2.4 GHz wireless,,,
micropack-gm-07-rgb-professional-gaming-mouse.html,https://www.neostore.com.np/assets/uploads/GM-07_3.jpg,https://www.neostore.com.np/assets/uploads/GM-07_.jpg,https://www.neostore.com.np/assets/uploads/GM-07_2.jpg,https://www.neostore.com.np/assets/uploads/GM-07_3.jpg,Micropack GM-07 RGB Professional Gaming Mouse,"- Newest optical sensor
- 3D Buttons
- Real 1000 DPI
- 5 million times switch life","Current Price: Rs.2,840, Original Price: Rs.",Micropack,,Black,,,1600-2400-3200-6000-12000,,1.4m,1 Year,,"PROFESSIONAL GAMING OPTICAL SENSOR WITH PRECISE TRACKING: Pixart 3327
High sensitivity optical sensor to improve tracking accuracy
1600-3200-6000-12000 DPI ( DPI SWITCH)
Adjustable resolution from 1600-3200-6000-12000 DPI
7 BUTTONS
Numbers of buttons: 7 (left key, right key, scroll, DPI +，DPI -, forward, backward)
10 MILLIONS KEY LIFE
Rated over 10 million clicks, ensure reliable durability.
5-PROFESSIONAL GAMING BRAIDED CABLE
More reliable durability.
11 MODES LIGHT EFFECT
Cool shape with 11 different modes light effect
WITH MACRO FUNCTION & CUSTOMIZED SOFTWARE
It is perfect for playing games with the macro function and customized software that can be adjusted to your preferences.",Micropack GM-07 RGB Professional Gaming Mouse,Gaming Mouse,Optical,7 Buttons,n/a,n/a,,,,,,,,,,,,,,,,,,,,,
rapoo-3100p-wireless-optical-mouse.html,https://www.neostore.com.np/assets/uploads/uploads/2020/08/90.jpg,https://www.neostore.com.np/assets/uploads/product_image_guideline.jpg,https://www.neostore.com.np/assets/uploads/uploads/2020/08/90.jpg,https://www.neostore.com.np/assets/uploads/product_image_guideline.jpg,Rapoo 3100P Wireless Optical Mouse,"Rapoo 3100P Wireless Optical Mouse-Blue is a wireless optical mouse, which adopts 5GHz wireless transmission far away from the interference of 2.4 GHz wireless, Bluetooth and Wi-Fi devices. With Rapoo's latest energy saving technology and power switch, you can use your mouse without power interruption for up to 18 months.","Current Price: Rs.1,785, Original Price: Rs.2,550",,,,,,,,,1 Year Warranty,,"Small and compact! Rapoo 3100P Wireless Optical Mouse Thanks to its sleek and symmetrical design, the Rapoo 3100P Wireless Optical Mouse is the perfect ergonomic fit for both left- and right-handed use. Even in intense conditions and long usage, the rubberized grips on the sides ensure optimum control. The 5 GHz standard not only provides interference-free transmission but also offers a battery life of up to 9 months when combined with Rapoo's latest energy-saving technology thus saving you the hassle of having to replace batteries time and again. Reliable 5GHz wireless connection By using the second-generation 5G wireless transmission technology and staying away from the 2.4G wireless channel, interference from Bluetooth and Wi-Fi equipment is ignored. Up to 9-month battery life With Rapoo's latest energy-saving technology and power switch, you can use your mouse without power interruption for up to 9 months thus making Rapoo 3100P Wireless Optical Mouse power efficient. 1000 DPI high-definition tracking engine With Rapoo 3100P, You'll enjoy responsive and smooth cursor control. So, with the 1000 DPI high-definition optical tracking engine. Easy Plug and play With Rapoo 3100P Wireless Optical Mouse, you can easily start using your mouse out of the box thanks to the easy plug and play feature, thus avoiding unnecessary driver installation. Plug-and-forget The small nano receiver can be easily left inside the USB port thus avoiding the risk of losing the receiver. Features General Info System Requirements Box Contains",,,,,,,,,,,,Nano receiver,Wireless,Yes,,,,,,,,,,,,,
rapoo-v16-gaming-mouse.html,https://www.neostore.com.np/assets/uploads/uploads/2020/08/83.jpg,https://www.neostore.com.np/assets/uploads/v16_2.jpg,https://www.neostore.com.np/assets/uploads/v16.jpg,https://www.neostore.com.np/assets/uploads/uploads/2020/08/83.jpg,Rapoo V16 Gaming Mouse,"RAPOO V16 Game Mouse The V16 is a neat gaming mouse with a simple and stylish design. You can set up 5 main buttons for any purpose, as well as a high-performance adjustable sensor in 2000 DPI. The ergonomic shape ensures that the mouse will be comfortable to hold in any hand. Thanks to the high-quality design and finish, the durability of the mouse is guaranteed. With V16, you win victory after victory without extra effort.","Current Price: Rs.1,365, Original Price: Rs.1,950",,,,,,,,,1 Year Warranty,,"Rapoo V16 Game Mouse is a stylish gaming mouse with a simple design. Because of its ergonomic shape, you will be able to maintain a strong grasp on it and play for longer periods of time, and it is suitable for both left and right-handed use. Durability The high-quality construction and finish ensure long-term durability. So with the Rapoo V16 Game mouse, you will accomplish victory after success since it is indestructible and has no gimmicks. Ergonomic design Designed for ambidextrous use, this gaming mouse prevents unnecessary strain on your hand to enable comfortable grip and pleasant use even during your longest games. You may set a wide range of functions and patterns to your Rapoo V16's 5 individually customizable buttons. Adjustable high-definition tracking engine The DPI can be changed to ensure exact tracking. So, in a matter of seconds, you can change the DPI to 750, 1350, or 2000. Cool breathing backlight The sleek form is complemented by a breathing light with cyclical variations, giving this gaming mouse a beautiful finish with a simple yet eye-catching visual impact. Onboard memory, save and play Built-in memory to save the mouse configuration in the game mode. So, you can play the way you want it, on any computer without the help of any software. High-Resolution Adjustable Motion Tracking System Set a low resolution (DPI) for accurate movement and a high resolution (DPI) for speed. In addition, you may also switch between resolutions in a matter of seconds. Easy installation The gadget does not require a driver. So, you can simply connect it to the computer and it is ready to use. Compatibility: Dimensions:",,,,,,,,,,,,USB wired,-,Yes,,,,,,,,,,,,,
rapoo-v20s-optical-gaming-mouse.html,https://www.neostore.com.np/assets/uploads/uploads/2020/08/74.jpg,https://www.neostore.com.np/assets/uploads/v20.jpg,https://www.neostore.com.np/assets/uploads/v20_2.jpg,https://www.neostore.com.np/assets/uploads/uploads/2020/08/74.jpg,Rapoo V20S Optical Gaming Mouse,"Ergonomic design Designed for ambidextrous use, this mouse prevents unnecessary strain on your hand to enable comfortable grip and pleasant use even during your longest games. Confidence is good, control is better: Your V20S offers you 5 individually customizable buttons to which you can assign a wide range of functions and macros.","Current Price: Rs.2,575, Original Price: Rs.3,675",,,,,,,,,1 Year Warranty,,"Accurate navigation Rapoo V20S Optical Gaming Mouse is a professional gaming optical engine with an image-processing rate of 6400 FPS, 60 inch/s tracking speed, and up to 1000 Hz USB report rate, ensuring perfectly accurate tracking. Adjustable real-time DPI button You can adjust 3 DPI values from 500/750/1000/1250/1500/1750/2000/3000, which is up to 3000DPI. Rapoo V20S Optical Gaming Mouse can meet the accuracy of different screens. Onboard memory, save and play Built-in memory to save the mouse configuration (macro, DPI setting, and breathing light mode) in the game mode. You can play the way you want it, on any computer without the help of any software. LED Multi-color light system with 16 million colors What does it do? It turns blue, green, or... Your V20S has an LED multi-color light system, which lets you customize the appearance of your mouse in many ways as well as to suit your preferences. The V20S features an APM-lighting mode that reflects your actions per minute with a spectacular light show.",,,,,,,,,,,,-,-,Yes,,,,,,,,,,,,,
rapoo-v26s-optical-gaming-mouse.html,https://www.neostore.com.np/assets/uploads/uploads/2020/08/75.jpg,https://www.neostore.com.np/assets/uploads/v26.jpg,https://www.neostore.com.np/assets/uploads/v26_2.jpg,https://www.neostore.com.np/assets/uploads/uploads/2020/08/75.jpg,Rapoo V26S Optical Gaming Mouse,"Rapoo V26S Optical Gaming Mouse is ergonomically designed and perfectly fits your hand. It prevents unnecessary strain on your hand to enable comfortable grip and pleasant use even during your longest games. Confidence is good, control is better: Your V26S offers you 5 individually customizable buttons to which you can assign a wide range of functions and macros.","Current Price: Rs., Original Price: Rs.",,,,,,,,,1 Year Warranty,,"Enjoy a smooth gaming experience with Rapoo V26S Optical Gaming Mouse! This Rapoo V26S Optical Gaming Mouse is responsive and smooth thus making your gaming sessions more enjoyable. Ergonomic design with streamlined shape fits comfortably in your hand and prevents any strain even after continuous hours of gaming. This V26S wired mouse has five individually configurable buttons and an LED Multicolor Light System to add to the intensity of your gaming experience! Ergonomic design Hard scrub grip, designed to fit the palm of the hand thus maximizing the gaming experience. Speed adjustment settings You can adjust 7 DPI values from 500/750/1000/1250/1500/2000/2500/3000/3250/3500/4000/5000/6000, which goes up to 7000 DPI. Onboard memory, ready to use The built-in memory can save the mouse configuration (macro, DPI settings, and breathing light lighting mode) in-game mode. You can switch between 7 groups of configuration files to open the working mode you expect. Original phase 3320 optical engine The original phase 3320 professional game sensor built-in Rapoo V26S Optical Gaming Mouse gives you the moment of precise control. 16.8 million color smart close to induction breathing lamp 16.8 million color intelligent sensing RGB illusion breathing light, automatic lighting near the light, color and lighting mode can be adjusted by driving, five lighting modes, static illusion mode, dynamic illusion mode, APM breathing mode, spectral cycle mode, Close to induction mode, gameplay upgrade Features:",,,,,,,,,,,,USB Wired,1.8m,Yes,,,,,,,,,,,,,
satechi-m1-bluetooth-wireless-mouse.html,https://www.neostore.com.np/assets/uploads/silver_4.jpg,https://www.neostore.com.np/assets/uploads/silver_1.jpg,https://www.neostore.com.np/assets/uploads/silver_2.jpg,https://www.neostore.com.np/assets/uploads/silver_41.jpg,Satechi M1 Bluetooth Wireless Mouse,"Model Code: ST-ABTCM, ST-ABTCMM, ST-ANTCMS  Complete your desktop with the Satechi M1 Bluetooth Mouse, featuring Bluetooth 5.0 connection, rechargeable Type-C port and modern, ergonomic design. Seamlessly connect to your favorite Bluetooth-enabled device for wireless control of your desktop or laptop, with a range of up to 32 ft.","Current Price: Rs., Original Price: Rs.",Satechi,M1 Bluetooth Wireless Mouse,"Gold, Grey and Silver","Bluetooth 4.0, USB-C",Aluminium Finish,upto 1200 DPI,4.37 x 2.25 x 1.25 inche,n/a,1 Year,," Bluetooth 5.0 Easily connect to almost any Bluetooth-enabled device for wireless navigation control – up to 32 feet away. Simply pair your M1 Mouse with a Mac or Windows OS device and glide away. Fast and Precise Features optical sensors for precise tracking and fast scrolling when browsing the web, working or data entry. With soft touch navigation buttons and aluminum scroll wheel, the M1 Mouse becomes a natural extension of your Bluetooth device. Rechargeable Equipped with a convenient Type-C recharging port, the M1 Mouse eliminates the need for single-use batteries and quickly charges to reduce downtime. Includes Type-C to Type-C charging cable. Ergonomic Design Its curved, ergonomic design fits comfortably in the palm of your hand and is ideal for both left- and right-hand users. The M1 Mouse features a brushed aluminum finish to complete your modern desk setup. ",,,,,,,,,,,,,,,,,,,,,,,,,,,
